# Generated by tools/generate_turbine_assets.py
mtllib waterturbine:models/block/turbine.mtl
vt 0.25 0.25
vt 0.75 0.25
vt 0.75 0.75
vt 0.25 0.75
usemtl white
v 0.500000 0.500000 0.150000
v 0.606400 0.360000 0.150000
v 0.393600 0.360000 0.150000
vn 0.000000 -0.000000 -1.000000
f 1/1/1 2/2/1 3/3/1
usemtl white
v 0.500000 0.500000 0.150000
v 0.640000 0.393600 0.150000
v 0.606400 0.360000 0.150000
vn 0.000000 0.000000 -1.000000
f 4/1/2 5/2/2 6/3/2
usemtl white
v 0.500000 0.500000 0.150000
v 0.640000 0.606400 0.150000
v 0.640000 0.393600 0.150000
vn 0.000000 0.000000 -1.000000
f 7/1/3 8/2/3 9/3/3
usemtl white
v 0.500000 0.500000 0.150000
v 0.606400 0.640000 0.150000
v 0.640000 0.606400 0.150000
vn 0.000000 0.000000 -1.000000
f 10/1/4 11/2/4 12/3/4
usemtl white
v 0.500000 0.500000 0.150000
v 0.393600 0.640000 0.150000
v 0.606400 0.640000 0.150000
vn 0.000000 0.000000 -1.000000
f 13/1/5 14/2/5 15/3/5
usemtl white
v 0.500000 0.500000 0.150000
v 0.360000 0.606400 0.150000
v 0.393600 0.640000 0.150000
vn 0.000000 0.000000 -1.000000
f 16/1/6 17/2/6 18/3/6
usemtl white
v 0.500000 0.500000 0.150000
v 0.360000 0.393600 0.150000
v 0.360000 0.606400 0.150000
vn -0.000000 0.000000 -1.000000
f 19/1/7 20/2/7 21/3/7
usemtl white
v 0.500000 0.500000 0.150000
v 0.393600 0.360000 0.150000
v 0.360000 0.393600 0.150000
vn 0.000000 0.000000 -1.000000
f 22/1/8 23/2/8 24/3/8
usemtl white
v 0.393600 0.360000 0.150000
v 0.606400 0.360000 0.150000
v 0.690000 0.250000 0.220000
v 0.310000 0.250000 0.220000
vn 0.000000 -0.536875 -0.843661
f 25/1/9 26/2/9 27/3/9 28/4/9
usemtl white
v 0.606400 0.360000 0.150000
v 0.640000 0.393600 0.150000
v 0.750000 0.310000 0.220000
v 0.690000 0.250000 0.220000
vn 0.321925 -0.321925 -0.890353
f 29/1/10 30/2/10 31/3/10 32/4/10
usemtl white
v 0.640000 0.393600 0.150000
v 0.640000 0.606400 0.150000
v 0.750000 0.690000 0.220000
v 0.750000 0.310000 0.220000
vn 0.536875 0.000000 -0.843661
f 33/1/11 34/2/11 35/3/11 36/4/11
usemtl white
v 0.640000 0.606400 0.150000
v 0.606400 0.640000 0.150000
v 0.690000 0.750000 0.220000
v 0.750000 0.690000 0.220000
vn 0.321925 0.321925 -0.890353
f 37/1/12 38/2/12 39/3/12 40/4/12
usemtl white
v 0.606400 0.640000 0.150000
v 0.393600 0.640000 0.150000
v 0.310000 0.750000 0.220000
v 0.690000 0.750000 0.220000
vn 0.000000 0.536875 -0.843661
f 41/1/13 42/2/13 43/3/13 44/4/13
usemtl white
v 0.393600 0.640000 0.150000
v 0.360000 0.606400 0.150000
v 0.250000 0.690000 0.220000
v 0.310000 0.750000 0.220000
vn -0.321925 0.321925 -0.890353
f 45/1/14 46/2/14 47/3/14 48/4/14
usemtl white
v 0.360000 0.606400 0.150000
v 0.360000 0.393600 0.150000
v 0.250000 0.310000 0.220000
v 0.250000 0.690000 0.220000
vn -0.536875 -0.000000 -0.843661
f 49/1/15 50/2/15 51/3/15 52/4/15
usemtl white
v 0.360000 0.393600 0.150000
v 0.393600 0.360000 0.150000
v 0.310000 0.250000 0.220000
v 0.250000 0.310000 0.220000
vn -0.321925 -0.321925 -0.890353
f 53/1/16 54/2/16 55/3/16 56/4/16
usemtl white
v 0.310000 0.250000 0.220000
v 0.690000 0.250000 0.220000
v 0.720400 0.210000 0.280000
v 0.279600 0.210000 0.280000
vn 0.000000 -0.832050 -0.554700
f 57/1/17 58/2/17 59/3/17 60/4/17
usemtl white
v 0.690000 0.250000 0.220000
v 0.750000 0.310000 0.220000
v 0.790000 0.279600 0.280000
v 0.720400 0.210000 0.280000
vn 0.544193 -0.544193 -0.638520
f 61/1/18 62/2/18 63/3/18 64/4/18
usemtl white
v 0.750000 0.310000 0.220000
v 0.750000 0.690000 0.220000
v 0.790000 0.720400 0.280000
v 0.790000 0.279600 0.280000
vn 0.832050 0.000000 -0.554700
f 65/1/19 66/2/19 67/3/19 68/4/19
usemtl white
v 0.750000 0.690000 0.220000
v 0.690000 0.750000 0.220000
v 0.720400 0.790000 0.280000
v 0.790000 0.720400 0.280000
vn 0.544193 0.544193 -0.638520
f 69/1/20 70/2/20 71/3/20 72/4/20
usemtl white
v 0.690000 0.750000 0.220000
v 0.310000 0.750000 0.220000
v 0.279600 0.790000 0.280000
v 0.720400 0.790000 0.280000
vn 0.000000 0.832050 -0.554700
f 73/1/21 74/2/21 75/3/21 76/4/21
usemtl white
v 0.310000 0.750000 0.220000
v 0.250000 0.690000 0.220000
v 0.210000 0.720400 0.280000
v 0.279600 0.790000 0.280000
vn -0.544193 0.544193 -0.638520
f 77/1/22 78/2/22 79/3/22 80/4/22
usemtl white
v 0.250000 0.690000 0.220000
v 0.250000 0.310000 0.220000
v 0.210000 0.279600 0.280000
v 0.210000 0.720400 0.280000
vn -0.832050 -0.000000 -0.554700
f 81/1/23 82/2/23 83/3/23 84/4/23
usemtl white
v 0.250000 0.310000 0.220000
v 0.310000 0.250000 0.220000
v 0.279600 0.210000 0.280000
v 0.210000 0.279600 0.280000
vn -0.544193 -0.544193 -0.638520
f 85/1/24 86/2/24 87/3/24 88/4/24
usemtl white
v 0.279600 0.210000 0.280000
v 0.720400 0.210000 0.280000
v 0.720400 0.210000 0.530000
v 0.279600 0.210000 0.530000
vn 0.000000 -1.000000 0.000000
f 89/1/25 90/2/25 91/3/25 92/4/25
usemtl white
v 0.720400 0.210000 0.280000
v 0.790000 0.279600 0.280000
v 0.790000 0.279600 0.530000
v 0.720400 0.210000 0.530000
vn 0.707107 -0.707107 0.000000
f 93/1/26 94/2/26 95/3/26 96/4/26
usemtl white
v 0.790000 0.279600 0.280000
v 0.790000 0.720400 0.280000
v 0.790000 0.720400 0.530000
v 0.790000 0.279600 0.530000
vn 1.000000 0.000000 0.000000
f 97/1/27 98/2/27 99/3/27 100/4/27
usemtl white
v 0.790000 0.720400 0.280000
v 0.720400 0.790000 0.280000
v 0.720400 0.790000 0.530000
v 0.790000 0.720400 0.530000
vn 0.707107 0.707107 0.000000
f 101/1/28 102/2/28 103/3/28 104/4/28
usemtl white
v 0.720400 0.790000 0.280000
v 0.279600 0.790000 0.280000
v 0.279600 0.790000 0.530000
v 0.720400 0.790000 0.530000
vn 0.000000 1.000000 0.000000
f 105/1/29 106/2/29 107/3/29 108/4/29
usemtl white
v 0.279600 0.790000 0.280000
v 0.210000 0.720400 0.280000
v 0.210000 0.720400 0.530000
v 0.279600 0.790000 0.530000
vn -0.707107 0.707107 0.000000
f 109/1/30 110/2/30 111/3/30 112/4/30
usemtl white
v 0.210000 0.720400 0.280000
v 0.210000 0.279600 0.280000
v 0.210000 0.279600 0.530000
v 0.210000 0.720400 0.530000
vn -1.000000 0.000000 0.000000
f 113/1/31 114/2/31 115/3/31 116/4/31
usemtl white
v 0.210000 0.279600 0.280000
v 0.279600 0.210000 0.280000
v 0.279600 0.210000 0.530000
v 0.210000 0.279600 0.530000
vn -0.707107 -0.707107 0.000000
f 117/1/32 118/2/32 119/3/32 120/4/32
usemtl white
v 0.279600 0.210000 0.530000
v 0.720400 0.210000 0.530000
v 0.659600 0.290000 0.620000
v 0.340400 0.290000 0.620000
vn 0.000000 -0.747409 0.664364
f 121/1/33 122/2/33 123/3/33 124/4/33
usemtl white
v 0.720400 0.210000 0.530000
v 0.790000 0.279600 0.530000
v 0.710000 0.340400 0.620000
v 0.659600 0.290000 0.620000
vn 0.474179 -0.474179 0.741827
f 125/1/34 126/2/34 127/3/34 128/4/34
usemtl white
v 0.790000 0.279600 0.530000
v 0.790000 0.720400 0.530000
v 0.710000 0.659600 0.620000
v 0.710000 0.340400 0.620000
vn 0.747409 -0.000000 0.664364
f 129/1/35 130/2/35 131/3/35 132/4/35
usemtl white
v 0.790000 0.720400 0.530000
v 0.720400 0.790000 0.530000
v 0.659600 0.710000 0.620000
v 0.710000 0.659600 0.620000
vn 0.474179 0.474179 0.741827
f 133/1/36 134/2/36 135/3/36 136/4/36
usemtl white
v 0.720400 0.790000 0.530000
v 0.279600 0.790000 0.530000
v 0.340400 0.710000 0.620000
v 0.659600 0.710000 0.620000
vn 0.000000 0.747409 0.664364
f 137/1/37 138/2/37 139/3/37 140/4/37
usemtl white
v 0.279600 0.790000 0.530000
v 0.210000 0.720400 0.530000
v 0.290000 0.659600 0.620000
v 0.340400 0.710000 0.620000
vn -0.474179 0.474179 0.741827
f 141/1/38 142/2/38 143/3/38 144/4/38
usemtl white
v 0.210000 0.720400 0.530000
v 0.210000 0.279600 0.530000
v 0.290000 0.340400 0.620000
v 0.290000 0.659600 0.620000
vn -0.747409 0.000000 0.664364
f 145/1/39 146/2/39 147/3/39 148/4/39
usemtl white
v 0.210000 0.279600 0.530000
v 0.279600 0.210000 0.530000
v 0.340400 0.290000 0.620000
v 0.290000 0.340400 0.620000
vn -0.474179 -0.474179 0.741827
f 149/1/40 150/2/40 151/3/40 152/4/40
usemtl white
v 0.340400 0.290000 0.620000
v 0.659600 0.290000 0.620000
v 0.595000 0.375000 0.670000
v 0.405000 0.375000 0.670000
vn 0.000000 -0.507020 0.861934
f 153/1/41 154/2/41 155/3/41 156/4/41
usemtl white
v 0.659600 0.290000 0.620000
v 0.710000 0.340400 0.620000
v 0.625000 0.405000 0.670000
v 0.595000 0.375000 0.670000
vn 0.302170 -0.302170 0.904094
f 157/1/42 158/2/42 159/3/42 160/4/42
usemtl white
v 0.710000 0.340400 0.620000
v 0.710000 0.659600 0.620000
v 0.625000 0.595000 0.670000
v 0.625000 0.405000 0.670000
vn 0.507020 -0.000000 0.861934
f 161/1/43 162/2/43 163/3/43 164/4/43
usemtl white
v 0.710000 0.659600 0.620000
v 0.659600 0.710000 0.620000
v 0.595000 0.625000 0.670000
v 0.625000 0.595000 0.670000
vn 0.302170 0.302170 0.904094
f 165/1/44 166/2/44 167/3/44 168/4/44
usemtl white
v 0.659600 0.710000 0.620000
v 0.340400 0.710000 0.620000
v 0.405000 0.625000 0.670000
v 0.595000 0.625000 0.670000
vn 0.000000 0.507020 0.861934
f 169/1/45 170/2/45 171/3/45 172/4/45
usemtl white
v 0.340400 0.710000 0.620000
v 0.290000 0.659600 0.620000
v 0.375000 0.595000 0.670000
v 0.405000 0.625000 0.670000
vn -0.302170 0.302170 0.904094
f 173/1/46 174/2/46 175/3/46 176/4/46
usemtl white
v 0.290000 0.659600 0.620000
v 0.290000 0.340400 0.620000
v 0.375000 0.405000 0.670000
v 0.375000 0.595000 0.670000
vn -0.507020 0.000000 0.861934
f 177/1/47 178/2/47 179/3/47 180/4/47
usemtl white
v 0.290000 0.340400 0.620000
v 0.340400 0.290000 0.620000
v 0.405000 0.375000 0.670000
v 0.375000 0.405000 0.670000
vn -0.302170 -0.302170 0.904094
f 181/1/48 182/2/48 183/3/48 184/4/48
usemtl white
v 0.405000 0.375000 0.670000
v 0.595000 0.375000 0.670000
v 0.500000 0.500000 0.670000
vn 0.000000 0.000000 1.000000
f 185/1/49 186/2/49 187/3/49
usemtl white
v 0.595000 0.375000 0.670000
v 0.625000 0.405000 0.670000
v 0.500000 0.500000 0.670000
vn 0.000000 -0.000000 1.000000
f 188/1/50 189/2/50 190/3/50
usemtl white
v 0.625000 0.405000 0.670000
v 0.625000 0.595000 0.670000
v 0.500000 0.500000 0.670000
vn 0.000000 -0.000000 1.000000
f 191/1/51 192/2/51 193/3/51
usemtl white
v 0.625000 0.595000 0.670000
v 0.595000 0.625000 0.670000
v 0.500000 0.500000 0.670000
vn 0.000000 0.000000 1.000000
f 194/1/52 195/2/52 196/3/52
usemtl white
v 0.595000 0.625000 0.670000
v 0.405000 0.625000 0.670000
v 0.500000 0.500000 0.670000
vn 0.000000 0.000000 1.000000
f 197/1/53 198/2/53 199/3/53
usemtl white
v 0.405000 0.625000 0.670000
v 0.375000 0.595000 0.670000
v 0.500000 0.500000 0.670000
vn 0.000000 0.000000 1.000000
f 200/1/54 201/2/54 202/3/54
usemtl white
v 0.375000 0.595000 0.670000
v 0.375000 0.405000 0.670000
v 0.500000 0.500000 0.670000
vn 0.000000 0.000000 1.000000
f 203/1/55 204/2/55 205/3/55
usemtl white
v 0.375000 0.405000 0.670000
v 0.405000 0.375000 0.670000
v 0.500000 0.500000 0.670000
vn -0.000000 0.000000 1.000000
f 206/1/56 207/2/56 208/3/56
usemtl black
v 0.610000 0.500000 0.075000
v 0.606252 0.528470 0.075000
v 0.635230 0.536235 0.075000
v 0.640000 0.500000 0.075000
vn 0.000000 0.000000 -1.000000
f 209/1/57 210/2/57 211/3/57 212/4/57
usemtl black
v 0.606252 0.528470 0.075000
v 0.595263 0.555000 0.075000
v 0.621244 0.570000 0.075000
v 0.635230 0.536235 0.075000
vn 0.000000 0.000000 -1.000000
f 213/1/58 214/2/58 215/3/58 216/4/58
usemtl black
v 0.595263 0.555000 0.075000
v 0.577782 0.577782 0.075000
v 0.598995 0.598995 0.075000
v 0.621244 0.570000 0.075000
vn 0.000000 0.000000 -1.000000
f 217/1/59 218/2/59 219/3/59 220/4/59
usemtl black
v 0.577782 0.577782 0.075000
v 0.555000 0.595263 0.075000
v 0.570000 0.621244 0.075000
v 0.598995 0.598995 0.075000
vn 0.000000 0.000000 -1.000000
f 221/1/60 222/2/60 223/3/60 224/4/60
usemtl black
v 0.555000 0.595263 0.075000
v 0.528470 0.606252 0.075000
v 0.536235 0.635230 0.075000
v 0.570000 0.621244 0.075000
vn 0.000000 0.000000 -1.000000
f 225/1/61 226/2/61 227/3/61 228/4/61
usemtl black
v 0.528470 0.606252 0.075000
v 0.500000 0.610000 0.075000
v 0.500000 0.640000 0.075000
v 0.536235 0.635230 0.075000
vn 0.000000 0.000000 -1.000000
f 229/1/62 230/2/62 231/3/62 232/4/62
usemtl black
v 0.500000 0.610000 0.075000
v 0.471530 0.606252 0.075000
v 0.463765 0.635230 0.075000
v 0.500000 0.640000 0.075000
vn -0.000000 0.000000 -1.000000
f 233/1/63 234/2/63 235/3/63 236/4/63
usemtl black
v 0.471530 0.606252 0.075000
v 0.445000 0.595263 0.075000
v 0.430000 0.621244 0.075000
v 0.463765 0.635230 0.075000
vn -0.000000 0.000000 -1.000000
f 237/1/64 238/2/64 239/3/64 240/4/64
usemtl black
v 0.445000 0.595263 0.075000
v 0.422218 0.577782 0.075000
v 0.401005 0.598995 0.075000
v 0.430000 0.621244 0.075000
vn -0.000000 0.000000 -1.000000
f 241/1/65 242/2/65 243/3/65 244/4/65
usemtl black
v 0.422218 0.577782 0.075000
v 0.404737 0.555000 0.075000
v 0.378756 0.570000 0.075000
v 0.401005 0.598995 0.075000
vn 0.000000 0.000000 -1.000000
f 245/1/66 246/2/66 247/3/66 248/4/66
usemtl black
v 0.404737 0.555000 0.075000
v 0.393748 0.528470 0.075000
v 0.364770 0.536235 0.075000
v 0.378756 0.570000 0.075000
vn 0.000000 0.000000 -1.000000
f 249/1/67 250/2/67 251/3/67 252/4/67
usemtl black
v 0.393748 0.528470 0.075000
v 0.390000 0.500000 0.075000
v 0.360000 0.500000 0.075000
v 0.364770 0.536235 0.075000
vn 0.000000 0.000000 -1.000000
f 253/1/68 254/2/68 255/3/68 256/4/68
usemtl black
v 0.390000 0.500000 0.075000
v 0.393748 0.471530 0.075000
v 0.364770 0.463765 0.075000
v 0.360000 0.500000 0.075000
vn 0.000000 -0.000000 -1.000000
f 257/1/69 258/2/69 259/3/69 260/4/69
usemtl black
v 0.393748 0.471530 0.075000
v 0.404737 0.445000 0.075000
v 0.378756 0.430000 0.075000
v 0.364770 0.463765 0.075000
vn 0.000000 -0.000000 -1.000000
f 261/1/70 262/2/70 263/3/70 264/4/70
usemtl black
v 0.404737 0.445000 0.075000
v 0.422218 0.422218 0.075000
v 0.401005 0.401005 0.075000
v 0.378756 0.430000 0.075000
vn 0.000000 -0.000000 -1.000000
f 265/1/71 266/2/71 267/3/71 268/4/71
usemtl black
v 0.422218 0.422218 0.075000
v 0.445000 0.404737 0.075000
v 0.430000 0.378756 0.075000
v 0.401005 0.401005 0.075000
vn 0.000000 0.000000 -1.000000
f 269/1/72 270/2/72 271/3/72 272/4/72
usemtl black
v 0.445000 0.404737 0.075000
v 0.471530 0.393748 0.075000
v 0.463765 0.364770 0.075000
v 0.430000 0.378756 0.075000
vn 0.000000 0.000000 -1.000000
f 273/1/73 274/2/73 275/3/73 276/4/73
usemtl black
v 0.471530 0.393748 0.075000
v 0.500000 0.390000 0.075000
v 0.500000 0.360000 0.075000
v 0.463765 0.364770 0.075000
vn 0.000000 0.000000 -1.000000
f 277/1/74 278/2/74 279/3/74 280/4/74
usemtl black
v 0.500000 0.390000 0.075000
v 0.528470 0.393748 0.075000
v 0.536235 0.364770 0.075000
v 0.500000 0.360000 0.075000
vn 0.000000 0.000000 -1.000000
f 281/1/75 282/2/75 283/3/75 284/4/75
usemtl black
v 0.528470 0.393748 0.075000
v 0.555000 0.404737 0.075000
v 0.570000 0.378756 0.075000
v 0.536235 0.364770 0.075000
vn 0.000000 0.000000 -1.000000
f 285/1/76 286/2/76 287/3/76 288/4/76
usemtl black
v 0.555000 0.404737 0.075000
v 0.577782 0.422218 0.075000
v 0.598995 0.401005 0.075000
v 0.570000 0.378756 0.075000
vn 0.000000 0.000000 -1.000000
f 289/1/77 290/2/77 291/3/77 292/4/77
usemtl black
v 0.577782 0.422218 0.075000
v 0.595263 0.445000 0.075000
v 0.621244 0.430000 0.075000
v 0.598995 0.401005 0.075000
vn 0.000000 0.000000 -1.000000
f 293/1/78 294/2/78 295/3/78 296/4/78
usemtl black
v 0.595263 0.445000 0.075000
v 0.606252 0.471530 0.075000
v 0.635230 0.463765 0.075000
v 0.621244 0.430000 0.075000
vn 0.000000 0.000000 -1.000000
f 297/1/79 298/2/79 299/3/79 300/4/79
usemtl black
v 0.606252 0.471530 0.075000
v 0.610000 0.500000 0.075000
v 0.640000 0.500000 0.075000
v 0.635230 0.463765 0.075000
vn 0.000000 0.000000 -1.000000
f 301/1/80 302/2/80 303/3/80 304/4/80
usemtl black
v 0.640000 0.500000 0.075000
v 0.635230 0.536235 0.075000
v 0.654548 0.541411 0.180000
v 0.660000 0.500000 0.180000
vn 0.974225 0.128259 -0.185567
f 305/1/81 306/2/81 307/3/81 308/4/81
usemtl black
v 0.635230 0.536235 0.075000
v 0.621244 0.570000 0.075000
v 0.638564 0.580000 0.180000
v 0.654548 0.541411 0.180000
vn 0.907833 0.376037 -0.185567
f 309/1/82 310/2/82 311/3/82 312/4/82
usemtl black
v 0.621244 0.570000 0.075000
v 0.598995 0.598995 0.075000
v 0.613137 0.613137 0.180000
v 0.638564 0.580000 0.180000
vn 0.779574 0.598188 -0.185567
f 313/1/83 314/2/83 315/3/83 316/4/83
usemtl black
v 0.598995 0.598995 0.075000
v 0.570000 0.621244 0.075000
v 0.580000 0.638564 0.180000
v 0.613137 0.613137 0.180000
vn 0.598188 0.779574 -0.185567
f 317/1/84 318/2/84 319/3/84 320/4/84
usemtl black
v 0.570000 0.621244 0.075000
v 0.536235 0.635230 0.075000
v 0.541411 0.654548 0.180000
v 0.580000 0.638564 0.180000
vn 0.376037 0.907833 -0.185567
f 321/1/85 322/2/85 323/3/85 324/4/85
usemtl black
v 0.536235 0.635230 0.075000
v 0.500000 0.640000 0.075000
v 0.500000 0.660000 0.180000
v 0.541411 0.654548 0.180000
vn 0.128259 0.974225 -0.185567
f 325/1/86 326/2/86 327/3/86 328/4/86
usemtl black
v 0.500000 0.640000 0.075000
v 0.463765 0.635230 0.075000
v 0.458589 0.654548 0.180000
v 0.500000 0.660000 0.180000
vn -0.128259 0.974225 -0.185567
f 329/1/87 330/2/87 331/3/87 332/4/87
usemtl black
v 0.463765 0.635230 0.075000
v 0.430000 0.621244 0.075000
v 0.420000 0.638564 0.180000
v 0.458589 0.654548 0.180000
vn -0.376037 0.907833 -0.185567
f 333/1/88 334/2/88 335/3/88 336/4/88
usemtl black
v 0.430000 0.621244 0.075000
v 0.401005 0.598995 0.075000
v 0.386863 0.613137 0.180000
v 0.420000 0.638564 0.180000
vn -0.598188 0.779574 -0.185567
f 337/1/89 338/2/89 339/3/89 340/4/89
usemtl black
v 0.401005 0.598995 0.075000
v 0.378756 0.570000 0.075000
v 0.361436 0.580000 0.180000
v 0.386863 0.613137 0.180000
vn -0.779574 0.598188 -0.185567
f 341/1/90 342/2/90 343/3/90 344/4/90
usemtl black
v 0.378756 0.570000 0.075000
v 0.364770 0.536235 0.075000
v 0.345452 0.541411 0.180000
v 0.361436 0.580000 0.180000
vn -0.907833 0.376037 -0.185567
f 345/1/91 346/2/91 347/3/91 348/4/91
usemtl black
v 0.364770 0.536235 0.075000
v 0.360000 0.500000 0.075000
v 0.340000 0.500000 0.180000
v 0.345452 0.541411 0.180000
vn -0.974225 0.128259 -0.185567
f 349/1/92 350/2/92 351/3/92 352/4/92
usemtl black
v 0.360000 0.500000 0.075000
v 0.364770 0.463765 0.075000
v 0.345452 0.458589 0.180000
v 0.340000 0.500000 0.180000
vn -0.974225 -0.128259 -0.185567
f 353/1/93 354/2/93 355/3/93 356/4/93
usemtl black
v 0.364770 0.463765 0.075000
v 0.378756 0.430000 0.075000
v 0.361436 0.420000 0.180000
v 0.345452 0.458589 0.180000
vn -0.907833 -0.376037 -0.185567
f 357/1/94 358/2/94 359/3/94 360/4/94
usemtl black
v 0.378756 0.430000 0.075000
v 0.401005 0.401005 0.075000
v 0.386863 0.386863 0.180000
v 0.361436 0.420000 0.180000
vn -0.779574 -0.598188 -0.185567
f 361/1/95 362/2/95 363/3/95 364/4/95
usemtl black
v 0.401005 0.401005 0.075000
v 0.430000 0.378756 0.075000
v 0.420000 0.361436 0.180000
v 0.386863 0.386863 0.180000
vn -0.598188 -0.779574 -0.185567
f 365/1/96 366/2/96 367/3/96 368/4/96
usemtl black
v 0.430000 0.378756 0.075000
v 0.463765 0.364770 0.075000
v 0.458589 0.345452 0.180000
v 0.420000 0.361436 0.180000
vn -0.376037 -0.907833 -0.185567
f 369/1/97 370/2/97 371/3/97 372/4/97
usemtl black
v 0.463765 0.364770 0.075000
v 0.500000 0.360000 0.075000
v 0.500000 0.340000 0.180000
v 0.458589 0.345452 0.180000
vn -0.128259 -0.974225 -0.185567
f 373/1/98 374/2/98 375/3/98 376/4/98
usemtl black
v 0.500000 0.360000 0.075000
v 0.536235 0.364770 0.075000
v 0.541411 0.345452 0.180000
v 0.500000 0.340000 0.180000
vn 0.128259 -0.974225 -0.185567
f 377/1/99 378/2/99 379/3/99 380/4/99
usemtl black
v 0.536235 0.364770 0.075000
v 0.570000 0.378756 0.075000
v 0.580000 0.361436 0.180000
v 0.541411 0.345452 0.180000
vn 0.376037 -0.907833 -0.185567
f 381/1/100 382/2/100 383/3/100 384/4/100
usemtl black
v 0.570000 0.378756 0.075000
v 0.598995 0.401005 0.075000
v 0.613137 0.386863 0.180000
v 0.580000 0.361436 0.180000
vn 0.598188 -0.779574 -0.185567
f 385/1/101 386/2/101 387/3/101 388/4/101
usemtl black
v 0.598995 0.401005 0.075000
v 0.621244 0.430000 0.075000
v 0.638564 0.420000 0.180000
v 0.613137 0.386863 0.180000
vn 0.779574 -0.598188 -0.185567
f 389/1/102 390/2/102 391/3/102 392/4/102
usemtl black
v 0.621244 0.430000 0.075000
v 0.635230 0.463765 0.075000
v 0.654548 0.458589 0.180000
v 0.638564 0.420000 0.180000
vn 0.907833 -0.376037 -0.185567
f 393/1/103 394/2/103 395/3/103 396/4/103
usemtl black
v 0.635230 0.463765 0.075000
v 0.640000 0.500000 0.075000
v 0.660000 0.500000 0.180000
v 0.654548 0.458589 0.180000
vn 0.974225 -0.128259 -0.185567
f 397/1/104 398/2/104 399/3/104 400/4/104
usemtl black
v 0.660000 0.500000 0.180000
v 0.654548 0.541411 0.180000
v 0.615911 0.531058 0.180000
v 0.620000 0.500000 0.180000
vn 0.000000 0.000000 1.000000
f 401/1/105 402/2/105 403/3/105 404/4/105
usemtl black
v 0.654548 0.541411 0.180000
v 0.638564 0.580000 0.180000
v 0.603923 0.560000 0.180000
v 0.615911 0.531058 0.180000
vn 0.000000 0.000000 1.000000
f 405/1/106 406/2/106 407/3/106 408/4/106
usemtl black
v 0.638564 0.580000 0.180000
v 0.613137 0.613137 0.180000
v 0.584853 0.584853 0.180000
v 0.603923 0.560000 0.180000
vn 0.000000 0.000000 1.000000
f 409/1/107 410/2/107 411/3/107 412/4/107
usemtl black
v 0.613137 0.613137 0.180000
v 0.580000 0.638564 0.180000
v 0.560000 0.603923 0.180000
v 0.584853 0.584853 0.180000
vn 0.000000 0.000000 1.000000
f 413/1/108 414/2/108 415/3/108 416/4/108
usemtl black
v 0.580000 0.638564 0.180000
v 0.541411 0.654548 0.180000
v 0.531058 0.615911 0.180000
v 0.560000 0.603923 0.180000
vn 0.000000 0.000000 1.000000
f 417/1/109 418/2/109 419/3/109 420/4/109
usemtl black
v 0.541411 0.654548 0.180000
v 0.500000 0.660000 0.180000
v 0.500000 0.620000 0.180000
v 0.531058 0.615911 0.180000
vn 0.000000 0.000000 1.000000
f 421/1/110 422/2/110 423/3/110 424/4/110
usemtl black
v 0.500000 0.660000 0.180000
v 0.458589 0.654548 0.180000
v 0.468942 0.615911 0.180000
v 0.500000 0.620000 0.180000
vn 0.000000 0.000000 1.000000
f 425/1/111 426/2/111 427/3/111 428/4/111
usemtl black
v 0.458589 0.654548 0.180000
v 0.420000 0.638564 0.180000
v 0.440000 0.603923 0.180000
v 0.468942 0.615911 0.180000
vn 0.000000 0.000000 1.000000
f 429/1/112 430/2/112 431/3/112 432/4/112
usemtl black
v 0.420000 0.638564 0.180000
v 0.386863 0.613137 0.180000
v 0.415147 0.584853 0.180000
v 0.440000 0.603923 0.180000
vn 0.000000 0.000000 1.000000
f 433/1/113 434/2/113 435/3/113 436/4/113
usemtl black
v 0.386863 0.613137 0.180000
v 0.361436 0.580000 0.180000
v 0.396077 0.560000 0.180000
v 0.415147 0.584853 0.180000
vn 0.000000 0.000000 1.000000
f 437/1/114 438/2/114 439/3/114 440/4/114
usemtl black
v 0.361436 0.580000 0.180000
v 0.345452 0.541411 0.180000
v 0.384089 0.531058 0.180000
v 0.396077 0.560000 0.180000
vn 0.000000 0.000000 1.000000
f 441/1/115 442/2/115 443/3/115 444/4/115
usemtl black
v 0.345452 0.541411 0.180000
v 0.340000 0.500000 0.180000
v 0.380000 0.500000 0.180000
v 0.384089 0.531058 0.180000
vn 0.000000 0.000000 1.000000
f 445/1/116 446/2/116 447/3/116 448/4/116
usemtl black
v 0.340000 0.500000 0.180000
v 0.345452 0.458589 0.180000
v 0.384089 0.468942 0.180000
v 0.380000 0.500000 0.180000
vn 0.000000 0.000000 1.000000
f 449/1/117 450/2/117 451/3/117 452/4/117
usemtl black
v 0.345452 0.458589 0.180000
v 0.361436 0.420000 0.180000
v 0.396077 0.440000 0.180000
v 0.384089 0.468942 0.180000
vn 0.000000 0.000000 1.000000
f 453/1/118 454/2/118 455/3/118 456/4/118
usemtl black
v 0.361436 0.420000 0.180000
v 0.386863 0.386863 0.180000
v 0.415147 0.415147 0.180000
v 0.396077 0.440000 0.180000
vn 0.000000 0.000000 1.000000
f 457/1/119 458/2/119 459/3/119 460/4/119
usemtl black
v 0.386863 0.386863 0.180000
v 0.420000 0.361436 0.180000
v 0.440000 0.396077 0.180000
v 0.415147 0.415147 0.180000
vn -0.000000 0.000000 1.000000
f 461/1/120 462/2/120 463/3/120 464/4/120
usemtl black
v 0.420000 0.361436 0.180000
v 0.458589 0.345452 0.180000
v 0.468942 0.384089 0.180000
v 0.440000 0.396077 0.180000
vn -0.000000 0.000000 1.000000
f 465/1/121 466/2/121 467/3/121 468/4/121
usemtl black
v 0.458589 0.345452 0.180000
v 0.500000 0.340000 0.180000
v 0.500000 0.380000 0.180000
v 0.468942 0.384089 0.180000
vn -0.000000 0.000000 1.000000
f 469/1/122 470/2/122 471/3/122 472/4/122
usemtl black
v 0.500000 0.340000 0.180000
v 0.541411 0.345452 0.180000
v 0.531058 0.384089 0.180000
v 0.500000 0.380000 0.180000
vn 0.000000 0.000000 1.000000
f 473/1/123 474/2/123 475/3/123 476/4/123
usemtl black
v 0.541411 0.345452 0.180000
v 0.580000 0.361436 0.180000
v 0.560000 0.396077 0.180000
v 0.531058 0.384089 0.180000
vn 0.000000 0.000000 1.000000
f 477/1/124 478/2/124 479/3/124 480/4/124
usemtl black
v 0.580000 0.361436 0.180000
v 0.613137 0.386863 0.180000
v 0.584853 0.415147 0.180000
v 0.560000 0.396077 0.180000
vn 0.000000 0.000000 1.000000
f 481/1/125 482/2/125 483/3/125 484/4/125
usemtl black
v 0.613137 0.386863 0.180000
v 0.638564 0.420000 0.180000
v 0.603923 0.440000 0.180000
v 0.584853 0.415147 0.180000
vn 0.000000 -0.000000 1.000000
f 485/1/126 486/2/126 487/3/126 488/4/126
usemtl black
v 0.638564 0.420000 0.180000
v 0.654548 0.458589 0.180000
v 0.615911 0.468942 0.180000
v 0.603923 0.440000 0.180000
vn 0.000000 -0.000000 1.000000
f 489/1/127 490/2/127 491/3/127 492/4/127
usemtl black
v 0.654548 0.458589 0.180000
v 0.660000 0.500000 0.180000
v 0.620000 0.500000 0.180000
v 0.615911 0.468942 0.180000
vn 0.000000 -0.000000 1.000000
f 493/1/128 494/2/128 495/3/128 496/4/128
usemtl black
v 0.620000 0.500000 0.180000
v 0.615911 0.531058 0.180000
v 0.606252 0.528470 0.075000
v 0.610000 0.500000 0.075000
vn -0.987054 -0.129948 0.094005
f 497/1/129 498/2/129 499/3/129 500/4/129
usemtl black
v 0.615911 0.531058 0.180000
v 0.603923 0.560000 0.180000
v 0.595263 0.555000 0.075000
v 0.606252 0.528470 0.075000
vn -0.919788 -0.380989 0.094005
f 501/1/130 502/2/130 503/3/130 504/4/130
usemtl black
v 0.603923 0.560000 0.180000
v 0.584853 0.584853 0.180000
v 0.577782 0.577782 0.075000
v 0.595263 0.555000 0.075000
vn -0.789840 -0.606066 0.094005
f 505/1/131 506/2/131 507/3/131 508/4/131
usemtl black
v 0.584853 0.584853 0.180000
v 0.560000 0.603923 0.180000
v 0.555000 0.595263 0.075000
v 0.577782 0.577782 0.075000
vn -0.606066 -0.789840 0.094005
f 509/1/132 510/2/132 511/3/132 512/4/132
usemtl black
v 0.560000 0.603923 0.180000
v 0.531058 0.615911 0.180000
v 0.528470 0.606252 0.075000
v 0.555000 0.595263 0.075000
vn -0.380989 -0.919788 0.094005
f 513/1/133 514/2/133 515/3/133 516/4/133
usemtl black
v 0.531058 0.615911 0.180000
v 0.500000 0.620000 0.180000
v 0.500000 0.610000 0.075000
v 0.528470 0.606252 0.075000
vn -0.129948 -0.987054 0.094005
f 517/1/134 518/2/134 519/3/134 520/4/134
usemtl black
v 0.500000 0.620000 0.180000
v 0.468942 0.615911 0.180000
v 0.471530 0.606252 0.075000
v 0.500000 0.610000 0.075000
vn 0.129948 -0.987054 0.094005
f 521/1/135 522/2/135 523/3/135 524/4/135
usemtl black
v 0.468942 0.615911 0.180000
v 0.440000 0.603923 0.180000
v 0.445000 0.595263 0.075000
v 0.471530 0.606252 0.075000
vn 0.380989 -0.919788 0.094005
f 525/1/136 526/2/136 527/3/136 528/4/136
usemtl black
v 0.440000 0.603923 0.180000
v 0.415147 0.584853 0.180000
v 0.422218 0.577782 0.075000
v 0.445000 0.595263 0.075000
vn 0.606066 -0.789840 0.094005
f 529/1/137 530/2/137 531/3/137 532/4/137
usemtl black
v 0.415147 0.584853 0.180000
v 0.396077 0.560000 0.180000
v 0.404737 0.555000 0.075000
v 0.422218 0.577782 0.075000
vn 0.789840 -0.606066 0.094005
f 533/1/138 534/2/138 535/3/138 536/4/138
usemtl black
v 0.396077 0.560000 0.180000
v 0.384089 0.531058 0.180000
v 0.393748 0.528470 0.075000
v 0.404737 0.555000 0.075000
vn 0.919788 -0.380989 0.094005
f 537/1/139 538/2/139 539/3/139 540/4/139
usemtl black
v 0.384089 0.531058 0.180000
v 0.380000 0.500000 0.180000
v 0.390000 0.500000 0.075000
v 0.393748 0.528470 0.075000
vn 0.987054 -0.129948 0.094005
f 541/1/140 542/2/140 543/3/140 544/4/140
usemtl black
v 0.380000 0.500000 0.180000
v 0.384089 0.468942 0.180000
v 0.393748 0.471530 0.075000
v 0.390000 0.500000 0.075000
vn 0.987054 0.129948 0.094005
f 545/1/141 546/2/141 547/3/141 548/4/141
usemtl black
v 0.384089 0.468942 0.180000
v 0.396077 0.440000 0.180000
v 0.404737 0.445000 0.075000
v 0.393748 0.471530 0.075000
vn 0.919788 0.380989 0.094005
f 549/1/142 550/2/142 551/3/142 552/4/142
usemtl black
v 0.396077 0.440000 0.180000
v 0.415147 0.415147 0.180000
v 0.422218 0.422218 0.075000
v 0.404737 0.445000 0.075000
vn 0.789840 0.606066 0.094005
f 553/1/143 554/2/143 555/3/143 556/4/143
usemtl black
v 0.415147 0.415147 0.180000
v 0.440000 0.396077 0.180000
v 0.445000 0.404737 0.075000
v 0.422218 0.422218 0.075000
vn 0.606066 0.789840 0.094005
f 557/1/144 558/2/144 559/3/144 560/4/144
usemtl black
v 0.440000 0.396077 0.180000
v 0.468942 0.384089 0.180000
v 0.471530 0.393748 0.075000
v 0.445000 0.404737 0.075000
vn 0.380989 0.919788 0.094005
f 561/1/145 562/2/145 563/3/145 564/4/145
usemtl black
v 0.468942 0.384089 0.180000
v 0.500000 0.380000 0.180000
v 0.500000 0.390000 0.075000
v 0.471530 0.393748 0.075000
vn 0.129948 0.987054 0.094005
f 565/1/146 566/2/146 567/3/146 568/4/146
usemtl black
v 0.500000 0.380000 0.180000
v 0.531058 0.384089 0.180000
v 0.528470 0.393748 0.075000
v 0.500000 0.390000 0.075000
vn -0.129948 0.987054 0.094005
f 569/1/147 570/2/147 571/3/147 572/4/147
usemtl black
v 0.531058 0.384089 0.180000
v 0.560000 0.396077 0.180000
v 0.555000 0.404737 0.075000
v 0.528470 0.393748 0.075000
vn -0.380989 0.919788 0.094005
f 573/1/148 574/2/148 575/3/148 576/4/148
usemtl black
v 0.560000 0.396077 0.180000
v 0.584853 0.415147 0.180000
v 0.577782 0.422218 0.075000
v 0.555000 0.404737 0.075000
vn -0.606066 0.789840 0.094005
f 577/1/149 578/2/149 579/3/149 580/4/149
usemtl black
v 0.584853 0.415147 0.180000
v 0.603923 0.440000 0.180000
v 0.595263 0.445000 0.075000
v 0.577782 0.422218 0.075000
vn -0.789840 0.606066 0.094005
f 581/1/150 582/2/150 583/3/150 584/4/150
usemtl black
v 0.603923 0.440000 0.180000
v 0.615911 0.468942 0.180000
v 0.606252 0.471530 0.075000
v 0.595263 0.445000 0.075000
vn -0.919788 0.380989 0.094005
f 585/1/151 586/2/151 587/3/151 588/4/151
usemtl black
v 0.615911 0.468942 0.180000
v 0.620000 0.500000 0.180000
v 0.610000 0.500000 0.075000
v 0.606252 0.471530 0.075000
vn -0.987054 0.129948 0.094005
f 589/1/152 590/2/152 591/3/152 592/4/152
usemtl white
v 0.646000 0.500000 0.075000
v 0.641025 0.537788 0.075000
v 0.637064 0.536726 0.084899
v 0.641899 0.500000 0.084899
vn 0.917120 0.120741 0.379884
f 593/1/153 594/2/153 595/3/153 596/4/153
usemtl white
v 0.641025 0.537788 0.075000
v 0.626440 0.573000 0.075000
v 0.622889 0.570950 0.084899
v 0.637064 0.536726 0.084899
vn 0.854620 0.353995 0.379884
f 597/1/154 598/2/154 599/3/154 600/4/154
usemtl white
v 0.626440 0.573000 0.075000
v 0.603238 0.603238 0.075000
v 0.600338 0.600338 0.084899
v 0.622889 0.570950 0.084899
vn 0.733879 0.563125 0.379884
f 601/1/155 602/2/155 603/3/155 604/4/155
usemtl white
v 0.603238 0.603238 0.075000
v 0.573000 0.626440 0.075000
v 0.570950 0.622889 0.084899
v 0.600338 0.600338 0.084899
vn 0.563125 0.733879 0.379884
f 605/1/156 606/2/156 607/3/156 608/4/156
usemtl white
v 0.573000 0.626440 0.075000
v 0.537788 0.641025 0.075000
v 0.536726 0.637064 0.084899
v 0.570950 0.622889 0.084899
vn 0.353995 0.854620 0.379884
f 609/1/157 610/2/157 611/3/157 612/4/157
usemtl white
v 0.537788 0.641025 0.075000
v 0.500000 0.646000 0.075000
v 0.500000 0.641899 0.084899
v 0.536726 0.637064 0.084899
vn 0.120741 0.917120 0.379884
f 613/1/158 614/2/158 615/3/158 616/4/158
usemtl white
v 0.500000 0.646000 0.075000
v 0.462212 0.641025 0.075000
v 0.463274 0.637064 0.084899
v 0.500000 0.641899 0.084899
vn -0.120741 0.917120 0.379884
f 617/1/159 618/2/159 619/3/159 620/4/159
usemtl white
v 0.462212 0.641025 0.075000
v 0.427000 0.626440 0.075000
v 0.429050 0.622889 0.084899
v 0.463274 0.637064 0.084899
vn -0.353995 0.854620 0.379884
f 621/1/160 622/2/160 623/3/160 624/4/160
usemtl white
v 0.427000 0.626440 0.075000
v 0.396762 0.603238 0.075000
v 0.399662 0.600338 0.084899
v 0.429050 0.622889 0.084899
vn -0.563125 0.733879 0.379884
f 625/1/161 626/2/161 627/3/161 628/4/161
usemtl white
v 0.396762 0.603238 0.075000
v 0.373560 0.573000 0.075000
v 0.377111 0.570950 0.084899
v 0.399662 0.600338 0.084899
vn -0.733879 0.563125 0.379884
f 629/1/162 630/2/162 631/3/162 632/4/162
usemtl white
v 0.373560 0.573000 0.075000
v 0.358975 0.537788 0.075000
v 0.362936 0.536726 0.084899
v 0.377111 0.570950 0.084899
vn -0.854620 0.353995 0.379884
f 633/1/163 634/2/163 635/3/163 636/4/163
usemtl white
v 0.358975 0.537788 0.075000
v 0.354000 0.500000 0.075000
v 0.358101 0.500000 0.084899
v 0.362936 0.536726 0.084899
vn -0.917120 0.120741 0.379884
f 637/1/164 638/2/164 639/3/164 640/4/164
usemtl white
v 0.354000 0.500000 0.075000
v 0.358975 0.462212 0.075000
v 0.362936 0.463274 0.084899
v 0.358101 0.500000 0.084899
vn -0.917120 -0.120741 0.379884
f 641/1/165 642/2/165 643/3/165 644/4/165
usemtl white
v 0.358975 0.462212 0.075000
v 0.373560 0.427000 0.075000
v 0.377111 0.429050 0.084899
v 0.362936 0.463274 0.084899
vn -0.854620 -0.353995 0.379884
f 645/1/166 646/2/166 647/3/166 648/4/166
usemtl white
v 0.373560 0.427000 0.075000
v 0.396762 0.396762 0.075000
v 0.399662 0.399662 0.084899
v 0.377111 0.429050 0.084899
vn -0.733879 -0.563125 0.379884
f 649/1/167 650/2/167 651/3/167 652/4/167
usemtl white
v 0.396762 0.396762 0.075000
v 0.427000 0.373560 0.075000
v 0.429050 0.377111 0.084899
v 0.399662 0.399662 0.084899
vn -0.563125 -0.733879 0.379884
f 653/1/168 654/2/168 655/3/168 656/4/168
usemtl white
v 0.427000 0.373560 0.075000
v 0.462212 0.358975 0.075000
v 0.463274 0.362936 0.084899
v 0.429050 0.377111 0.084899
vn -0.353995 -0.854620 0.379884
f 657/1/169 658/2/169 659/3/169 660/4/169
usemtl white
v 0.462212 0.358975 0.075000
v 0.500000 0.354000 0.075000
v 0.500000 0.358101 0.084899
v 0.463274 0.362936 0.084899
vn -0.120741 -0.917120 0.379884
f 661/1/170 662/2/170 663/3/170 664/4/170
usemtl white
v 0.500000 0.354000 0.075000
v 0.537788 0.358975 0.075000
v 0.536726 0.362936 0.084899
v 0.500000 0.358101 0.084899
vn 0.120741 -0.917120 0.379884
f 665/1/171 666/2/171 667/3/171 668/4/171
usemtl white
v 0.537788 0.358975 0.075000
v 0.573000 0.373560 0.075000
v 0.570950 0.377111 0.084899
v 0.536726 0.362936 0.084899
vn 0.353995 -0.854620 0.379884
f 669/1/172 670/2/172 671/3/172 672/4/172
usemtl white
v 0.573000 0.373560 0.075000
v 0.603238 0.396762 0.075000
v 0.600338 0.399662 0.084899
v 0.570950 0.377111 0.084899
vn 0.563125 -0.733879 0.379884
f 673/1/173 674/2/173 675/3/173 676/4/173
usemtl white
v 0.603238 0.396762 0.075000
v 0.626440 0.427000 0.075000
v 0.622889 0.429050 0.084899
v 0.600338 0.399662 0.084899
vn 0.733879 -0.563125 0.379884
f 677/1/174 678/2/174 679/3/174 680/4/174
usemtl white
v 0.626440 0.427000 0.075000
v 0.641025 0.462212 0.075000
v 0.637064 0.463274 0.084899
v 0.622889 0.429050 0.084899
vn 0.854620 -0.353995 0.379884
f 681/1/175 682/2/175 683/3/175 684/4/175
usemtl white
v 0.641025 0.462212 0.075000
v 0.646000 0.500000 0.075000
v 0.641899 0.500000 0.084899
v 0.637064 0.463274 0.084899
vn 0.917120 -0.120741 0.379884
f 685/1/176 686/2/176 687/3/176 688/4/176
usemtl white
v 0.641899 0.500000 0.084899
v 0.637064 0.536726 0.084899
v 0.627502 0.534164 0.089000
v 0.632000 0.500000 0.089000
vn 0.382199 0.050317 0.922709
f 689/1/177 690/2/177 691/3/177 692/4/177
usemtl white
v 0.637064 0.536726 0.084899
v 0.622889 0.570950 0.084899
v 0.614315 0.566000 0.089000
v 0.627502 0.534164 0.089000
vn 0.356152 0.147523 0.922709
f 693/1/178 694/2/178 695/3/178 696/4/178
usemtl white
v 0.622889 0.570950 0.084899
v 0.600338 0.600338 0.084899
v 0.593338 0.593338 0.089000
v 0.614315 0.566000 0.089000
vn 0.305835 0.234675 0.922709
f 697/1/179 698/2/179 699/3/179 700/4/179
usemtl white
v 0.600338 0.600338 0.084899
v 0.570950 0.622889 0.084899
v 0.566000 0.614315 0.089000
v 0.593338 0.593338 0.089000
vn 0.234675 0.305835 0.922709
f 701/1/180 702/2/180 703/3/180 704/4/180
usemtl white
v 0.570950 0.622889 0.084899
v 0.536726 0.637064 0.084899
v 0.534164 0.627502 0.089000
v 0.566000 0.614315 0.089000
vn 0.147523 0.356152 0.922709
f 705/1/181 706/2/181 707/3/181 708/4/181
usemtl white
v 0.536726 0.637064 0.084899
v 0.500000 0.641899 0.084899
v 0.500000 0.632000 0.089000
v 0.534164 0.627502 0.089000
vn 0.050317 0.382199 0.922709
f 709/1/182 710/2/182 711/3/182 712/4/182
usemtl white
v 0.500000 0.641899 0.084899
v 0.463274 0.637064 0.084899
v 0.465836 0.627502 0.089000
v 0.500000 0.632000 0.089000
vn -0.050317 0.382199 0.922709
f 713/1/183 714/2/183 715/3/183 716/4/183
usemtl white
v 0.463274 0.637064 0.084899
v 0.429050 0.622889 0.084899
v 0.434000 0.614315 0.089000
v 0.465836 0.627502 0.089000
vn -0.147523 0.356152 0.922709
f 717/1/184 718/2/184 719/3/184 720/4/184
usemtl white
v 0.429050 0.622889 0.084899
v 0.399662 0.600338 0.084899
v 0.406662 0.593338 0.089000
v 0.434000 0.614315 0.089000
vn -0.234675 0.305835 0.922709
f 721/1/185 722/2/185 723/3/185 724/4/185
usemtl white
v 0.399662 0.600338 0.084899
v 0.377111 0.570950 0.084899
v 0.385685 0.566000 0.089000
v 0.406662 0.593338 0.089000
vn -0.305835 0.234675 0.922709
f 725/1/186 726/2/186 727/3/186 728/4/186
usemtl white
v 0.377111 0.570950 0.084899
v 0.362936 0.536726 0.084899
v 0.372498 0.534164 0.089000
v 0.385685 0.566000 0.089000
vn -0.356152 0.147523 0.922709
f 729/1/187 730/2/187 731/3/187 732/4/187
usemtl white
v 0.362936 0.536726 0.084899
v 0.358101 0.500000 0.084899
v 0.368000 0.500000 0.089000
v 0.372498 0.534164 0.089000
vn -0.382199 0.050317 0.922709
f 733/1/188 734/2/188 735/3/188 736/4/188
usemtl white
v 0.358101 0.500000 0.084899
v 0.362936 0.463274 0.084899
v 0.372498 0.465836 0.089000
v 0.368000 0.500000 0.089000
vn -0.382199 -0.050317 0.922709
f 737/1/189 738/2/189 739/3/189 740/4/189
usemtl white
v 0.362936 0.463274 0.084899
v 0.377111 0.429050 0.084899
v 0.385685 0.434000 0.089000
v 0.372498 0.465836 0.089000
vn -0.356152 -0.147523 0.922709
f 741/1/190 742/2/190 743/3/190 744/4/190
usemtl white
v 0.377111 0.429050 0.084899
v 0.399662 0.399662 0.084899
v 0.406662 0.406662 0.089000
v 0.385685 0.434000 0.089000
vn -0.305835 -0.234675 0.922709
f 745/1/191 746/2/191 747/3/191 748/4/191
usemtl white
v 0.399662 0.399662 0.084899
v 0.429050 0.377111 0.084899
v 0.434000 0.385685 0.089000
v 0.406662 0.406662 0.089000
vn -0.234675 -0.305835 0.922709
f 749/1/192 750/2/192 751/3/192 752/4/192
usemtl white
v 0.429050 0.377111 0.084899
v 0.463274 0.362936 0.084899
v 0.465836 0.372498 0.089000
v 0.434000 0.385685 0.089000
vn -0.147523 -0.356152 0.922709
f 753/1/193 754/2/193 755/3/193 756/4/193
usemtl white
v 0.463274 0.362936 0.084899
v 0.500000 0.358101 0.084899
v 0.500000 0.368000 0.089000
v 0.465836 0.372498 0.089000
vn -0.050317 -0.382199 0.922709
f 757/1/194 758/2/194 759/3/194 760/4/194
usemtl white
v 0.500000 0.358101 0.084899
v 0.536726 0.362936 0.084899
v 0.534164 0.372498 0.089000
v 0.500000 0.368000 0.089000
vn 0.050317 -0.382199 0.922709
f 761/1/195 762/2/195 763/3/195 764/4/195
usemtl white
v 0.536726 0.362936 0.084899
v 0.570950 0.377111 0.084899
v 0.566000 0.385685 0.089000
v 0.534164 0.372498 0.089000
vn 0.147523 -0.356152 0.922709
f 765/1/196 766/2/196 767/3/196 768/4/196
usemtl white
v 0.570950 0.377111 0.084899
v 0.600338 0.399662 0.084899
v 0.593338 0.406662 0.089000
v 0.566000 0.385685 0.089000
vn 0.234675 -0.305835 0.922709
f 769/1/197 770/2/197 771/3/197 772/4/197
usemtl white
v 0.600338 0.399662 0.084899
v 0.622889 0.429050 0.084899
v 0.614315 0.434000 0.089000
v 0.593338 0.406662 0.089000
vn 0.305835 -0.234675 0.922709
f 773/1/198 774/2/198 775/3/198 776/4/198
usemtl white
v 0.622889 0.429050 0.084899
v 0.637064 0.463274 0.084899
v 0.627502 0.465836 0.089000
v 0.614315 0.434000 0.089000
vn 0.356152 -0.147523 0.922709
f 777/1/199 778/2/199 779/3/199 780/4/199
usemtl white
v 0.637064 0.463274 0.084899
v 0.641899 0.500000 0.084899
v 0.632000 0.500000 0.089000
v 0.627502 0.465836 0.089000
vn 0.382199 -0.050317 0.922709
f 781/1/200 782/2/200 783/3/200 784/4/200
usemtl white
v 0.632000 0.500000 0.089000
v 0.627502 0.534164 0.089000
v 0.617940 0.531602 0.084899
v 0.622101 0.500000 0.084899
vn -0.382199 -0.050317 0.922709
f 785/1/201 786/2/201 787/3/201 788/4/201
usemtl white
v 0.627502 0.534164 0.089000
v 0.614315 0.566000 0.089000
v 0.605742 0.561050 0.084899
v 0.617940 0.531602 0.084899
vn -0.356152 -0.147523 0.922709
f 789/1/202 790/2/202 791/3/202 792/4/202
usemtl white
v 0.614315 0.566000 0.089000
v 0.593338 0.593338 0.089000
v 0.586338 0.586338 0.084899
v 0.605742 0.561050 0.084899
vn -0.305835 -0.234675 0.922709
f 793/1/203 794/2/203 795/3/203 796/4/203
usemtl white
v 0.593338 0.593338 0.089000
v 0.566000 0.614315 0.089000
v 0.561050 0.605742 0.084899
v 0.586338 0.586338 0.084899
vn -0.234675 -0.305835 0.922709
f 797/1/204 798/2/204 799/3/204 800/4/204
usemtl white
v 0.566000 0.614315 0.089000
v 0.534164 0.627502 0.089000
v 0.531602 0.617940 0.084899
v 0.561050 0.605742 0.084899
vn -0.147523 -0.356152 0.922709
f 801/1/205 802/2/205 803/3/205 804/4/205
usemtl white
v 0.534164 0.627502 0.089000
v 0.500000 0.632000 0.089000
v 0.500000 0.622101 0.084899
v 0.531602 0.617940 0.084899
vn -0.050317 -0.382199 0.922709
f 805/1/206 806/2/206 807/3/206 808/4/206
usemtl white
v 0.500000 0.632000 0.089000
v 0.465836 0.627502 0.089000
v 0.468398 0.617940 0.084899
v 0.500000 0.622101 0.084899
vn 0.050317 -0.382199 0.922709
f 809/1/207 810/2/207 811/3/207 812/4/207
usemtl white
v 0.465836 0.627502 0.089000
v 0.434000 0.614315 0.089000
v 0.438950 0.605742 0.084899
v 0.468398 0.617940 0.084899
vn 0.147523 -0.356152 0.922709
f 813/1/208 814/2/208 815/3/208 816/4/208
usemtl white
v 0.434000 0.614315 0.089000
v 0.406662 0.593338 0.089000
v 0.413662 0.586338 0.084899
v 0.438950 0.605742 0.084899
vn 0.234675 -0.305835 0.922709
f 817/1/209 818/2/209 819/3/209 820/4/209
usemtl white
v 0.406662 0.593338 0.089000
v 0.385685 0.566000 0.089000
v 0.394258 0.561050 0.084899
v 0.413662 0.586338 0.084899
vn 0.305835 -0.234675 0.922709
f 821/1/210 822/2/210 823/3/210 824/4/210
usemtl white
v 0.385685 0.566000 0.089000
v 0.372498 0.534164 0.089000
v 0.382060 0.531602 0.084899
v 0.394258 0.561050 0.084899
vn 0.356152 -0.147523 0.922709
f 825/1/211 826/2/211 827/3/211 828/4/211
usemtl white
v 0.372498 0.534164 0.089000
v 0.368000 0.500000 0.089000
v 0.377899 0.500000 0.084899
v 0.382060 0.531602 0.084899
vn 0.382199 -0.050317 0.922709
f 829/1/212 830/2/212 831/3/212 832/4/212
usemtl white
v 0.368000 0.500000 0.089000
v 0.372498 0.465836 0.089000
v 0.382060 0.468398 0.084899
v 0.377899 0.500000 0.084899
vn 0.382199 0.050317 0.922709
f 833/1/213 834/2/213 835/3/213 836/4/213
usemtl white
v 0.372498 0.465836 0.089000
v 0.385685 0.434000 0.089000
v 0.394258 0.438950 0.084899
v 0.382060 0.468398 0.084899
vn 0.356152 0.147523 0.922709
f 837/1/214 838/2/214 839/3/214 840/4/214
usemtl white
v 0.385685 0.434000 0.089000
v 0.406662 0.406662 0.089000
v 0.413662 0.413662 0.084899
v 0.394258 0.438950 0.084899
vn 0.305835 0.234675 0.922709
f 841/1/215 842/2/215 843/3/215 844/4/215
usemtl white
v 0.406662 0.406662 0.089000
v 0.434000 0.385685 0.089000
v 0.438950 0.394258 0.084899
v 0.413662 0.413662 0.084899
vn 0.234675 0.305835 0.922709
f 845/1/216 846/2/216 847/3/216 848/4/216
usemtl white
v 0.434000 0.385685 0.089000
v 0.465836 0.372498 0.089000
v 0.468398 0.382060 0.084899
v 0.438950 0.394258 0.084899
vn 0.147523 0.356152 0.922709
f 849/1/217 850/2/217 851/3/217 852/4/217
usemtl white
v 0.465836 0.372498 0.089000
v 0.500000 0.368000 0.089000
v 0.500000 0.377899 0.084899
v 0.468398 0.382060 0.084899
vn 0.050317 0.382199 0.922709
f 853/1/218 854/2/218 855/3/218 856/4/218
usemtl white
v 0.500000 0.368000 0.089000
v 0.534164 0.372498 0.089000
v 0.531602 0.382060 0.084899
v 0.500000 0.377899 0.084899
vn -0.050317 0.382199 0.922709
f 857/1/219 858/2/219 859/3/219 860/4/219
usemtl white
v 0.534164 0.372498 0.089000
v 0.566000 0.385685 0.089000
v 0.561050 0.394258 0.084899
v 0.531602 0.382060 0.084899
vn -0.147523 0.356152 0.922709
f 861/1/220 862/2/220 863/3/220 864/4/220
usemtl white
v 0.566000 0.385685 0.089000
v 0.593338 0.406662 0.089000
v 0.586338 0.413662 0.084899
v 0.561050 0.394258 0.084899
vn -0.234675 0.305835 0.922709
f 865/1/221 866/2/221 867/3/221 868/4/221
usemtl white
v 0.593338 0.406662 0.089000
v 0.614315 0.434000 0.089000
v 0.605742 0.438950 0.084899
v 0.586338 0.413662 0.084899
vn -0.305835 0.234675 0.922709
f 869/1/222 870/2/222 871/3/222 872/4/222
usemtl white
v 0.614315 0.434000 0.089000
v 0.627502 0.465836 0.089000
v 0.617940 0.468398 0.084899
v 0.605742 0.438950 0.084899
vn -0.356152 0.147523 0.922709
f 873/1/223 874/2/223 875/3/223 876/4/223
usemtl white
v 0.627502 0.465836 0.089000
v 0.632000 0.500000 0.089000
v 0.622101 0.500000 0.084899
v 0.617940 0.468398 0.084899
vn -0.382199 0.050317 0.922709
f 877/1/224 878/2/224 879/3/224 880/4/224
usemtl white
v 0.622101 0.500000 0.084899
v 0.617940 0.531602 0.084899
v 0.613979 0.530541 0.075000
v 0.618000 0.500000 0.075000
vn -0.917120 -0.120741 0.379884
f 881/1/225 882/2/225 883/3/225 884/4/225
usemtl white
v 0.617940 0.531602 0.084899
v 0.605742 0.561050 0.084899
v 0.602191 0.559000 0.075000
v 0.613979 0.530541 0.075000
vn -0.854620 -0.353995 0.379884
f 885/1/226 886/2/226 887/3/226 888/4/226
usemtl white
v 0.605742 0.561050 0.084899
v 0.586338 0.586338 0.084899
v 0.583439 0.583439 0.075000
v 0.602191 0.559000 0.075000
vn -0.733879 -0.563125 0.379884
f 889/1/227 890/2/227 891/3/227 892/4/227
usemtl white
v 0.586338 0.586338 0.084899
v 0.561050 0.605742 0.084899
v 0.559000 0.602191 0.075000
v 0.583439 0.583439 0.075000
vn -0.563125 -0.733879 0.379884
f 893/1/228 894/2/228 895/3/228 896/4/228
usemtl white
v 0.561050 0.605742 0.084899
v 0.531602 0.617940 0.084899
v 0.530541 0.613979 0.075000
v 0.559000 0.602191 0.075000
vn -0.353995 -0.854620 0.379884
f 897/1/229 898/2/229 899/3/229 900/4/229
usemtl white
v 0.531602 0.617940 0.084899
v 0.500000 0.622101 0.084899
v 0.500000 0.618000 0.075000
v 0.530541 0.613979 0.075000
vn -0.120741 -0.917120 0.379884
f 901/1/230 902/2/230 903/3/230 904/4/230
usemtl white
v 0.500000 0.622101 0.084899
v 0.468398 0.617940 0.084899
v 0.469459 0.613979 0.075000
v 0.500000 0.618000 0.075000
vn 0.120741 -0.917120 0.379884
f 905/1/231 906/2/231 907/3/231 908/4/231
usemtl white
v 0.468398 0.617940 0.084899
v 0.438950 0.605742 0.084899
v 0.441000 0.602191 0.075000
v 0.469459 0.613979 0.075000
vn 0.353995 -0.854620 0.379884
f 909/1/232 910/2/232 911/3/232 912/4/232
usemtl white
v 0.438950 0.605742 0.084899
v 0.413662 0.586338 0.084899
v 0.416561 0.583439 0.075000
v 0.441000 0.602191 0.075000
vn 0.563125 -0.733879 0.379884
f 913/1/233 914/2/233 915/3/233 916/4/233
usemtl white
v 0.413662 0.586338 0.084899
v 0.394258 0.561050 0.084899
v 0.397809 0.559000 0.075000
v 0.416561 0.583439 0.075000
vn 0.733879 -0.563125 0.379884
f 917/1/234 918/2/234 919/3/234 920/4/234
usemtl white
v 0.394258 0.561050 0.084899
v 0.382060 0.531602 0.084899
v 0.386021 0.530541 0.075000
v 0.397809 0.559000 0.075000
vn 0.854620 -0.353995 0.379884
f 921/1/235 922/2/235 923/3/235 924/4/235
usemtl white
v 0.382060 0.531602 0.084899
v 0.377899 0.500000 0.084899
v 0.382000 0.500000 0.075000
v 0.386021 0.530541 0.075000
vn 0.917120 -0.120741 0.379884
f 925/1/236 926/2/236 927/3/236 928/4/236
usemtl white
v 0.377899 0.500000 0.084899
v 0.382060 0.468398 0.084899
v 0.386021 0.469459 0.075000
v 0.382000 0.500000 0.075000
vn 0.917120 0.120741 0.379884
f 929/1/237 930/2/237 931/3/237 932/4/237
usemtl white
v 0.382060 0.468398 0.084899
v 0.394258 0.438950 0.084899
v 0.397809 0.441000 0.075000
v 0.386021 0.469459 0.075000
vn 0.854620 0.353995 0.379884
f 933/1/238 934/2/238 935/3/238 936/4/238
usemtl white
v 0.394258 0.438950 0.084899
v 0.413662 0.413662 0.084899
v 0.416561 0.416561 0.075000
v 0.397809 0.441000 0.075000
vn 0.733879 0.563125 0.379884
f 937/1/239 938/2/239 939/3/239 940/4/239
usemtl white
v 0.413662 0.413662 0.084899
v 0.438950 0.394258 0.084899
v 0.441000 0.397809 0.075000
v 0.416561 0.416561 0.075000
vn 0.563125 0.733879 0.379884
f 941/1/240 942/2/240 943/3/240 944/4/240
usemtl white
v 0.438950 0.394258 0.084899
v 0.468398 0.382060 0.084899
v 0.469459 0.386021 0.075000
v 0.441000 0.397809 0.075000
vn 0.353995 0.854620 0.379884
f 945/1/241 946/2/241 947/3/241 948/4/241
usemtl white
v 0.468398 0.382060 0.084899
v 0.500000 0.377899 0.084899
v 0.500000 0.382000 0.075000
v 0.469459 0.386021 0.075000
vn 0.120741 0.917120 0.379884
f 949/1/242 950/2/242 951/3/242 952/4/242
usemtl white
v 0.500000 0.377899 0.084899
v 0.531602 0.382060 0.084899
v 0.530541 0.386021 0.075000
v 0.500000 0.382000 0.075000
vn -0.120741 0.917120 0.379884
f 953/1/243 954/2/243 955/3/243 956/4/243
usemtl white
v 0.531602 0.382060 0.084899
v 0.561050 0.394258 0.084899
v 0.559000 0.397809 0.075000
v 0.530541 0.386021 0.075000
vn -0.353995 0.854620 0.379884
f 957/1/244 958/2/244 959/3/244 960/4/244
usemtl white
v 0.561050 0.394258 0.084899
v 0.586338 0.413662 0.084899
v 0.583439 0.416561 0.075000
v 0.559000 0.397809 0.075000
vn -0.563125 0.733879 0.379884
f 961/1/245 962/2/245 963/3/245 964/4/245
usemtl white
v 0.586338 0.413662 0.084899
v 0.605742 0.438950 0.084899
v 0.602191 0.441000 0.075000
v 0.583439 0.416561 0.075000
vn -0.733879 0.563125 0.379884
f 965/1/246 966/2/246 967/3/246 968/4/246
usemtl white
v 0.605742 0.438950 0.084899
v 0.617940 0.468398 0.084899
v 0.613979 0.469459 0.075000
v 0.602191 0.441000 0.075000
vn -0.854620 0.353995 0.379884
f 969/1/247 970/2/247 971/3/247 972/4/247
usemtl white
v 0.617940 0.468398 0.084899
v 0.622101 0.500000 0.084899
v 0.618000 0.500000 0.075000
v 0.613979 0.469459 0.075000
vn -0.917120 0.120741 0.379884
f 973/1/248 974/2/248 975/3/248 976/4/248
usemtl white
v 0.618000 0.500000 0.075000
v 0.613979 0.530541 0.075000
v 0.617940 0.531602 0.065101
v 0.622101 0.500000 0.065101
vn -0.917120 -0.120741 -0.379884
f 977/1/249 978/2/249 979/3/249 980/4/249
usemtl white
v 0.613979 0.530541 0.075000
v 0.602191 0.559000 0.075000
v 0.605742 0.561050 0.065101
v 0.617940 0.531602 0.065101
vn -0.854620 -0.353995 -0.379884
f 981/1/250 982/2/250 983/3/250 984/4/250
usemtl white
v 0.602191 0.559000 0.075000
v 0.583439 0.583439 0.075000
v 0.586338 0.586338 0.065101
v 0.605742 0.561050 0.065101
vn -0.733879 -0.563125 -0.379884
f 985/1/251 986/2/251 987/3/251 988/4/251
usemtl white
v 0.583439 0.583439 0.075000
v 0.559000 0.602191 0.075000
v 0.561050 0.605742 0.065101
v 0.586338 0.586338 0.065101
vn -0.563125 -0.733879 -0.379884
f 989/1/252 990/2/252 991/3/252 992/4/252
usemtl white
v 0.559000 0.602191 0.075000
v 0.530541 0.613979 0.075000
v 0.531602 0.617940 0.065101
v 0.561050 0.605742 0.065101
vn -0.353995 -0.854620 -0.379884
f 993/1/253 994/2/253 995/3/253 996/4/253
usemtl white
v 0.530541 0.613979 0.075000
v 0.500000 0.618000 0.075000
v 0.500000 0.622101 0.065101
v 0.531602 0.617940 0.065101
vn -0.120741 -0.917120 -0.379884
f 997/1/254 998/2/254 999/3/254 1000/4/254
usemtl white
v 0.500000 0.618000 0.075000
v 0.469459 0.613979 0.075000
v 0.468398 0.617940 0.065101
v 0.500000 0.622101 0.065101
vn 0.120741 -0.917120 -0.379884
f 1001/1/255 1002/2/255 1003/3/255 1004/4/255
usemtl white
v 0.469459 0.613979 0.075000
v 0.441000 0.602191 0.075000
v 0.438950 0.605742 0.065101
v 0.468398 0.617940 0.065101
vn 0.353995 -0.854620 -0.379884
f 1005/1/256 1006/2/256 1007/3/256 1008/4/256
usemtl white
v 0.441000 0.602191 0.075000
v 0.416561 0.583439 0.075000
v 0.413662 0.586338 0.065101
v 0.438950 0.605742 0.065101
vn 0.563125 -0.733879 -0.379884
f 1009/1/257 1010/2/257 1011/3/257 1012/4/257
usemtl white
v 0.416561 0.583439 0.075000
v 0.397809 0.559000 0.075000
v 0.394258 0.561050 0.065101
v 0.413662 0.586338 0.065101
vn 0.733879 -0.563125 -0.379884
f 1013/1/258 1014/2/258 1015/3/258 1016/4/258
usemtl white
v 0.397809 0.559000 0.075000
v 0.386021 0.530541 0.075000
v 0.382060 0.531602 0.065101
v 0.394258 0.561050 0.065101
vn 0.854620 -0.353995 -0.379884
f 1017/1/259 1018/2/259 1019/3/259 1020/4/259
usemtl white
v 0.386021 0.530541 0.075000
v 0.382000 0.500000 0.075000
v 0.377899 0.500000 0.065101
v 0.382060 0.531602 0.065101
vn 0.917120 -0.120741 -0.379884
f 1021/1/260 1022/2/260 1023/3/260 1024/4/260
usemtl white
v 0.382000 0.500000 0.075000
v 0.386021 0.469459 0.075000
v 0.382060 0.468398 0.065101
v 0.377899 0.500000 0.065101
vn 0.917120 0.120741 -0.379884
f 1025/1/261 1026/2/261 1027/3/261 1028/4/261
usemtl white
v 0.386021 0.469459 0.075000
v 0.397809 0.441000 0.075000
v 0.394258 0.438950 0.065101
v 0.382060 0.468398 0.065101
vn 0.854620 0.353995 -0.379884
f 1029/1/262 1030/2/262 1031/3/262 1032/4/262
usemtl white
v 0.397809 0.441000 0.075000
v 0.416561 0.416561 0.075000
v 0.413662 0.413662 0.065101
v 0.394258 0.438950 0.065101
vn 0.733879 0.563125 -0.379884
f 1033/1/263 1034/2/263 1035/3/263 1036/4/263
usemtl white
v 0.416561 0.416561 0.075000
v 0.441000 0.397809 0.075000
v 0.438950 0.394258 0.065101
v 0.413662 0.413662 0.065101
vn 0.563125 0.733879 -0.379884
f 1037/1/264 1038/2/264 1039/3/264 1040/4/264
usemtl white
v 0.441000 0.397809 0.075000
v 0.469459 0.386021 0.075000
v 0.468398 0.382060 0.065101
v 0.438950 0.394258 0.065101
vn 0.353995 0.854620 -0.379884
f 1041/1/265 1042/2/265 1043/3/265 1044/4/265
usemtl white
v 0.469459 0.386021 0.075000
v 0.500000 0.382000 0.075000
v 0.500000 0.377899 0.065101
v 0.468398 0.382060 0.065101
vn 0.120741 0.917120 -0.379884
f 1045/1/266 1046/2/266 1047/3/266 1048/4/266
usemtl white
v 0.500000 0.382000 0.075000
v 0.530541 0.386021 0.075000
v 0.531602 0.382060 0.065101
v 0.500000 0.377899 0.065101
vn -0.120741 0.917120 -0.379884
f 1049/1/267 1050/2/267 1051/3/267 1052/4/267
usemtl white
v 0.530541 0.386021 0.075000
v 0.559000 0.397809 0.075000
v 0.561050 0.394258 0.065101
v 0.531602 0.382060 0.065101
vn -0.353995 0.854620 -0.379884
f 1053/1/268 1054/2/268 1055/3/268 1056/4/268
usemtl white
v 0.559000 0.397809 0.075000
v 0.583439 0.416561 0.075000
v 0.586338 0.413662 0.065101
v 0.561050 0.394258 0.065101
vn -0.563125 0.733879 -0.379884
f 1057/1/269 1058/2/269 1059/3/269 1060/4/269
usemtl white
v 0.583439 0.416561 0.075000
v 0.602191 0.441000 0.075000
v 0.605742 0.438950 0.065101
v 0.586338 0.413662 0.065101
vn -0.733879 0.563125 -0.379884
f 1061/1/270 1062/2/270 1063/3/270 1064/4/270
usemtl white
v 0.602191 0.441000 0.075000
v 0.613979 0.469459 0.075000
v 0.617940 0.468398 0.065101
v 0.605742 0.438950 0.065101
vn -0.854620 0.353995 -0.379884
f 1065/1/271 1066/2/271 1067/3/271 1068/4/271
usemtl white
v 0.613979 0.469459 0.075000
v 0.618000 0.500000 0.075000
v 0.622101 0.500000 0.065101
v 0.617940 0.468398 0.065101
vn -0.917120 0.120741 -0.379884
f 1069/1/272 1070/2/272 1071/3/272 1072/4/272
usemtl white
v 0.622101 0.500000 0.065101
v 0.617940 0.531602 0.065101
v 0.627502 0.534164 0.061000
v 0.632000 0.500000 0.061000
vn -0.382199 -0.050317 -0.922709
f 1073/1/273 1074/2/273 1075/3/273 1076/4/273
usemtl white
v 0.617940 0.531602 0.065101
v 0.605742 0.561050 0.065101
v 0.614315 0.566000 0.061000
v 0.627502 0.534164 0.061000
vn -0.356152 -0.147523 -0.922709
f 1077/1/274 1078/2/274 1079/3/274 1080/4/274
usemtl white
v 0.605742 0.561050 0.065101
v 0.586338 0.586338 0.065101
v 0.593338 0.593338 0.061000
v 0.614315 0.566000 0.061000
vn -0.305835 -0.234675 -0.922709
f 1081/1/275 1082/2/275 1083/3/275 1084/4/275
usemtl white
v 0.586338 0.586338 0.065101
v 0.561050 0.605742 0.065101
v 0.566000 0.614315 0.061000
v 0.593338 0.593338 0.061000
vn -0.234675 -0.305835 -0.922709
f 1085/1/276 1086/2/276 1087/3/276 1088/4/276
usemtl white
v 0.561050 0.605742 0.065101
v 0.531602 0.617940 0.065101
v 0.534164 0.627502 0.061000
v 0.566000 0.614315 0.061000
vn -0.147523 -0.356152 -0.922709
f 1089/1/277 1090/2/277 1091/3/277 1092/4/277
usemtl white
v 0.531602 0.617940 0.065101
v 0.500000 0.622101 0.065101
v 0.500000 0.632000 0.061000
v 0.534164 0.627502 0.061000
vn -0.050317 -0.382199 -0.922709
f 1093/1/278 1094/2/278 1095/3/278 1096/4/278
usemtl white
v 0.500000 0.622101 0.065101
v 0.468398 0.617940 0.065101
v 0.465836 0.627502 0.061000
v 0.500000 0.632000 0.061000
vn 0.050317 -0.382199 -0.922709
f 1097/1/279 1098/2/279 1099/3/279 1100/4/279
usemtl white
v 0.468398 0.617940 0.065101
v 0.438950 0.605742 0.065101
v 0.434000 0.614315 0.061000
v 0.465836 0.627502 0.061000
vn 0.147523 -0.356152 -0.922709
f 1101/1/280 1102/2/280 1103/3/280 1104/4/280
usemtl white
v 0.438950 0.605742 0.065101
v 0.413662 0.586338 0.065101
v 0.406662 0.593338 0.061000
v 0.434000 0.614315 0.061000
vn 0.234675 -0.305835 -0.922709
f 1105/1/281 1106/2/281 1107/3/281 1108/4/281
usemtl white
v 0.413662 0.586338 0.065101
v 0.394258 0.561050 0.065101
v 0.385685 0.566000 0.061000
v 0.406662 0.593338 0.061000
vn 0.305835 -0.234675 -0.922709
f 1109/1/282 1110/2/282 1111/3/282 1112/4/282
usemtl white
v 0.394258 0.561050 0.065101
v 0.382060 0.531602 0.065101
v 0.372498 0.534164 0.061000
v 0.385685 0.566000 0.061000
vn 0.356152 -0.147523 -0.922709
f 1113/1/283 1114/2/283 1115/3/283 1116/4/283
usemtl white
v 0.382060 0.531602 0.065101
v 0.377899 0.500000 0.065101
v 0.368000 0.500000 0.061000
v 0.372498 0.534164 0.061000
vn 0.382199 -0.050317 -0.922709
f 1117/1/284 1118/2/284 1119/3/284 1120/4/284
usemtl white
v 0.377899 0.500000 0.065101
v 0.382060 0.468398 0.065101
v 0.372498 0.465836 0.061000
v 0.368000 0.500000 0.061000
vn 0.382199 0.050317 -0.922709
f 1121/1/285 1122/2/285 1123/3/285 1124/4/285
usemtl white
v 0.382060 0.468398 0.065101
v 0.394258 0.438950 0.065101
v 0.385685 0.434000 0.061000
v 0.372498 0.465836 0.061000
vn 0.356152 0.147523 -0.922709
f 1125/1/286 1126/2/286 1127/3/286 1128/4/286
usemtl white
v 0.394258 0.438950 0.065101
v 0.413662 0.413662 0.065101
v 0.406662 0.406662 0.061000
v 0.385685 0.434000 0.061000
vn 0.305835 0.234675 -0.922709
f 1129/1/287 1130/2/287 1131/3/287 1132/4/287
usemtl white
v 0.413662 0.413662 0.065101
v 0.438950 0.394258 0.065101
v 0.434000 0.385685 0.061000
v 0.406662 0.406662 0.061000
vn 0.234675 0.305835 -0.922709
f 1133/1/288 1134/2/288 1135/3/288 1136/4/288
usemtl white
v 0.438950 0.394258 0.065101
v 0.468398 0.382060 0.065101
v 0.465836 0.372498 0.061000
v 0.434000 0.385685 0.061000
vn 0.147523 0.356152 -0.922709
f 1137/1/289 1138/2/289 1139/3/289 1140/4/289
usemtl white
v 0.468398 0.382060 0.065101
v 0.500000 0.377899 0.065101
v 0.500000 0.368000 0.061000
v 0.465836 0.372498 0.061000
vn 0.050317 0.382199 -0.922709
f 1141/1/290 1142/2/290 1143/3/290 1144/4/290
usemtl white
v 0.500000 0.377899 0.065101
v 0.531602 0.382060 0.065101
v 0.534164 0.372498 0.061000
v 0.500000 0.368000 0.061000
vn -0.050317 0.382199 -0.922709
f 1145/1/291 1146/2/291 1147/3/291 1148/4/291
usemtl white
v 0.531602 0.382060 0.065101
v 0.561050 0.394258 0.065101
v 0.566000 0.385685 0.061000
v 0.534164 0.372498 0.061000
vn -0.147523 0.356152 -0.922709
f 1149/1/292 1150/2/292 1151/3/292 1152/4/292
usemtl white
v 0.561050 0.394258 0.065101
v 0.586338 0.413662 0.065101
v 0.593338 0.406662 0.061000
v 0.566000 0.385685 0.061000
vn -0.234675 0.305835 -0.922709
f 1153/1/293 1154/2/293 1155/3/293 1156/4/293
usemtl white
v 0.586338 0.413662 0.065101
v 0.605742 0.438950 0.065101
v 0.614315 0.434000 0.061000
v 0.593338 0.406662 0.061000
vn -0.305835 0.234675 -0.922709
f 1157/1/294 1158/2/294 1159/3/294 1160/4/294
usemtl white
v 0.605742 0.438950 0.065101
v 0.617940 0.468398 0.065101
v 0.627502 0.465836 0.061000
v 0.614315 0.434000 0.061000
vn -0.356152 0.147523 -0.922709
f 1161/1/295 1162/2/295 1163/3/295 1164/4/295
usemtl white
v 0.617940 0.468398 0.065101
v 0.622101 0.500000 0.065101
v 0.632000 0.500000 0.061000
v 0.627502 0.465836 0.061000
vn -0.382199 0.050317 -0.922709
f 1165/1/296 1166/2/296 1167/3/296 1168/4/296
usemtl white
v 0.632000 0.500000 0.061000
v 0.627502 0.534164 0.061000
v 0.637064 0.536726 0.065101
v 0.641899 0.500000 0.065101
vn 0.382199 0.050317 -0.922709
f 1169/1/297 1170/2/297 1171/3/297 1172/4/297
usemtl white
v 0.627502 0.534164 0.061000
v 0.614315 0.566000 0.061000
v 0.622889 0.570950 0.065101
v 0.637064 0.536726 0.065101
vn 0.356152 0.147523 -0.922709
f 1173/1/298 1174/2/298 1175/3/298 1176/4/298
usemtl white
v 0.614315 0.566000 0.061000
v 0.593338 0.593338 0.061000
v 0.600338 0.600338 0.065101
v 0.622889 0.570950 0.065101
vn 0.305835 0.234675 -0.922709
f 1177/1/299 1178/2/299 1179/3/299 1180/4/299
usemtl white
v 0.593338 0.593338 0.061000
v 0.566000 0.614315 0.061000
v 0.570950 0.622889 0.065101
v 0.600338 0.600338 0.065101
vn 0.234675 0.305835 -0.922709
f 1181/1/300 1182/2/300 1183/3/300 1184/4/300
usemtl white
v 0.566000 0.614315 0.061000
v 0.534164 0.627502 0.061000
v 0.536726 0.637064 0.065101
v 0.570950 0.622889 0.065101
vn 0.147523 0.356152 -0.922709
f 1185/1/301 1186/2/301 1187/3/301 1188/4/301
usemtl white
v 0.534164 0.627502 0.061000
v 0.500000 0.632000 0.061000
v 0.500000 0.641899 0.065101
v 0.536726 0.637064 0.065101
vn 0.050317 0.382199 -0.922709
f 1189/1/302 1190/2/302 1191/3/302 1192/4/302
usemtl white
v 0.500000 0.632000 0.061000
v 0.465836 0.627502 0.061000
v 0.463274 0.637064 0.065101
v 0.500000 0.641899 0.065101
vn -0.050317 0.382199 -0.922709
f 1193/1/303 1194/2/303 1195/3/303 1196/4/303
usemtl white
v 0.465836 0.627502 0.061000
v 0.434000 0.614315 0.061000
v 0.429050 0.622889 0.065101
v 0.463274 0.637064 0.065101
vn -0.147523 0.356152 -0.922709
f 1197/1/304 1198/2/304 1199/3/304 1200/4/304
usemtl white
v 0.434000 0.614315 0.061000
v 0.406662 0.593338 0.061000
v 0.399662 0.600338 0.065101
v 0.429050 0.622889 0.065101
vn -0.234675 0.305835 -0.922709
f 1201/1/305 1202/2/305 1203/3/305 1204/4/305
usemtl white
v 0.406662 0.593338 0.061000
v 0.385685 0.566000 0.061000
v 0.377111 0.570950 0.065101
v 0.399662 0.600338 0.065101
vn -0.305835 0.234675 -0.922709
f 1205/1/306 1206/2/306 1207/3/306 1208/4/306
usemtl white
v 0.385685 0.566000 0.061000
v 0.372498 0.534164 0.061000
v 0.362936 0.536726 0.065101
v 0.377111 0.570950 0.065101
vn -0.356152 0.147523 -0.922709
f 1209/1/307 1210/2/307 1211/3/307 1212/4/307
usemtl white
v 0.372498 0.534164 0.061000
v 0.368000 0.500000 0.061000
v 0.358101 0.500000 0.065101
v 0.362936 0.536726 0.065101
vn -0.382199 0.050317 -0.922709
f 1213/1/308 1214/2/308 1215/3/308 1216/4/308
usemtl white
v 0.368000 0.500000 0.061000
v 0.372498 0.465836 0.061000
v 0.362936 0.463274 0.065101
v 0.358101 0.500000 0.065101
vn -0.382199 -0.050317 -0.922709
f 1217/1/309 1218/2/309 1219/3/309 1220/4/309
usemtl white
v 0.372498 0.465836 0.061000
v 0.385685 0.434000 0.061000
v 0.377111 0.429050 0.065101
v 0.362936 0.463274 0.065101
vn -0.356152 -0.147523 -0.922709
f 1221/1/310 1222/2/310 1223/3/310 1224/4/310
usemtl white
v 0.385685 0.434000 0.061000
v 0.406662 0.406662 0.061000
v 0.399662 0.399662 0.065101
v 0.377111 0.429050 0.065101
vn -0.305835 -0.234675 -0.922709
f 1225/1/311 1226/2/311 1227/3/311 1228/4/311
usemtl white
v 0.406662 0.406662 0.061000
v 0.434000 0.385685 0.061000
v 0.429050 0.377111 0.065101
v 0.399662 0.399662 0.065101
vn -0.234675 -0.305835 -0.922709
f 1229/1/312 1230/2/312 1231/3/312 1232/4/312
usemtl white
v 0.434000 0.385685 0.061000
v 0.465836 0.372498 0.061000
v 0.463274 0.362936 0.065101
v 0.429050 0.377111 0.065101
vn -0.147523 -0.356152 -0.922709
f 1233/1/313 1234/2/313 1235/3/313 1236/4/313
usemtl white
v 0.465836 0.372498 0.061000
v 0.500000 0.368000 0.061000
v 0.500000 0.358101 0.065101
v 0.463274 0.362936 0.065101
vn -0.050317 -0.382199 -0.922709
f 1237/1/314 1238/2/314 1239/3/314 1240/4/314
usemtl white
v 0.500000 0.368000 0.061000
v 0.534164 0.372498 0.061000
v 0.536726 0.362936 0.065101
v 0.500000 0.358101 0.065101
vn 0.050317 -0.382199 -0.922709
f 1241/1/315 1242/2/315 1243/3/315 1244/4/315
usemtl white
v 0.534164 0.372498 0.061000
v 0.566000 0.385685 0.061000
v 0.570950 0.377111 0.065101
v 0.536726 0.362936 0.065101
vn 0.147523 -0.356152 -0.922709
f 1245/1/316 1246/2/316 1247/3/316 1248/4/316
usemtl white
v 0.566000 0.385685 0.061000
v 0.593338 0.406662 0.061000
v 0.600338 0.399662 0.065101
v 0.570950 0.377111 0.065101
vn 0.234675 -0.305835 -0.922709
f 1249/1/317 1250/2/317 1251/3/317 1252/4/317
usemtl white
v 0.593338 0.406662 0.061000
v 0.614315 0.434000 0.061000
v 0.622889 0.429050 0.065101
v 0.600338 0.399662 0.065101
vn 0.305835 -0.234675 -0.922709
f 1253/1/318 1254/2/318 1255/3/318 1256/4/318
usemtl white
v 0.614315 0.434000 0.061000
v 0.627502 0.465836 0.061000
v 0.637064 0.463274 0.065101
v 0.622889 0.429050 0.065101
vn 0.356152 -0.147523 -0.922709
f 1257/1/319 1258/2/319 1259/3/319 1260/4/319
usemtl white
v 0.627502 0.465836 0.061000
v 0.632000 0.500000 0.061000
v 0.641899 0.500000 0.065101
v 0.637064 0.463274 0.065101
vn 0.382199 -0.050317 -0.922709
f 1261/1/320 1262/2/320 1263/3/320 1264/4/320
usemtl white
v 0.641899 0.500000 0.065101
v 0.637064 0.536726 0.065101
v 0.641025 0.537788 0.075000
v 0.646000 0.500000 0.075000
vn 0.917120 0.120741 -0.379884
f 1265/1/321 1266/2/321 1267/3/321 1268/4/321
usemtl white
v 0.637064 0.536726 0.065101
v 0.622889 0.570950 0.065101
v 0.626440 0.573000 0.075000
v 0.641025 0.537788 0.075000
vn 0.854620 0.353995 -0.379884
f 1269/1/322 1270/2/322 1271/3/322 1272/4/322
usemtl white
v 0.622889 0.570950 0.065101
v 0.600338 0.600338 0.065101
v 0.603238 0.603238 0.075000
v 0.626440 0.573000 0.075000
vn 0.733879 0.563125 -0.379884
f 1273/1/323 1274/2/323 1275/3/323 1276/4/323
usemtl white
v 0.600338 0.600338 0.065101
v 0.570950 0.622889 0.065101
v 0.573000 0.626440 0.075000
v 0.603238 0.603238 0.075000
vn 0.563125 0.733879 -0.379884
f 1277/1/324 1278/2/324 1279/3/324 1280/4/324
usemtl white
v 0.570950 0.622889 0.065101
v 0.536726 0.637064 0.065101
v 0.537788 0.641025 0.075000
v 0.573000 0.626440 0.075000
vn 0.353995 0.854620 -0.379884
f 1281/1/325 1282/2/325 1283/3/325 1284/4/325
usemtl white
v 0.536726 0.637064 0.065101
v 0.500000 0.641899 0.065101
v 0.500000 0.646000 0.075000
v 0.537788 0.641025 0.075000
vn 0.120741 0.917120 -0.379884
f 1285/1/326 1286/2/326 1287/3/326 1288/4/326
usemtl white
v 0.500000 0.641899 0.065101
v 0.463274 0.637064 0.065101
v 0.462212 0.641025 0.075000
v 0.500000 0.646000 0.075000
vn -0.120741 0.917120 -0.379884
f 1289/1/327 1290/2/327 1291/3/327 1292/4/327
usemtl white
v 0.463274 0.637064 0.065101
v 0.429050 0.622889 0.065101
v 0.427000 0.626440 0.075000
v 0.462212 0.641025 0.075000
vn -0.353995 0.854620 -0.379884
f 1293/1/328 1294/2/328 1295/3/328 1296/4/328
usemtl white
v 0.429050 0.622889 0.065101
v 0.399662 0.600338 0.065101
v 0.396762 0.603238 0.075000
v 0.427000 0.626440 0.075000
vn -0.563125 0.733879 -0.379884
f 1297/1/329 1298/2/329 1299/3/329 1300/4/329
usemtl white
v 0.399662 0.600338 0.065101
v 0.377111 0.570950 0.065101
v 0.373560 0.573000 0.075000
v 0.396762 0.603238 0.075000
vn -0.733879 0.563125 -0.379884
f 1301/1/330 1302/2/330 1303/3/330 1304/4/330
usemtl white
v 0.377111 0.570950 0.065101
v 0.362936 0.536726 0.065101
v 0.358975 0.537788 0.075000
v 0.373560 0.573000 0.075000
vn -0.854620 0.353995 -0.379884
f 1305/1/331 1306/2/331 1307/3/331 1308/4/331
usemtl white
v 0.362936 0.536726 0.065101
v 0.358101 0.500000 0.065101
v 0.354000 0.500000 0.075000
v 0.358975 0.537788 0.075000
vn -0.917120 0.120741 -0.379884
f 1309/1/332 1310/2/332 1311/3/332 1312/4/332
usemtl white
v 0.358101 0.500000 0.065101
v 0.362936 0.463274 0.065101
v 0.358975 0.462212 0.075000
v 0.354000 0.500000 0.075000
vn -0.917120 -0.120741 -0.379884
f 1313/1/333 1314/2/333 1315/3/333 1316/4/333
usemtl white
v 0.362936 0.463274 0.065101
v 0.377111 0.429050 0.065101
v 0.373560 0.427000 0.075000
v 0.358975 0.462212 0.075000
vn -0.854620 -0.353995 -0.379884
f 1317/1/334 1318/2/334 1319/3/334 1320/4/334
usemtl white
v 0.377111 0.429050 0.065101
v 0.399662 0.399662 0.065101
v 0.396762 0.396762 0.075000
v 0.373560 0.427000 0.075000
vn -0.733879 -0.563125 -0.379884
f 1321/1/335 1322/2/335 1323/3/335 1324/4/335
usemtl white
v 0.399662 0.399662 0.065101
v 0.429050 0.377111 0.065101
v 0.427000 0.373560 0.075000
v 0.396762 0.396762 0.075000
vn -0.563125 -0.733879 -0.379884
f 1325/1/336 1326/2/336 1327/3/336 1328/4/336
usemtl white
v 0.429050 0.377111 0.065101
v 0.463274 0.362936 0.065101
v 0.462212 0.358975 0.075000
v 0.427000 0.373560 0.075000
vn -0.353995 -0.854620 -0.379884
f 1329/1/337 1330/2/337 1331/3/337 1332/4/337
usemtl white
v 0.463274 0.362936 0.065101
v 0.500000 0.358101 0.065101
v 0.500000 0.354000 0.075000
v 0.462212 0.358975 0.075000
vn -0.120741 -0.917120 -0.379884
f 1333/1/338 1334/2/338 1335/3/338 1336/4/338
usemtl white
v 0.500000 0.358101 0.065101
v 0.536726 0.362936 0.065101
v 0.537788 0.358975 0.075000
v 0.500000 0.354000 0.075000
vn 0.120741 -0.917120 -0.379884
f 1337/1/339 1338/2/339 1339/3/339 1340/4/339
usemtl white
v 0.536726 0.362936 0.065101
v 0.570950 0.377111 0.065101
v 0.573000 0.373560 0.075000
v 0.537788 0.358975 0.075000
vn 0.353995 -0.854620 -0.379884
f 1341/1/340 1342/2/340 1343/3/340 1344/4/340
usemtl white
v 0.570950 0.377111 0.065101
v 0.600338 0.399662 0.065101
v 0.603238 0.396762 0.075000
v 0.573000 0.373560 0.075000
vn 0.563125 -0.733879 -0.379884
f 1345/1/341 1346/2/341 1347/3/341 1348/4/341
usemtl white
v 0.600338 0.399662 0.065101
v 0.622889 0.429050 0.065101
v 0.626440 0.427000 0.075000
v 0.603238 0.396762 0.075000
vn 0.733879 -0.563125 -0.379884
f 1349/1/342 1350/2/342 1351/3/342 1352/4/342
usemtl white
v 0.622889 0.429050 0.065101
v 0.637064 0.463274 0.065101
v 0.641025 0.462212 0.075000
v 0.626440 0.427000 0.075000
vn 0.854620 -0.353995 -0.379884
f 1353/1/343 1354/2/343 1355/3/343 1356/4/343
usemtl white
v 0.637064 0.463274 0.065101
v 0.641899 0.500000 0.065101
v 0.646000 0.500000 0.075000
v 0.641025 0.462212 0.075000
vn 0.917120 -0.120741 -0.379884
f 1357/1/344 1358/2/344 1359/3/344 1360/4/344
usemtl black
v 0.655000 0.500000 0.145000
v 0.649719 0.540117 0.145000
v 0.646324 0.539207 0.153485
v 0.651485 0.500000 0.153485
vn 0.917120 0.120741 0.379884
f 1361/1/345 1362/2/345 1363/3/345 1364/4/345
usemtl black
v 0.649719 0.540117 0.145000
v 0.634234 0.577500 0.145000
v 0.631190 0.575743 0.153485
v 0.646324 0.539207 0.153485
vn 0.854620 0.353995 0.379884
f 1365/1/346 1366/2/346 1367/3/346 1368/4/346
usemtl black
v 0.634234 0.577500 0.145000
v 0.609602 0.609602 0.145000
v 0.607116 0.607116 0.153485
v 0.631190 0.575743 0.153485
vn 0.733879 0.563125 0.379884
f 1369/1/347 1370/2/347 1371/3/347 1372/4/347
usemtl black
v 0.609602 0.609602 0.145000
v 0.577500 0.634234 0.145000
v 0.575743 0.631190 0.153485
v 0.607116 0.607116 0.153485
vn 0.563125 0.733879 0.379884
f 1373/1/348 1374/2/348 1375/3/348 1376/4/348
usemtl black
v 0.577500 0.634234 0.145000
v 0.540117 0.649719 0.145000
v 0.539207 0.646324 0.153485
v 0.575743 0.631190 0.153485
vn 0.353995 0.854620 0.379884
f 1377/1/349 1378/2/349 1379/3/349 1380/4/349
usemtl black
v 0.540117 0.649719 0.145000
v 0.500000 0.655000 0.145000
v 0.500000 0.651485 0.153485
v 0.539207 0.646324 0.153485
vn 0.120741 0.917120 0.379884
f 1381/1/350 1382/2/350 1383/3/350 1384/4/350
usemtl black
v 0.500000 0.655000 0.145000
v 0.459883 0.649719 0.145000
v 0.460793 0.646324 0.153485
v 0.500000 0.651485 0.153485
vn -0.120741 0.917120 0.379884
f 1385/1/351 1386/2/351 1387/3/351 1388/4/351
usemtl black
v 0.459883 0.649719 0.145000
v 0.422500 0.634234 0.145000
v 0.424257 0.631190 0.153485
v 0.460793 0.646324 0.153485
vn -0.353995 0.854620 0.379884
f 1389/1/352 1390/2/352 1391/3/352 1392/4/352
usemtl black
v 0.422500 0.634234 0.145000
v 0.390398 0.609602 0.145000
v 0.392884 0.607116 0.153485
v 0.424257 0.631190 0.153485
vn -0.563125 0.733879 0.379884
f 1393/1/353 1394/2/353 1395/3/353 1396/4/353
usemtl black
v 0.390398 0.609602 0.145000
v 0.365766 0.577500 0.145000
v 0.368810 0.575743 0.153485
v 0.392884 0.607116 0.153485
vn -0.733879 0.563125 0.379884
f 1397/1/354 1398/2/354 1399/3/354 1400/4/354
usemtl black
v 0.365766 0.577500 0.145000
v 0.350281 0.540117 0.145000
v 0.353676 0.539207 0.153485
v 0.368810 0.575743 0.153485
vn -0.854620 0.353995 0.379884
f 1401/1/355 1402/2/355 1403/3/355 1404/4/355
usemtl black
v 0.350281 0.540117 0.145000
v 0.345000 0.500000 0.145000
v 0.348515 0.500000 0.153485
v 0.353676 0.539207 0.153485
vn -0.917120 0.120741 0.379884
f 1405/1/356 1406/2/356 1407/3/356 1408/4/356
usemtl black
v 0.345000 0.500000 0.145000
v 0.350281 0.459883 0.145000
v 0.353676 0.460793 0.153485
v 0.348515 0.500000 0.153485
vn -0.917120 -0.120741 0.379884
f 1409/1/357 1410/2/357 1411/3/357 1412/4/357
usemtl black
v 0.350281 0.459883 0.145000
v 0.365766 0.422500 0.145000
v 0.368810 0.424257 0.153485
v 0.353676 0.460793 0.153485
vn -0.854620 -0.353995 0.379884
f 1413/1/358 1414/2/358 1415/3/358 1416/4/358
usemtl black
v 0.365766 0.422500 0.145000
v 0.390398 0.390398 0.145000
v 0.392884 0.392884 0.153485
v 0.368810 0.424257 0.153485
vn -0.733879 -0.563125 0.379884
f 1417/1/359 1418/2/359 1419/3/359 1420/4/359
usemtl black
v 0.390398 0.390398 0.145000
v 0.422500 0.365766 0.145000
v 0.424257 0.368810 0.153485
v 0.392884 0.392884 0.153485
vn -0.563125 -0.733879 0.379884
f 1421/1/360 1422/2/360 1423/3/360 1424/4/360
usemtl black
v 0.422500 0.365766 0.145000
v 0.459883 0.350281 0.145000
v 0.460793 0.353676 0.153485
v 0.424257 0.368810 0.153485
vn -0.353995 -0.854620 0.379884
f 1425/1/361 1426/2/361 1427/3/361 1428/4/361
usemtl black
v 0.459883 0.350281 0.145000
v 0.500000 0.345000 0.145000
v 0.500000 0.348515 0.153485
v 0.460793 0.353676 0.153485
vn -0.120741 -0.917120 0.379884
f 1429/1/362 1430/2/362 1431/3/362 1432/4/362
usemtl black
v 0.500000 0.345000 0.145000
v 0.540117 0.350281 0.145000
v 0.539207 0.353676 0.153485
v 0.500000 0.348515 0.153485
vn 0.120741 -0.917120 0.379884
f 1433/1/363 1434/2/363 1435/3/363 1436/4/363
usemtl black
v 0.540117 0.350281 0.145000
v 0.577500 0.365766 0.145000
v 0.575743 0.368810 0.153485
v 0.539207 0.353676 0.153485
vn 0.353995 -0.854620 0.379884
f 1437/1/364 1438/2/364 1439/3/364 1440/4/364
usemtl black
v 0.577500 0.365766 0.145000
v 0.609602 0.390398 0.145000
v 0.607116 0.392884 0.153485
v 0.575743 0.368810 0.153485
vn 0.563125 -0.733879 0.379884
f 1441/1/365 1442/2/365 1443/3/365 1444/4/365
usemtl black
v 0.609602 0.390398 0.145000
v 0.634234 0.422500 0.145000
v 0.631190 0.424257 0.153485
v 0.607116 0.392884 0.153485
vn 0.733879 -0.563125 0.379884
f 1445/1/366 1446/2/366 1447/3/366 1448/4/366
usemtl black
v 0.634234 0.422500 0.145000
v 0.649719 0.459883 0.145000
v 0.646324 0.460793 0.153485
v 0.631190 0.424257 0.153485
vn 0.854620 -0.353995 0.379884
f 1449/1/367 1450/2/367 1451/3/367 1452/4/367
usemtl black
v 0.649719 0.459883 0.145000
v 0.655000 0.500000 0.145000
v 0.651485 0.500000 0.153485
v 0.646324 0.460793 0.153485
vn 0.917120 -0.120741 0.379884
f 1453/1/368 1454/2/368 1455/3/368 1456/4/368
usemtl black
v 0.651485 0.500000 0.153485
v 0.646324 0.539207 0.153485
v 0.638127 0.537011 0.157000
v 0.643000 0.500000 0.157000
vn 0.382199 0.050317 0.922709
f 1457/1/369 1458/2/369 1459/3/369 1460/4/369
usemtl black
v 0.646324 0.539207 0.153485
v 0.631190 0.575743 0.153485
v 0.623842 0.571500 0.157000
v 0.638127 0.537011 0.157000
vn 0.356152 0.147523 0.922709
f 1461/1/370 1462/2/370 1463/3/370 1464/4/370
usemtl black
v 0.631190 0.575743 0.153485
v 0.607116 0.607116 0.153485
v 0.601116 0.601116 0.157000
v 0.623842 0.571500 0.157000
vn 0.305835 0.234675 0.922709
f 1465/1/371 1466/2/371 1467/3/371 1468/4/371
usemtl black
v 0.607116 0.607116 0.153485
v 0.575743 0.631190 0.153485
v 0.571500 0.623842 0.157000
v 0.601116 0.601116 0.157000
vn 0.234675 0.305835 0.922709
f 1469/1/372 1470/2/372 1471/3/372 1472/4/372
usemtl black
v 0.575743 0.631190 0.153485
v 0.539207 0.646324 0.153485
v 0.537011 0.638127 0.157000
v 0.571500 0.623842 0.157000
vn 0.147523 0.356152 0.922709
f 1473/1/373 1474/2/373 1475/3/373 1476/4/373
usemtl black
v 0.539207 0.646324 0.153485
v 0.500000 0.651485 0.153485
v 0.500000 0.643000 0.157000
v 0.537011 0.638127 0.157000
vn 0.050317 0.382199 0.922709
f 1477/1/374 1478/2/374 1479/3/374 1480/4/374
usemtl black
v 0.500000 0.651485 0.153485
v 0.460793 0.646324 0.153485
v 0.462989 0.638127 0.157000
v 0.500000 0.643000 0.157000
vn -0.050317 0.382199 0.922709
f 1481/1/375 1482/2/375 1483/3/375 1484/4/375
usemtl black
v 0.460793 0.646324 0.153485
v 0.424257 0.631190 0.153485
v 0.428500 0.623842 0.157000
v 0.462989 0.638127 0.157000
vn -0.147523 0.356152 0.922709
f 1485/1/376 1486/2/376 1487/3/376 1488/4/376
usemtl black
v 0.424257 0.631190 0.153485
v 0.392884 0.607116 0.153485
v 0.398884 0.601116 0.157000
v 0.428500 0.623842 0.157000
vn -0.234675 0.305835 0.922709
f 1489/1/377 1490/2/377 1491/3/377 1492/4/377
usemtl black
v 0.392884 0.607116 0.153485
v 0.368810 0.575743 0.153485
v 0.376158 0.571500 0.157000
v 0.398884 0.601116 0.157000
vn -0.305835 0.234675 0.922709
f 1493/1/378 1494/2/378 1495/3/378 1496/4/378
usemtl black
v 0.368810 0.575743 0.153485
v 0.353676 0.539207 0.153485
v 0.361873 0.537011 0.157000
v 0.376158 0.571500 0.157000
vn -0.356152 0.147523 0.922709
f 1497/1/379 1498/2/379 1499/3/379 1500/4/379
usemtl black
v 0.353676 0.539207 0.153485
v 0.348515 0.500000 0.153485
v 0.357000 0.500000 0.157000
v 0.361873 0.537011 0.157000
vn -0.382199 0.050317 0.922709
f 1501/1/380 1502/2/380 1503/3/380 1504/4/380
usemtl black
v 0.348515 0.500000 0.153485
v 0.353676 0.460793 0.153485
v 0.361873 0.462989 0.157000
v 0.357000 0.500000 0.157000
vn -0.382199 -0.050317 0.922709
f 1505/1/381 1506/2/381 1507/3/381 1508/4/381
usemtl black
v 0.353676 0.460793 0.153485
v 0.368810 0.424257 0.153485
v 0.376158 0.428500 0.157000
v 0.361873 0.462989 0.157000
vn -0.356152 -0.147523 0.922709
f 1509/1/382 1510/2/382 1511/3/382 1512/4/382
usemtl black
v 0.368810 0.424257 0.153485
v 0.392884 0.392884 0.153485
v 0.398884 0.398884 0.157000
v 0.376158 0.428500 0.157000
vn -0.305835 -0.234675 0.922709
f 1513/1/383 1514/2/383 1515/3/383 1516/4/383
usemtl black
v 0.392884 0.392884 0.153485
v 0.424257 0.368810 0.153485
v 0.428500 0.376158 0.157000
v 0.398884 0.398884 0.157000
vn -0.234675 -0.305835 0.922709
f 1517/1/384 1518/2/384 1519/3/384 1520/4/384
usemtl black
v 0.424257 0.368810 0.153485
v 0.460793 0.353676 0.153485
v 0.462989 0.361873 0.157000
v 0.428500 0.376158 0.157000
vn -0.147523 -0.356152 0.922709
f 1521/1/385 1522/2/385 1523/3/385 1524/4/385
usemtl black
v 0.460793 0.353676 0.153485
v 0.500000 0.348515 0.153485
v 0.500000 0.357000 0.157000
v 0.462989 0.361873 0.157000
vn -0.050317 -0.382199 0.922709
f 1525/1/386 1526/2/386 1527/3/386 1528/4/386
usemtl black
v 0.500000 0.348515 0.153485
v 0.539207 0.353676 0.153485
v 0.537011 0.361873 0.157000
v 0.500000 0.357000 0.157000
vn 0.050317 -0.382199 0.922709
f 1529/1/387 1530/2/387 1531/3/387 1532/4/387
usemtl black
v 0.539207 0.353676 0.153485
v 0.575743 0.368810 0.153485
v 0.571500 0.376158 0.157000
v 0.537011 0.361873 0.157000
vn 0.147523 -0.356152 0.922709
f 1533/1/388 1534/2/388 1535/3/388 1536/4/388
usemtl black
v 0.575743 0.368810 0.153485
v 0.607116 0.392884 0.153485
v 0.601116 0.398884 0.157000
v 0.571500 0.376158 0.157000
vn 0.234675 -0.305835 0.922709
f 1537/1/389 1538/2/389 1539/3/389 1540/4/389
usemtl black
v 0.607116 0.392884 0.153485
v 0.631190 0.424257 0.153485
v 0.623842 0.428500 0.157000
v 0.601116 0.398884 0.157000
vn 0.305835 -0.234675 0.922709
f 1541/1/390 1542/2/390 1543/3/390 1544/4/390
usemtl black
v 0.631190 0.424257 0.153485
v 0.646324 0.460793 0.153485
v 0.638127 0.462989 0.157000
v 0.623842 0.428500 0.157000
vn 0.356152 -0.147523 0.922709
f 1545/1/391 1546/2/391 1547/3/391 1548/4/391
usemtl black
v 0.646324 0.460793 0.153485
v 0.651485 0.500000 0.153485
v 0.643000 0.500000 0.157000
v 0.638127 0.462989 0.157000
vn 0.382199 -0.050317 0.922709
f 1549/1/392 1550/2/392 1551/3/392 1552/4/392
usemtl black
v 0.643000 0.500000 0.157000
v 0.638127 0.537011 0.157000
v 0.629931 0.534815 0.153485
v 0.634515 0.500000 0.153485
vn -0.382199 -0.050317 0.922709
f 1553/1/393 1554/2/393 1555/3/393 1556/4/393
usemtl black
v 0.638127 0.537011 0.157000
v 0.623842 0.571500 0.157000
v 0.616493 0.567257 0.153485
v 0.629931 0.534815 0.153485
vn -0.356152 -0.147523 0.922709
f 1557/1/394 1558/2/394 1559/3/394 1560/4/394
usemtl black
v 0.623842 0.571500 0.157000
v 0.601116 0.601116 0.157000
v 0.595116 0.595116 0.153485
v 0.616493 0.567257 0.153485
vn -0.305835 -0.234675 0.922709
f 1561/1/395 1562/2/395 1563/3/395 1564/4/395
usemtl black
v 0.601116 0.601116 0.157000
v 0.571500 0.623842 0.157000
v 0.567257 0.616493 0.153485
v 0.595116 0.595116 0.153485
vn -0.234675 -0.305835 0.922709
f 1565/1/396 1566/2/396 1567/3/396 1568/4/396
usemtl black
v 0.571500 0.623842 0.157000
v 0.537011 0.638127 0.157000
v 0.534815 0.629931 0.153485
v 0.567257 0.616493 0.153485
vn -0.147523 -0.356152 0.922709
f 1569/1/397 1570/2/397 1571/3/397 1572/4/397
usemtl black
v 0.537011 0.638127 0.157000
v 0.500000 0.643000 0.157000
v 0.500000 0.634515 0.153485
v 0.534815 0.629931 0.153485
vn -0.050317 -0.382199 0.922709
f 1573/1/398 1574/2/398 1575/3/398 1576/4/398
usemtl black
v 0.500000 0.643000 0.157000
v 0.462989 0.638127 0.157000
v 0.465185 0.629931 0.153485
v 0.500000 0.634515 0.153485
vn 0.050317 -0.382199 0.922709
f 1577/1/399 1578/2/399 1579/3/399 1580/4/399
usemtl black
v 0.462989 0.638127 0.157000
v 0.428500 0.623842 0.157000
v 0.432743 0.616493 0.153485
v 0.465185 0.629931 0.153485
vn 0.147523 -0.356152 0.922709
f 1581/1/400 1582/2/400 1583/3/400 1584/4/400
usemtl black
v 0.428500 0.623842 0.157000
v 0.398884 0.601116 0.157000
v 0.404884 0.595116 0.153485
v 0.432743 0.616493 0.153485
vn 0.234675 -0.305835 0.922709
f 1585/1/401 1586/2/401 1587/3/401 1588/4/401
usemtl black
v 0.398884 0.601116 0.157000
v 0.376158 0.571500 0.157000
v 0.383507 0.567257 0.153485
v 0.404884 0.595116 0.153485
vn 0.305835 -0.234675 0.922709
f 1589/1/402 1590/2/402 1591/3/402 1592/4/402
usemtl black
v 0.376158 0.571500 0.157000
v 0.361873 0.537011 0.157000
v 0.370069 0.534815 0.153485
v 0.383507 0.567257 0.153485
vn 0.356152 -0.147523 0.922709
f 1593/1/403 1594/2/403 1595/3/403 1596/4/403
usemtl black
v 0.361873 0.537011 0.157000
v 0.357000 0.500000 0.157000
v 0.365485 0.500000 0.153485
v 0.370069 0.534815 0.153485
vn 0.382199 -0.050317 0.922709
f 1597/1/404 1598/2/404 1599/3/404 1600/4/404
usemtl black
v 0.357000 0.500000 0.157000
v 0.361873 0.462989 0.157000
v 0.370069 0.465185 0.153485
v 0.365485 0.500000 0.153485
vn 0.382199 0.050317 0.922709
f 1601/1/405 1602/2/405 1603/3/405 1604/4/405
usemtl black
v 0.361873 0.462989 0.157000
v 0.376158 0.428500 0.157000
v 0.383507 0.432743 0.153485
v 0.370069 0.465185 0.153485
vn 0.356152 0.147523 0.922709
f 1605/1/406 1606/2/406 1607/3/406 1608/4/406
usemtl black
v 0.376158 0.428500 0.157000
v 0.398884 0.398884 0.157000
v 0.404884 0.404884 0.153485
v 0.383507 0.432743 0.153485
vn 0.305835 0.234675 0.922709
f 1609/1/407 1610/2/407 1611/3/407 1612/4/407
usemtl black
v 0.398884 0.398884 0.157000
v 0.428500 0.376158 0.157000
v 0.432743 0.383507 0.153485
v 0.404884 0.404884 0.153485
vn 0.234675 0.305835 0.922709
f 1613/1/408 1614/2/408 1615/3/408 1616/4/408
usemtl black
v 0.428500 0.376158 0.157000
v 0.462989 0.361873 0.157000
v 0.465185 0.370069 0.153485
v 0.432743 0.383507 0.153485
vn 0.147523 0.356152 0.922709
f 1617/1/409 1618/2/409 1619/3/409 1620/4/409
usemtl black
v 0.462989 0.361873 0.157000
v 0.500000 0.357000 0.157000
v 0.500000 0.365485 0.153485
v 0.465185 0.370069 0.153485
vn 0.050317 0.382199 0.922709
f 1621/1/410 1622/2/410 1623/3/410 1624/4/410
usemtl black
v 0.500000 0.357000 0.157000
v 0.537011 0.361873 0.157000
v 0.534815 0.370069 0.153485
v 0.500000 0.365485 0.153485
vn -0.050317 0.382199 0.922709
f 1625/1/411 1626/2/411 1627/3/411 1628/4/411
usemtl black
v 0.537011 0.361873 0.157000
v 0.571500 0.376158 0.157000
v 0.567257 0.383507 0.153485
v 0.534815 0.370069 0.153485
vn -0.147523 0.356152 0.922709
f 1629/1/412 1630/2/412 1631/3/412 1632/4/412
usemtl black
v 0.571500 0.376158 0.157000
v 0.601116 0.398884 0.157000
v 0.595116 0.404884 0.153485
v 0.567257 0.383507 0.153485
vn -0.234675 0.305835 0.922709
f 1633/1/413 1634/2/413 1635/3/413 1636/4/413
usemtl black
v 0.601116 0.398884 0.157000
v 0.623842 0.428500 0.157000
v 0.616493 0.432743 0.153485
v 0.595116 0.404884 0.153485
vn -0.305835 0.234675 0.922709
f 1637/1/414 1638/2/414 1639/3/414 1640/4/414
usemtl black
v 0.623842 0.428500 0.157000
v 0.638127 0.462989 0.157000
v 0.629931 0.465185 0.153485
v 0.616493 0.432743 0.153485
vn -0.356152 0.147523 0.922709
f 1641/1/415 1642/2/415 1643/3/415 1644/4/415
usemtl black
v 0.638127 0.462989 0.157000
v 0.643000 0.500000 0.157000
v 0.634515 0.500000 0.153485
v 0.629931 0.465185 0.153485
vn -0.382199 0.050317 0.922709
f 1645/1/416 1646/2/416 1647/3/416 1648/4/416
usemtl black
v 0.634515 0.500000 0.153485
v 0.629931 0.534815 0.153485
v 0.626536 0.533905 0.145000
v 0.631000 0.500000 0.145000
vn -0.917120 -0.120741 0.379884
f 1649/1/417 1650/2/417 1651/3/417 1652/4/417
usemtl black
v 0.629931 0.534815 0.153485
v 0.616493 0.567257 0.153485
v 0.613449 0.565500 0.145000
v 0.626536 0.533905 0.145000
vn -0.854620 -0.353995 0.379884
f 1653/1/418 1654/2/418 1655/3/418 1656/4/418
usemtl black
v 0.616493 0.567257 0.153485
v 0.595116 0.595116 0.153485
v 0.592631 0.592631 0.145000
v 0.613449 0.565500 0.145000
vn -0.733879 -0.563125 0.379884
f 1657/1/419 1658/2/419 1659/3/419 1660/4/419
usemtl black
v 0.595116 0.595116 0.153485
v 0.567257 0.616493 0.153485
v 0.565500 0.613449 0.145000
v 0.592631 0.592631 0.145000
vn -0.563125 -0.733879 0.379884
f 1661/1/420 1662/2/420 1663/3/420 1664/4/420
usemtl black
v 0.567257 0.616493 0.153485
v 0.534815 0.629931 0.153485
v 0.533905 0.626536 0.145000
v 0.565500 0.613449 0.145000
vn -0.353995 -0.854620 0.379884
f 1665/1/421 1666/2/421 1667/3/421 1668/4/421
usemtl black
v 0.534815 0.629931 0.153485
v 0.500000 0.634515 0.153485
v 0.500000 0.631000 0.145000
v 0.533905 0.626536 0.145000
vn -0.120741 -0.917120 0.379884
f 1669/1/422 1670/2/422 1671/3/422 1672/4/422
usemtl black
v 0.500000 0.634515 0.153485
v 0.465185 0.629931 0.153485
v 0.466095 0.626536 0.145000
v 0.500000 0.631000 0.145000
vn 0.120741 -0.917120 0.379884
f 1673/1/423 1674/2/423 1675/3/423 1676/4/423
usemtl black
v 0.465185 0.629931 0.153485
v 0.432743 0.616493 0.153485
v 0.434500 0.613449 0.145000
v 0.466095 0.626536 0.145000
vn 0.353995 -0.854620 0.379884
f 1677/1/424 1678/2/424 1679/3/424 1680/4/424
usemtl black
v 0.432743 0.616493 0.153485
v 0.404884 0.595116 0.153485
v 0.407369 0.592631 0.145000
v 0.434500 0.613449 0.145000
vn 0.563125 -0.733879 0.379884
f 1681/1/425 1682/2/425 1683/3/425 1684/4/425
usemtl black
v 0.404884 0.595116 0.153485
v 0.383507 0.567257 0.153485
v 0.386551 0.565500 0.145000
v 0.407369 0.592631 0.145000
vn 0.733879 -0.563125 0.379884
f 1685/1/426 1686/2/426 1687/3/426 1688/4/426
usemtl black
v 0.383507 0.567257 0.153485
v 0.370069 0.534815 0.153485
v 0.373464 0.533905 0.145000
v 0.386551 0.565500 0.145000
vn 0.854620 -0.353995 0.379884
f 1689/1/427 1690/2/427 1691/3/427 1692/4/427
usemtl black
v 0.370069 0.534815 0.153485
v 0.365485 0.500000 0.153485
v 0.369000 0.500000 0.145000
v 0.373464 0.533905 0.145000
vn 0.917120 -0.120741 0.379884
f 1693/1/428 1694/2/428 1695/3/428 1696/4/428
usemtl black
v 0.365485 0.500000 0.153485
v 0.370069 0.465185 0.153485
v 0.373464 0.466095 0.145000
v 0.369000 0.500000 0.145000
vn 0.917120 0.120741 0.379884
f 1697/1/429 1698/2/429 1699/3/429 1700/4/429
usemtl black
v 0.370069 0.465185 0.153485
v 0.383507 0.432743 0.153485
v 0.386551 0.434500 0.145000
v 0.373464 0.466095 0.145000
vn 0.854620 0.353995 0.379884
f 1701/1/430 1702/2/430 1703/3/430 1704/4/430
usemtl black
v 0.383507 0.432743 0.153485
v 0.404884 0.404884 0.153485
v 0.407369 0.407369 0.145000
v 0.386551 0.434500 0.145000
vn 0.733879 0.563125 0.379884
f 1705/1/431 1706/2/431 1707/3/431 1708/4/431
usemtl black
v 0.404884 0.404884 0.153485
v 0.432743 0.383507 0.153485
v 0.434500 0.386551 0.145000
v 0.407369 0.407369 0.145000
vn 0.563125 0.733879 0.379884
f 1709/1/432 1710/2/432 1711/3/432 1712/4/432
usemtl black
v 0.432743 0.383507 0.153485
v 0.465185 0.370069 0.153485
v 0.466095 0.373464 0.145000
v 0.434500 0.386551 0.145000
vn 0.353995 0.854620 0.379884
f 1713/1/433 1714/2/433 1715/3/433 1716/4/433
usemtl black
v 0.465185 0.370069 0.153485
v 0.500000 0.365485 0.153485
v 0.500000 0.369000 0.145000
v 0.466095 0.373464 0.145000
vn 0.120741 0.917120 0.379884
f 1717/1/434 1718/2/434 1719/3/434 1720/4/434
usemtl black
v 0.500000 0.365485 0.153485
v 0.534815 0.370069 0.153485
v 0.533905 0.373464 0.145000
v 0.500000 0.369000 0.145000
vn -0.120741 0.917120 0.379884
f 1721/1/435 1722/2/435 1723/3/435 1724/4/435
usemtl black
v 0.534815 0.370069 0.153485
v 0.567257 0.383507 0.153485
v 0.565500 0.386551 0.145000
v 0.533905 0.373464 0.145000
vn -0.353995 0.854620 0.379884
f 1725/1/436 1726/2/436 1727/3/436 1728/4/436
usemtl black
v 0.567257 0.383507 0.153485
v 0.595116 0.404884 0.153485
v 0.592631 0.407369 0.145000
v 0.565500 0.386551 0.145000
vn -0.563125 0.733879 0.379884
f 1729/1/437 1730/2/437 1731/3/437 1732/4/437
usemtl black
v 0.595116 0.404884 0.153485
v 0.616493 0.432743 0.153485
v 0.613449 0.434500 0.145000
v 0.592631 0.407369 0.145000
vn -0.733879 0.563125 0.379884
f 1733/1/438 1734/2/438 1735/3/438 1736/4/438
usemtl black
v 0.616493 0.432743 0.153485
v 0.629931 0.465185 0.153485
v 0.626536 0.466095 0.145000
v 0.613449 0.434500 0.145000
vn -0.854620 0.353995 0.379884
f 1737/1/439 1738/2/439 1739/3/439 1740/4/439
usemtl black
v 0.629931 0.465185 0.153485
v 0.634515 0.500000 0.153485
v 0.631000 0.500000 0.145000
v 0.626536 0.466095 0.145000
vn -0.917120 0.120741 0.379884
f 1741/1/440 1742/2/440 1743/3/440 1744/4/440
usemtl black
v 0.631000 0.500000 0.145000
v 0.626536 0.533905 0.145000
v 0.629931 0.534815 0.136515
v 0.634515 0.500000 0.136515
vn -0.917120 -0.120741 -0.379884
f 1745/1/441 1746/2/441 1747/3/441 1748/4/441
usemtl black
v 0.626536 0.533905 0.145000
v 0.613449 0.565500 0.145000
v 0.616493 0.567257 0.136515
v 0.629931 0.534815 0.136515
vn -0.854620 -0.353995 -0.379884
f 1749/1/442 1750/2/442 1751/3/442 1752/4/442
usemtl black
v 0.613449 0.565500 0.145000
v 0.592631 0.592631 0.145000
v 0.595116 0.595116 0.136515
v 0.616493 0.567257 0.136515
vn -0.733879 -0.563125 -0.379884
f 1753/1/443 1754/2/443 1755/3/443 1756/4/443
usemtl black
v 0.592631 0.592631 0.145000
v 0.565500 0.613449 0.145000
v 0.567257 0.616493 0.136515
v 0.595116 0.595116 0.136515
vn -0.563125 -0.733879 -0.379884
f 1757/1/444 1758/2/444 1759/3/444 1760/4/444
usemtl black
v 0.565500 0.613449 0.145000
v 0.533905 0.626536 0.145000
v 0.534815 0.629931 0.136515
v 0.567257 0.616493 0.136515
vn -0.353995 -0.854620 -0.379884
f 1761/1/445 1762/2/445 1763/3/445 1764/4/445
usemtl black
v 0.533905 0.626536 0.145000
v 0.500000 0.631000 0.145000
v 0.500000 0.634515 0.136515
v 0.534815 0.629931 0.136515
vn -0.120741 -0.917120 -0.379884
f 1765/1/446 1766/2/446 1767/3/446 1768/4/446
usemtl black
v 0.500000 0.631000 0.145000
v 0.466095 0.626536 0.145000
v 0.465185 0.629931 0.136515
v 0.500000 0.634515 0.136515
vn 0.120741 -0.917120 -0.379884
f 1769/1/447 1770/2/447 1771/3/447 1772/4/447
usemtl black
v 0.466095 0.626536 0.145000
v 0.434500 0.613449 0.145000
v 0.432743 0.616493 0.136515
v 0.465185 0.629931 0.136515
vn 0.353995 -0.854620 -0.379884
f 1773/1/448 1774/2/448 1775/3/448 1776/4/448
usemtl black
v 0.434500 0.613449 0.145000
v 0.407369 0.592631 0.145000
v 0.404884 0.595116 0.136515
v 0.432743 0.616493 0.136515
vn 0.563125 -0.733879 -0.379884
f 1777/1/449 1778/2/449 1779/3/449 1780/4/449
usemtl black
v 0.407369 0.592631 0.145000
v 0.386551 0.565500 0.145000
v 0.383507 0.567257 0.136515
v 0.404884 0.595116 0.136515
vn 0.733879 -0.563125 -0.379884
f 1781/1/450 1782/2/450 1783/3/450 1784/4/450
usemtl black
v 0.386551 0.565500 0.145000
v 0.373464 0.533905 0.145000
v 0.370069 0.534815 0.136515
v 0.383507 0.567257 0.136515
vn 0.854620 -0.353995 -0.379884
f 1785/1/451 1786/2/451 1787/3/451 1788/4/451
usemtl black
v 0.373464 0.533905 0.145000
v 0.369000 0.500000 0.145000
v 0.365485 0.500000 0.136515
v 0.370069 0.534815 0.136515
vn 0.917120 -0.120741 -0.379884
f 1789/1/452 1790/2/452 1791/3/452 1792/4/452
usemtl black
v 0.369000 0.500000 0.145000
v 0.373464 0.466095 0.145000
v 0.370069 0.465185 0.136515
v 0.365485 0.500000 0.136515
vn 0.917120 0.120741 -0.379884
f 1793/1/453 1794/2/453 1795/3/453 1796/4/453
usemtl black
v 0.373464 0.466095 0.145000
v 0.386551 0.434500 0.145000
v 0.383507 0.432743 0.136515
v 0.370069 0.465185 0.136515
vn 0.854620 0.353995 -0.379884
f 1797/1/454 1798/2/454 1799/3/454 1800/4/454
usemtl black
v 0.386551 0.434500 0.145000
v 0.407369 0.407369 0.145000
v 0.404884 0.404884 0.136515
v 0.383507 0.432743 0.136515
vn 0.733879 0.563125 -0.379884
f 1801/1/455 1802/2/455 1803/3/455 1804/4/455
usemtl black
v 0.407369 0.407369 0.145000
v 0.434500 0.386551 0.145000
v 0.432743 0.383507 0.136515
v 0.404884 0.404884 0.136515
vn 0.563125 0.733879 -0.379884
f 1805/1/456 1806/2/456 1807/3/456 1808/4/456
usemtl black
v 0.434500 0.386551 0.145000
v 0.466095 0.373464 0.145000
v 0.465185 0.370069 0.136515
v 0.432743 0.383507 0.136515
vn 0.353995 0.854620 -0.379884
f 1809/1/457 1810/2/457 1811/3/457 1812/4/457
usemtl black
v 0.466095 0.373464 0.145000
v 0.500000 0.369000 0.145000
v 0.500000 0.365485 0.136515
v 0.465185 0.370069 0.136515
vn 0.120741 0.917120 -0.379884
f 1813/1/458 1814/2/458 1815/3/458 1816/4/458
usemtl black
v 0.500000 0.369000 0.145000
v 0.533905 0.373464 0.145000
v 0.534815 0.370069 0.136515
v 0.500000 0.365485 0.136515
vn -0.120741 0.917120 -0.379884
f 1817/1/459 1818/2/459 1819/3/459 1820/4/459
usemtl black
v 0.533905 0.373464 0.145000
v 0.565500 0.386551 0.145000
v 0.567257 0.383507 0.136515
v 0.534815 0.370069 0.136515
vn -0.353995 0.854620 -0.379884
f 1821/1/460 1822/2/460 1823/3/460 1824/4/460
usemtl black
v 0.565500 0.386551 0.145000
v 0.592631 0.407369 0.145000
v 0.595116 0.404884 0.136515
v 0.567257 0.383507 0.136515
vn -0.563125 0.733879 -0.379884
f 1825/1/461 1826/2/461 1827/3/461 1828/4/461
usemtl black
v 0.592631 0.407369 0.145000
v 0.613449 0.434500 0.145000
v 0.616493 0.432743 0.136515
v 0.595116 0.404884 0.136515
vn -0.733879 0.563125 -0.379884
f 1829/1/462 1830/2/462 1831/3/462 1832/4/462
usemtl black
v 0.613449 0.434500 0.145000
v 0.626536 0.466095 0.145000
v 0.629931 0.465185 0.136515
v 0.616493 0.432743 0.136515
vn -0.854620 0.353995 -0.379884
f 1833/1/463 1834/2/463 1835/3/463 1836/4/463
usemtl black
v 0.626536 0.466095 0.145000
v 0.631000 0.500000 0.145000
v 0.634515 0.500000 0.136515
v 0.629931 0.465185 0.136515
vn -0.917120 0.120741 -0.379884
f 1837/1/464 1838/2/464 1839/3/464 1840/4/464
usemtl black
v 0.634515 0.500000 0.136515
v 0.629931 0.534815 0.136515
v 0.638127 0.537011 0.133000
v 0.643000 0.500000 0.133000
vn -0.382199 -0.050317 -0.922709
f 1841/1/465 1842/2/465 1843/3/465 1844/4/465
usemtl black
v 0.629931 0.534815 0.136515
v 0.616493 0.567257 0.136515
v 0.623842 0.571500 0.133000
v 0.638127 0.537011 0.133000
vn -0.356152 -0.147523 -0.922709
f 1845/1/466 1846/2/466 1847/3/466 1848/4/466
usemtl black
v 0.616493 0.567257 0.136515
v 0.595116 0.595116 0.136515
v 0.601116 0.601116 0.133000
v 0.623842 0.571500 0.133000
vn -0.305835 -0.234675 -0.922709
f 1849/1/467 1850/2/467 1851/3/467 1852/4/467
usemtl black
v 0.595116 0.595116 0.136515
v 0.567257 0.616493 0.136515
v 0.571500 0.623842 0.133000
v 0.601116 0.601116 0.133000
vn -0.234675 -0.305835 -0.922709
f 1853/1/468 1854/2/468 1855/3/468 1856/4/468
usemtl black
v 0.567257 0.616493 0.136515
v 0.534815 0.629931 0.136515
v 0.537011 0.638127 0.133000
v 0.571500 0.623842 0.133000
vn -0.147523 -0.356152 -0.922709
f 1857/1/469 1858/2/469 1859/3/469 1860/4/469
usemtl black
v 0.534815 0.629931 0.136515
v 0.500000 0.634515 0.136515
v 0.500000 0.643000 0.133000
v 0.537011 0.638127 0.133000
vn -0.050317 -0.382199 -0.922709
f 1861/1/470 1862/2/470 1863/3/470 1864/4/470
usemtl black
v 0.500000 0.634515 0.136515
v 0.465185 0.629931 0.136515
v 0.462989 0.638127 0.133000
v 0.500000 0.643000 0.133000
vn 0.050317 -0.382199 -0.922709
f 1865/1/471 1866/2/471 1867/3/471 1868/4/471
usemtl black
v 0.465185 0.629931 0.136515
v 0.432743 0.616493 0.136515
v 0.428500 0.623842 0.133000
v 0.462989 0.638127 0.133000
vn 0.147523 -0.356152 -0.922709
f 1869/1/472 1870/2/472 1871/3/472 1872/4/472
usemtl black
v 0.432743 0.616493 0.136515
v 0.404884 0.595116 0.136515
v 0.398884 0.601116 0.133000
v 0.428500 0.623842 0.133000
vn 0.234675 -0.305835 -0.922709
f 1873/1/473 1874/2/473 1875/3/473 1876/4/473
usemtl black
v 0.404884 0.595116 0.136515
v 0.383507 0.567257 0.136515
v 0.376158 0.571500 0.133000
v 0.398884 0.601116 0.133000
vn 0.305835 -0.234675 -0.922709
f 1877/1/474 1878/2/474 1879/3/474 1880/4/474
usemtl black
v 0.383507 0.567257 0.136515
v 0.370069 0.534815 0.136515
v 0.361873 0.537011 0.133000
v 0.376158 0.571500 0.133000
vn 0.356152 -0.147523 -0.922709
f 1881/1/475 1882/2/475 1883/3/475 1884/4/475
usemtl black
v 0.370069 0.534815 0.136515
v 0.365485 0.500000 0.136515
v 0.357000 0.500000 0.133000
v 0.361873 0.537011 0.133000
vn 0.382199 -0.050317 -0.922709
f 1885/1/476 1886/2/476 1887/3/476 1888/4/476
usemtl black
v 0.365485 0.500000 0.136515
v 0.370069 0.465185 0.136515
v 0.361873 0.462989 0.133000
v 0.357000 0.500000 0.133000
vn 0.382199 0.050317 -0.922709
f 1889/1/477 1890/2/477 1891/3/477 1892/4/477
usemtl black
v 0.370069 0.465185 0.136515
v 0.383507 0.432743 0.136515
v 0.376158 0.428500 0.133000
v 0.361873 0.462989 0.133000
vn 0.356152 0.147523 -0.922709
f 1893/1/478 1894/2/478 1895/3/478 1896/4/478
usemtl black
v 0.383507 0.432743 0.136515
v 0.404884 0.404884 0.136515
v 0.398884 0.398884 0.133000
v 0.376158 0.428500 0.133000
vn 0.305835 0.234675 -0.922709
f 1897/1/479 1898/2/479 1899/3/479 1900/4/479
usemtl black
v 0.404884 0.404884 0.136515
v 0.432743 0.383507 0.136515
v 0.428500 0.376158 0.133000
v 0.398884 0.398884 0.133000
vn 0.234675 0.305835 -0.922709
f 1901/1/480 1902/2/480 1903/3/480 1904/4/480
usemtl black
v 0.432743 0.383507 0.136515
v 0.465185 0.370069 0.136515
v 0.462989 0.361873 0.133000
v 0.428500 0.376158 0.133000
vn 0.147523 0.356152 -0.922709
f 1905/1/481 1906/2/481 1907/3/481 1908/4/481
usemtl black
v 0.465185 0.370069 0.136515
v 0.500000 0.365485 0.136515
v 0.500000 0.357000 0.133000
v 0.462989 0.361873 0.133000
vn 0.050317 0.382199 -0.922709
f 1909/1/482 1910/2/482 1911/3/482 1912/4/482
usemtl black
v 0.500000 0.365485 0.136515
v 0.534815 0.370069 0.136515
v 0.537011 0.361873 0.133000
v 0.500000 0.357000 0.133000
vn -0.050317 0.382199 -0.922709
f 1913/1/483 1914/2/483 1915/3/483 1916/4/483
usemtl black
v 0.534815 0.370069 0.136515
v 0.567257 0.383507 0.136515
v 0.571500 0.376158 0.133000
v 0.537011 0.361873 0.133000
vn -0.147523 0.356152 -0.922709
f 1917/1/484 1918/2/484 1919/3/484 1920/4/484
usemtl black
v 0.567257 0.383507 0.136515
v 0.595116 0.404884 0.136515
v 0.601116 0.398884 0.133000
v 0.571500 0.376158 0.133000
vn -0.234675 0.305835 -0.922709
f 1921/1/485 1922/2/485 1923/3/485 1924/4/485
usemtl black
v 0.595116 0.404884 0.136515
v 0.616493 0.432743 0.136515
v 0.623842 0.428500 0.133000
v 0.601116 0.398884 0.133000
vn -0.305835 0.234675 -0.922709
f 1925/1/486 1926/2/486 1927/3/486 1928/4/486
usemtl black
v 0.616493 0.432743 0.136515
v 0.629931 0.465185 0.136515
v 0.638127 0.462989 0.133000
v 0.623842 0.428500 0.133000
vn -0.356152 0.147523 -0.922709
f 1929/1/487 1930/2/487 1931/3/487 1932/4/487
usemtl black
v 0.629931 0.465185 0.136515
v 0.634515 0.500000 0.136515
v 0.643000 0.500000 0.133000
v 0.638127 0.462989 0.133000
vn -0.382199 0.050317 -0.922709
f 1933/1/488 1934/2/488 1935/3/488 1936/4/488
usemtl black
v 0.643000 0.500000 0.133000
v 0.638127 0.537011 0.133000
v 0.646324 0.539207 0.136515
v 0.651485 0.500000 0.136515
vn 0.382199 0.050317 -0.922709
f 1937/1/489 1938/2/489 1939/3/489 1940/4/489
usemtl black
v 0.638127 0.537011 0.133000
v 0.623842 0.571500 0.133000
v 0.631190 0.575743 0.136515
v 0.646324 0.539207 0.136515
vn 0.356152 0.147523 -0.922709
f 1941/1/490 1942/2/490 1943/3/490 1944/4/490
usemtl black
v 0.623842 0.571500 0.133000
v 0.601116 0.601116 0.133000
v 0.607116 0.607116 0.136515
v 0.631190 0.575743 0.136515
vn 0.305835 0.234675 -0.922709
f 1945/1/491 1946/2/491 1947/3/491 1948/4/491
usemtl black
v 0.601116 0.601116 0.133000
v 0.571500 0.623842 0.133000
v 0.575743 0.631190 0.136515
v 0.607116 0.607116 0.136515
vn 0.234675 0.305835 -0.922709
f 1949/1/492 1950/2/492 1951/3/492 1952/4/492
usemtl black
v 0.571500 0.623842 0.133000
v 0.537011 0.638127 0.133000
v 0.539207 0.646324 0.136515
v 0.575743 0.631190 0.136515
vn 0.147523 0.356152 -0.922709
f 1953/1/493 1954/2/493 1955/3/493 1956/4/493
usemtl black
v 0.537011 0.638127 0.133000
v 0.500000 0.643000 0.133000
v 0.500000 0.651485 0.136515
v 0.539207 0.646324 0.136515
vn 0.050317 0.382199 -0.922709
f 1957/1/494 1958/2/494 1959/3/494 1960/4/494
usemtl black
v 0.500000 0.643000 0.133000
v 0.462989 0.638127 0.133000
v 0.460793 0.646324 0.136515
v 0.500000 0.651485 0.136515
vn -0.050317 0.382199 -0.922709
f 1961/1/495 1962/2/495 1963/3/495 1964/4/495
usemtl black
v 0.462989 0.638127 0.133000
v 0.428500 0.623842 0.133000
v 0.424257 0.631190 0.136515
v 0.460793 0.646324 0.136515
vn -0.147523 0.356152 -0.922709
f 1965/1/496 1966/2/496 1967/3/496 1968/4/496
usemtl black
v 0.428500 0.623842 0.133000
v 0.398884 0.601116 0.133000
v 0.392884 0.607116 0.136515
v 0.424257 0.631190 0.136515
vn -0.234675 0.305835 -0.922709
f 1969/1/497 1970/2/497 1971/3/497 1972/4/497
usemtl black
v 0.398884 0.601116 0.133000
v 0.376158 0.571500 0.133000
v 0.368810 0.575743 0.136515
v 0.392884 0.607116 0.136515
vn -0.305835 0.234675 -0.922709
f 1973/1/498 1974/2/498 1975/3/498 1976/4/498
usemtl black
v 0.376158 0.571500 0.133000
v 0.361873 0.537011 0.133000
v 0.353676 0.539207 0.136515
v 0.368810 0.575743 0.136515
vn -0.356152 0.147523 -0.922709
f 1977/1/499 1978/2/499 1979/3/499 1980/4/499
usemtl black
v 0.361873 0.537011 0.133000
v 0.357000 0.500000 0.133000
v 0.348515 0.500000 0.136515
v 0.353676 0.539207 0.136515
vn -0.382199 0.050317 -0.922709
f 1981/1/500 1982/2/500 1983/3/500 1984/4/500
usemtl black
v 0.357000 0.500000 0.133000
v 0.361873 0.462989 0.133000
v 0.353676 0.460793 0.136515
v 0.348515 0.500000 0.136515
vn -0.382199 -0.050317 -0.922709
f 1985/1/501 1986/2/501 1987/3/501 1988/4/501
usemtl black
v 0.361873 0.462989 0.133000
v 0.376158 0.428500 0.133000
v 0.368810 0.424257 0.136515
v 0.353676 0.460793 0.136515
vn -0.356152 -0.147523 -0.922709
f 1989/1/502 1990/2/502 1991/3/502 1992/4/502
usemtl black
v 0.376158 0.428500 0.133000
v 0.398884 0.398884 0.133000
v 0.392884 0.392884 0.136515
v 0.368810 0.424257 0.136515
vn -0.305835 -0.234675 -0.922709
f 1993/1/503 1994/2/503 1995/3/503 1996/4/503
usemtl black
v 0.398884 0.398884 0.133000
v 0.428500 0.376158 0.133000
v 0.424257 0.368810 0.136515
v 0.392884 0.392884 0.136515
vn -0.234675 -0.305835 -0.922709
f 1997/1/504 1998/2/504 1999/3/504 2000/4/504
usemtl black
v 0.428500 0.376158 0.133000
v 0.462989 0.361873 0.133000
v 0.460793 0.353676 0.136515
v 0.424257 0.368810 0.136515
vn -0.147523 -0.356152 -0.922709
f 2001/1/505 2002/2/505 2003/3/505 2004/4/505
usemtl black
v 0.462989 0.361873 0.133000
v 0.500000 0.357000 0.133000
v 0.500000 0.348515 0.136515
v 0.460793 0.353676 0.136515
vn -0.050317 -0.382199 -0.922709
f 2005/1/506 2006/2/506 2007/3/506 2008/4/506
usemtl black
v 0.500000 0.357000 0.133000
v 0.537011 0.361873 0.133000
v 0.539207 0.353676 0.136515
v 0.500000 0.348515 0.136515
vn 0.050317 -0.382199 -0.922709
f 2009/1/507 2010/2/507 2011/3/507 2012/4/507
usemtl black
v 0.537011 0.361873 0.133000
v 0.571500 0.376158 0.133000
v 0.575743 0.368810 0.136515
v 0.539207 0.353676 0.136515
vn 0.147523 -0.356152 -0.922709
f 2013/1/508 2014/2/508 2015/3/508 2016/4/508
usemtl black
v 0.571500 0.376158 0.133000
v 0.601116 0.398884 0.133000
v 0.607116 0.392884 0.136515
v 0.575743 0.368810 0.136515
vn 0.234675 -0.305835 -0.922709
f 2017/1/509 2018/2/509 2019/3/509 2020/4/509
usemtl black
v 0.601116 0.398884 0.133000
v 0.623842 0.428500 0.133000
v 0.631190 0.424257 0.136515
v 0.607116 0.392884 0.136515
vn 0.305835 -0.234675 -0.922709
f 2021/1/510 2022/2/510 2023/3/510 2024/4/510
usemtl black
v 0.623842 0.428500 0.133000
v 0.638127 0.462989 0.133000
v 0.646324 0.460793 0.136515
v 0.631190 0.424257 0.136515
vn 0.356152 -0.147523 -0.922709
f 2025/1/511 2026/2/511 2027/3/511 2028/4/511
usemtl black
v 0.638127 0.462989 0.133000
v 0.643000 0.500000 0.133000
v 0.651485 0.500000 0.136515
v 0.646324 0.460793 0.136515
vn 0.382199 -0.050317 -0.922709
f 2029/1/512 2030/2/512 2031/3/512 2032/4/512
usemtl black
v 0.651485 0.500000 0.136515
v 0.646324 0.539207 0.136515
v 0.649719 0.540117 0.145000
v 0.655000 0.500000 0.145000
vn 0.917120 0.120741 -0.379884
f 2033/1/513 2034/2/513 2035/3/513 2036/4/513
usemtl black
v 0.646324 0.539207 0.136515
v 0.631190 0.575743 0.136515
v 0.634234 0.577500 0.145000
v 0.649719 0.540117 0.145000
vn 0.854620 0.353995 -0.379884
f 2037/1/514 2038/2/514 2039/3/514 2040/4/514
usemtl black
v 0.631190 0.575743 0.136515
v 0.607116 0.607116 0.136515
v 0.609602 0.609602 0.145000
v 0.634234 0.577500 0.145000
vn 0.733879 0.563125 -0.379884
f 2041/1/515 2042/2/515 2043/3/515 2044/4/515
usemtl black
v 0.607116 0.607116 0.136515
v 0.575743 0.631190 0.136515
v 0.577500 0.634234 0.145000
v 0.609602 0.609602 0.145000
vn 0.563125 0.733879 -0.379884
f 2045/1/516 2046/2/516 2047/3/516 2048/4/516
usemtl black
v 0.575743 0.631190 0.136515
v 0.539207 0.646324 0.136515
v 0.540117 0.649719 0.145000
v 0.577500 0.634234 0.145000
vn 0.353995 0.854620 -0.379884
f 2049/1/517 2050/2/517 2051/3/517 2052/4/517
usemtl black
v 0.539207 0.646324 0.136515
v 0.500000 0.651485 0.136515
v 0.500000 0.655000 0.145000
v 0.540117 0.649719 0.145000
vn 0.120741 0.917120 -0.379884
f 2053/1/518 2054/2/518 2055/3/518 2056/4/518
usemtl black
v 0.500000 0.651485 0.136515
v 0.460793 0.646324 0.136515
v 0.459883 0.649719 0.145000
v 0.500000 0.655000 0.145000
vn -0.120741 0.917120 -0.379884
f 2057/1/519 2058/2/519 2059/3/519 2060/4/519
usemtl black
v 0.460793 0.646324 0.136515
v 0.424257 0.631190 0.136515
v 0.422500 0.634234 0.145000
v 0.459883 0.649719 0.145000
vn -0.353995 0.854620 -0.379884
f 2061/1/520 2062/2/520 2063/3/520 2064/4/520
usemtl black
v 0.424257 0.631190 0.136515
v 0.392884 0.607116 0.136515
v 0.390398 0.609602 0.145000
v 0.422500 0.634234 0.145000
vn -0.563125 0.733879 -0.379884
f 2065/1/521 2066/2/521 2067/3/521 2068/4/521
usemtl black
v 0.392884 0.607116 0.136515
v 0.368810 0.575743 0.136515
v 0.365766 0.577500 0.145000
v 0.390398 0.609602 0.145000
vn -0.733879 0.563125 -0.379884
f 2069/1/522 2070/2/522 2071/3/522 2072/4/522
usemtl black
v 0.368810 0.575743 0.136515
v 0.353676 0.539207 0.136515
v 0.350281 0.540117 0.145000
v 0.365766 0.577500 0.145000
vn -0.854620 0.353995 -0.379884
f 2073/1/523 2074/2/523 2075/3/523 2076/4/523
usemtl black
v 0.353676 0.539207 0.136515
v 0.348515 0.500000 0.136515
v 0.345000 0.500000 0.145000
v 0.350281 0.540117 0.145000
vn -0.917120 0.120741 -0.379884
f 2077/1/524 2078/2/524 2079/3/524 2080/4/524
usemtl black
v 0.348515 0.500000 0.136515
v 0.353676 0.460793 0.136515
v 0.350281 0.459883 0.145000
v 0.345000 0.500000 0.145000
vn -0.917120 -0.120741 -0.379884
f 2081/1/525 2082/2/525 2083/3/525 2084/4/525
usemtl black
v 0.353676 0.460793 0.136515
v 0.368810 0.424257 0.136515
v 0.365766 0.422500 0.145000
v 0.350281 0.459883 0.145000
vn -0.854620 -0.353995 -0.379884
f 2085/1/526 2086/2/526 2087/3/526 2088/4/526
usemtl black
v 0.368810 0.424257 0.136515
v 0.392884 0.392884 0.136515
v 0.390398 0.390398 0.145000
v 0.365766 0.422500 0.145000
vn -0.733879 -0.563125 -0.379884
f 2089/1/527 2090/2/527 2091/3/527 2092/4/527
usemtl black
v 0.392884 0.392884 0.136515
v 0.424257 0.368810 0.136515
v 0.422500 0.365766 0.145000
v 0.390398 0.390398 0.145000
vn -0.563125 -0.733879 -0.379884
f 2093/1/528 2094/2/528 2095/3/528 2096/4/528
usemtl black
v 0.424257 0.368810 0.136515
v 0.460793 0.353676 0.136515
v 0.459883 0.350281 0.145000
v 0.422500 0.365766 0.145000
vn -0.353995 -0.854620 -0.379884
f 2097/1/529 2098/2/529 2099/3/529 2100/4/529
usemtl black
v 0.460793 0.353676 0.136515
v 0.500000 0.348515 0.136515
v 0.500000 0.345000 0.145000
v 0.459883 0.350281 0.145000
vn -0.120741 -0.917120 -0.379884
f 2101/1/530 2102/2/530 2103/3/530 2104/4/530
usemtl black
v 0.500000 0.348515 0.136515
v 0.539207 0.353676 0.136515
v 0.540117 0.350281 0.145000
v 0.500000 0.345000 0.145000
vn 0.120741 -0.917120 -0.379884
f 2105/1/531 2106/2/531 2107/3/531 2108/4/531
usemtl black
v 0.539207 0.353676 0.136515
v 0.575743 0.368810 0.136515
v 0.577500 0.365766 0.145000
v 0.540117 0.350281 0.145000
vn 0.353995 -0.854620 -0.379884
f 2109/1/532 2110/2/532 2111/3/532 2112/4/532
usemtl black
v 0.575743 0.368810 0.136515
v 0.607116 0.392884 0.136515
v 0.609602 0.390398 0.145000
v 0.577500 0.365766 0.145000
vn 0.563125 -0.733879 -0.379884
f 2113/1/533 2114/2/533 2115/3/533 2116/4/533
usemtl black
v 0.607116 0.392884 0.136515
v 0.631190 0.424257 0.136515
v 0.634234 0.422500 0.145000
v 0.609602 0.390398 0.145000
vn 0.733879 -0.563125 -0.379884
f 2117/1/534 2118/2/534 2119/3/534 2120/4/534
usemtl black
v 0.631190 0.424257 0.136515
v 0.646324 0.460793 0.136515
v 0.649719 0.459883 0.145000
v 0.634234 0.422500 0.145000
vn 0.854620 -0.353995 -0.379884
f 2121/1/535 2122/2/535 2123/3/535 2124/4/535
usemtl black
v 0.646324 0.460793 0.136515
v 0.651485 0.500000 0.136515
v 0.655000 0.500000 0.145000
v 0.649719 0.459883 0.145000
vn 0.917120 -0.120741 -0.379884
f 2125/1/536 2126/2/536 2127/3/536 2128/4/536
usemtl black
v 0.500000 0.500000 0.140000
v 0.609150 0.529247 0.140000
v 0.613000 0.500000 0.140000
vn 0.000000 0.000000 -1.000000
f 2129/1/537 2130/2/537 2131/3/537
usemtl black
v 0.500000 0.500000 0.140000
v 0.597861 0.556500 0.140000
v 0.609150 0.529247 0.140000
vn 0.000000 0.000000 -1.000000
f 2132/1/538 2133/2/538 2134/3/538
usemtl black
v 0.500000 0.500000 0.140000
v 0.579903 0.579903 0.140000
v 0.597861 0.556500 0.140000
vn 0.000000 0.000000 -1.000000
f 2135/1/539 2136/2/539 2137/3/539
usemtl black
v 0.500000 0.500000 0.140000
v 0.556500 0.597861 0.140000
v 0.579903 0.579903 0.140000
vn 0.000000 0.000000 -1.000000
f 2138/1/540 2139/2/540 2140/3/540
usemtl black
v 0.500000 0.500000 0.140000
v 0.529247 0.609150 0.140000
v 0.556500 0.597861 0.140000
vn 0.000000 0.000000 -1.000000
f 2141/1/541 2142/2/541 2143/3/541
usemtl black
v 0.500000 0.500000 0.140000
v 0.500000 0.613000 0.140000
v 0.529247 0.609150 0.140000
vn 0.000000 0.000000 -1.000000
f 2144/1/542 2145/2/542 2146/3/542
usemtl black
v 0.500000 0.500000 0.140000
v 0.470753 0.609150 0.140000
v 0.500000 0.613000 0.140000
vn 0.000000 0.000000 -1.000000
f 2147/1/543 2148/2/543 2149/3/543
usemtl black
v 0.500000 0.500000 0.140000
v 0.443500 0.597861 0.140000
v 0.470753 0.609150 0.140000
vn 0.000000 0.000000 -1.000000
f 2150/1/544 2151/2/544 2152/3/544
usemtl black
v 0.500000 0.500000 0.140000
v 0.420097 0.579903 0.140000
v 0.443500 0.597861 0.140000
vn 0.000000 0.000000 -1.000000
f 2153/1/545 2154/2/545 2155/3/545
usemtl black
v 0.500000 0.500000 0.140000
v 0.402139 0.556500 0.140000
v 0.420097 0.579903 0.140000
vn 0.000000 0.000000 -1.000000
f 2156/1/546 2157/2/546 2158/3/546
usemtl black
v 0.500000 0.500000 0.140000
v 0.390850 0.529247 0.140000
v 0.402139 0.556500 0.140000
vn 0.000000 0.000000 -1.000000
f 2159/1/547 2160/2/547 2161/3/547
usemtl black
v 0.500000 0.500000 0.140000
v 0.387000 0.500000 0.140000
v 0.390850 0.529247 0.140000
vn 0.000000 0.000000 -1.000000
f 2162/1/548 2163/2/548 2164/3/548
usemtl black
v 0.500000 0.500000 0.140000
v 0.390850 0.470753 0.140000
v 0.387000 0.500000 0.140000
vn -0.000000 0.000000 -1.000000
f 2165/1/549 2166/2/549 2167/3/549
usemtl black
v 0.500000 0.500000 0.140000
v 0.402139 0.443500 0.140000
v 0.390850 0.470753 0.140000
vn 0.000000 0.000000 -1.000000
f 2168/1/550 2169/2/550 2170/3/550
usemtl black
v 0.500000 0.500000 0.140000
v 0.420097 0.420097 0.140000
v 0.402139 0.443500 0.140000
vn 0.000000 0.000000 -1.000000
f 2171/1/551 2172/2/551 2173/3/551
usemtl black
v 0.500000 0.500000 0.140000
v 0.443500 0.402139 0.140000
v 0.420097 0.420097 0.140000
vn 0.000000 0.000000 -1.000000
f 2174/1/552 2175/2/552 2176/3/552
usemtl black
v 0.500000 0.500000 0.140000
v 0.470753 0.390850 0.140000
v 0.443500 0.402139 0.140000
vn 0.000000 0.000000 -1.000000
f 2177/1/553 2178/2/553 2179/3/553
usemtl black
v 0.500000 0.500000 0.140000
v 0.500000 0.387000 0.140000
v 0.470753 0.390850 0.140000
vn 0.000000 -0.000000 -1.000000
f 2180/1/554 2181/2/554 2182/3/554
usemtl black
v 0.500000 0.500000 0.140000
v 0.529247 0.390850 0.140000
v 0.500000 0.387000 0.140000
vn 0.000000 0.000000 -1.000000
f 2183/1/555 2184/2/555 2185/3/555
usemtl black
v 0.500000 0.500000 0.140000
v 0.556500 0.402139 0.140000
v 0.529247 0.390850 0.140000
vn 0.000000 0.000000 -1.000000
f 2186/1/556 2187/2/556 2188/3/556
usemtl black
v 0.500000 0.500000 0.140000
v 0.579903 0.420097 0.140000
v 0.556500 0.402139 0.140000
vn 0.000000 0.000000 -1.000000
f 2189/1/557 2190/2/557 2191/3/557
usemtl black
v 0.500000 0.500000 0.140000
v 0.597861 0.443500 0.140000
v 0.579903 0.420097 0.140000
vn 0.000000 0.000000 -1.000000
f 2192/1/558 2193/2/558 2194/3/558
usemtl black
v 0.500000 0.500000 0.140000
v 0.609150 0.470753 0.140000
v 0.597861 0.443500 0.140000
vn 0.000000 0.000000 -1.000000
f 2195/1/559 2196/2/559 2197/3/559
usemtl black
v 0.500000 0.500000 0.140000
v 0.613000 0.500000 0.140000
v 0.609150 0.470753 0.140000
vn 0.000000 0.000000 -1.000000
f 2198/1/560 2199/2/560 2200/3/560
usemtl silver
v 0.493000 0.390000 0.120000
v 0.493000 0.610000 0.120000
v 0.493000 0.610000 0.103000
v 0.493000 0.390000 0.103000
vn -1.000000 -0.000000 -0.000000
f 2201/1/561 2202/2/561 2203/3/561 2204/4/561
usemtl silver
v 0.507000 0.390000 0.103000
v 0.507000 0.610000 0.103000
v 0.507000 0.610000 0.120000
v 0.507000 0.390000 0.120000
vn 1.000000 0.000000 0.000000
f 2205/1/562 2206/2/562 2207/3/562 2208/4/562
usemtl silver
v 0.493000 0.390000 0.103000
v 0.507000 0.390000 0.103000
v 0.507000 0.390000 0.120000
v 0.493000 0.390000 0.120000
vn 0.000000 -1.000000 0.000000
f 2209/1/563 2210/2/563 2211/3/563 2212/4/563
usemtl silver
v 0.493000 0.610000 0.120000
v 0.507000 0.610000 0.120000
v 0.507000 0.610000 0.103000
v 0.493000 0.610000 0.103000
vn -0.000000 1.000000 -0.000000
f 2213/1/564 2214/2/564 2215/3/564 2216/4/564
usemtl silver
v 0.493000 0.610000 0.103000
v 0.507000 0.610000 0.103000
v 0.507000 0.390000 0.103000
v 0.493000 0.390000 0.103000
vn -0.000000 -0.000000 -1.000000
f 2217/1/565 2218/2/565 2219/3/565 2220/4/565
usemtl silver
v 0.493000 0.390000 0.120000
v 0.507000 0.390000 0.120000
v 0.507000 0.610000 0.120000
v 0.493000 0.610000 0.120000
vn 0.000000 0.000000 1.000000
f 2221/1/566 2222/2/566 2223/3/566 2224/4/566
usemtl silver
v 0.390000 0.493000 0.120000
v 0.390000 0.507000 0.120000
v 0.390000 0.507000 0.103000
v 0.390000 0.493000 0.103000
vn -1.000000 -0.000000 -0.000000
f 2225/1/567 2226/2/567 2227/3/567 2228/4/567
usemtl silver
v 0.610000 0.493000 0.103000
v 0.610000 0.507000 0.103000
v 0.610000 0.507000 0.120000
v 0.610000 0.493000 0.120000
vn 1.000000 0.000000 0.000000
f 2229/1/568 2230/2/568 2231/3/568 2232/4/568
usemtl silver
v 0.390000 0.493000 0.103000
v 0.610000 0.493000 0.103000
v 0.610000 0.493000 0.120000
v 0.390000 0.493000 0.120000
vn 0.000000 -1.000000 0.000000
f 2233/1/569 2234/2/569 2235/3/569 2236/4/569
usemtl silver
v 0.390000 0.507000 0.120000
v 0.610000 0.507000 0.120000
v 0.610000 0.507000 0.103000
v 0.390000 0.507000 0.103000
vn -0.000000 1.000000 -0.000000
f 2237/1/570 2238/2/570 2239/3/570 2240/4/570
usemtl silver
v 0.390000 0.507000 0.103000
v 0.610000 0.507000 0.103000
v 0.610000 0.493000 0.103000
v 0.390000 0.493000 0.103000
vn -0.000000 -0.000000 -1.000000
f 2241/1/571 2242/2/571 2243/3/571 2244/4/571
usemtl silver
v 0.390000 0.493000 0.120000
v 0.610000 0.493000 0.120000
v 0.610000 0.507000 0.120000
v 0.390000 0.507000 0.120000
vn 0.000000 0.000000 1.000000
f 2245/1/572 2246/2/572 2247/3/572 2248/4/572
usemtl white
v 0.500000 0.500000 0.097000
v 0.530910 0.508282 0.097000
v 0.532000 0.500000 0.097000
vn 0.000000 0.000000 -1.000000
f 2249/1/573 2250/2/573 2251/3/573
usemtl white
v 0.500000 0.500000 0.097000
v 0.527713 0.516000 0.097000
v 0.530910 0.508282 0.097000
vn 0.000000 0.000000 -1.000000
f 2252/1/574 2253/2/574 2254/3/574
usemtl white
v 0.500000 0.500000 0.097000
v 0.522627 0.522627 0.097000
v 0.527713 0.516000 0.097000
vn 0.000000 0.000000 -1.000000
f 2255/1/575 2256/2/575 2257/3/575
usemtl white
v 0.500000 0.500000 0.097000
v 0.516000 0.527713 0.097000
v 0.522627 0.522627 0.097000
vn 0.000000 0.000000 -1.000000
f 2258/1/576 2259/2/576 2260/3/576
usemtl white
v 0.500000 0.500000 0.097000
v 0.508282 0.530910 0.097000
v 0.516000 0.527713 0.097000
vn 0.000000 0.000000 -1.000000
f 2261/1/577 2262/2/577 2263/3/577
usemtl white
v 0.500000 0.500000 0.097000
v 0.500000 0.532000 0.097000
v 0.508282 0.530910 0.097000
vn 0.000000 0.000000 -1.000000
f 2264/1/578 2265/2/578 2266/3/578
usemtl white
v 0.500000 0.500000 0.097000
v 0.491718 0.530910 0.097000
v 0.500000 0.532000 0.097000
vn 0.000000 0.000000 -1.000000
f 2267/1/579 2268/2/579 2269/3/579
usemtl white
v 0.500000 0.500000 0.097000
v 0.484000 0.527713 0.097000
v 0.491718 0.530910 0.097000
vn 0.000000 0.000000 -1.000000
f 2270/1/580 2271/2/580 2272/3/580
usemtl white
v 0.500000 0.500000 0.097000
v 0.477373 0.522627 0.097000
v 0.484000 0.527713 0.097000
vn 0.000000 0.000000 -1.000000
f 2273/1/581 2274/2/581 2275/3/581
usemtl white
v 0.500000 0.500000 0.097000
v 0.472287 0.516000 0.097000
v 0.477373 0.522627 0.097000
vn 0.000000 0.000000 -1.000000
f 2276/1/582 2277/2/582 2278/3/582
usemtl white
v 0.500000 0.500000 0.097000
v 0.469090 0.508282 0.097000
v 0.472287 0.516000 0.097000
vn 0.000000 0.000000 -1.000000
f 2279/1/583 2280/2/583 2281/3/583
usemtl white
v 0.500000 0.500000 0.097000
v 0.468000 0.500000 0.097000
v 0.469090 0.508282 0.097000
vn 0.000000 0.000000 -1.000000
f 2282/1/584 2283/2/584 2284/3/584
usemtl white
v 0.500000 0.500000 0.097000
v 0.469090 0.491718 0.097000
v 0.468000 0.500000 0.097000
vn -0.000000 0.000000 -1.000000
f 2285/1/585 2286/2/585 2287/3/585
usemtl white
v 0.500000 0.500000 0.097000
v 0.472287 0.484000 0.097000
v 0.469090 0.491718 0.097000
vn 0.000000 0.000000 -1.000000
f 2288/1/586 2289/2/586 2290/3/586
usemtl white
v 0.500000 0.500000 0.097000
v 0.477373 0.477373 0.097000
v 0.472287 0.484000 0.097000
vn 0.000000 0.000000 -1.000000
f 2291/1/587 2292/2/587 2293/3/587
usemtl white
v 0.500000 0.500000 0.097000
v 0.484000 0.472287 0.097000
v 0.477373 0.477373 0.097000
vn 0.000000 0.000000 -1.000000
f 2294/1/588 2295/2/588 2296/3/588
usemtl white
v 0.500000 0.500000 0.097000
v 0.491718 0.469090 0.097000
v 0.484000 0.472287 0.097000
vn 0.000000 0.000000 -1.000000
f 2297/1/589 2298/2/589 2299/3/589
usemtl white
v 0.500000 0.500000 0.097000
v 0.500000 0.468000 0.097000
v 0.491718 0.469090 0.097000
vn 0.000000 -0.000000 -1.000000
f 2300/1/590 2301/2/590 2302/3/590
usemtl white
v 0.500000 0.500000 0.097000
v 0.508282 0.469090 0.097000
v 0.500000 0.468000 0.097000
vn 0.000000 0.000000 -1.000000
f 2303/1/591 2304/2/591 2305/3/591
usemtl white
v 0.500000 0.500000 0.097000
v 0.516000 0.472287 0.097000
v 0.508282 0.469090 0.097000
vn 0.000000 0.000000 -1.000000
f 2306/1/592 2307/2/592 2308/3/592
usemtl white
v 0.500000 0.500000 0.097000
v 0.522627 0.477373 0.097000
v 0.516000 0.472287 0.097000
vn 0.000000 0.000000 -1.000000
f 2309/1/593 2310/2/593 2311/3/593
usemtl white
v 0.500000 0.500000 0.097000
v 0.527713 0.484000 0.097000
v 0.522627 0.477373 0.097000
vn 0.000000 0.000000 -1.000000
f 2312/1/594 2313/2/594 2314/3/594
usemtl white
v 0.500000 0.500000 0.097000
v 0.530910 0.491718 0.097000
v 0.527713 0.484000 0.097000
vn 0.000000 0.000000 -1.000000
f 2315/1/595 2316/2/595 2317/3/595
usemtl white
v 0.500000 0.500000 0.097000
v 0.532000 0.500000 0.097000
v 0.530910 0.491718 0.097000
vn 0.000000 0.000000 -1.000000
f 2318/1/596 2319/2/596 2320/3/596
usemtl white
v 0.532000 0.500000 0.097000
v 0.530910 0.508282 0.097000
v 0.530910 0.508282 0.140000
v 0.532000 0.500000 0.140000
vn 0.991445 0.130526 0.000000
f 2321/1/597 2322/2/597 2323/3/597 2324/4/597
usemtl white
v 0.530910 0.508282 0.097000
v 0.527713 0.516000 0.097000
v 0.527713 0.516000 0.140000
v 0.530910 0.508282 0.140000
vn 0.923880 0.382683 0.000000
f 2325/1/598 2326/2/598 2327/3/598 2328/4/598
usemtl white
v 0.527713 0.516000 0.097000
v 0.522627 0.522627 0.097000
v 0.522627 0.522627 0.140000
v 0.527713 0.516000 0.140000
vn 0.793353 0.608761 0.000000
f 2329/1/599 2330/2/599 2331/3/599 2332/4/599
usemtl white
v 0.522627 0.522627 0.097000
v 0.516000 0.527713 0.097000
v 0.516000 0.527713 0.140000
v 0.522627 0.522627 0.140000
vn 0.608761 0.793353 0.000000
f 2333/1/600 2334/2/600 2335/3/600 2336/4/600
usemtl white
v 0.516000 0.527713 0.097000
v 0.508282 0.530910 0.097000
v 0.508282 0.530910 0.140000
v 0.516000 0.527713 0.140000
vn 0.382683 0.923880 0.000000
f 2337/1/601 2338/2/601 2339/3/601 2340/4/601
usemtl white
v 0.508282 0.530910 0.097000
v 0.500000 0.532000 0.097000
v 0.500000 0.532000 0.140000
v 0.508282 0.530910 0.140000
vn 0.130526 0.991445 0.000000
f 2341/1/602 2342/2/602 2343/3/602 2344/4/602
usemtl white
v 0.500000 0.532000 0.097000
v 0.491718 0.530910 0.097000
v 0.491718 0.530910 0.140000
v 0.500000 0.532000 0.140000
vn -0.130526 0.991445 0.000000
f 2345/1/603 2346/2/603 2347/3/603 2348/4/603
usemtl white
v 0.491718 0.530910 0.097000
v 0.484000 0.527713 0.097000
v 0.484000 0.527713 0.140000
v 0.491718 0.530910 0.140000
vn -0.382683 0.923880 0.000000
f 2349/1/604 2350/2/604 2351/3/604 2352/4/604
usemtl white
v 0.484000 0.527713 0.097000
v 0.477373 0.522627 0.097000
v 0.477373 0.522627 0.140000
v 0.484000 0.527713 0.140000
vn -0.608761 0.793353 0.000000
f 2353/1/605 2354/2/605 2355/3/605 2356/4/605
usemtl white
v 0.477373 0.522627 0.097000
v 0.472287 0.516000 0.097000
v 0.472287 0.516000 0.140000
v 0.477373 0.522627 0.140000
vn -0.793353 0.608761 0.000000
f 2357/1/606 2358/2/606 2359/3/606 2360/4/606
usemtl white
v 0.472287 0.516000 0.097000
v 0.469090 0.508282 0.097000
v 0.469090 0.508282 0.140000
v 0.472287 0.516000 0.140000
vn -0.923880 0.382683 0.000000
f 2361/1/607 2362/2/607 2363/3/607 2364/4/607
usemtl white
v 0.469090 0.508282 0.097000
v 0.468000 0.500000 0.097000
v 0.468000 0.500000 0.140000
v 0.469090 0.508282 0.140000
vn -0.991445 0.130526 0.000000
f 2365/1/608 2366/2/608 2367/3/608 2368/4/608
usemtl white
v 0.468000 0.500000 0.097000
v 0.469090 0.491718 0.097000
v 0.469090 0.491718 0.140000
v 0.468000 0.500000 0.140000
vn -0.991445 -0.130526 0.000000
f 2369/1/609 2370/2/609 2371/3/609 2372/4/609
usemtl white
v 0.469090 0.491718 0.097000
v 0.472287 0.484000 0.097000
v 0.472287 0.484000 0.140000
v 0.469090 0.491718 0.140000
vn -0.923880 -0.382683 0.000000
f 2373/1/610 2374/2/610 2375/3/610 2376/4/610
usemtl white
v 0.472287 0.484000 0.097000
v 0.477373 0.477373 0.097000
v 0.477373 0.477373 0.140000
v 0.472287 0.484000 0.140000
vn -0.793353 -0.608761 0.000000
f 2377/1/611 2378/2/611 2379/3/611 2380/4/611
usemtl white
v 0.477373 0.477373 0.097000
v 0.484000 0.472287 0.097000
v 0.484000 0.472287 0.140000
v 0.477373 0.477373 0.140000
vn -0.608761 -0.793353 0.000000
f 2381/1/612 2382/2/612 2383/3/612 2384/4/612
usemtl white
v 0.484000 0.472287 0.097000
v 0.491718 0.469090 0.097000
v 0.491718 0.469090 0.140000
v 0.484000 0.472287 0.140000
vn -0.382683 -0.923880 0.000000
f 2385/1/613 2386/2/613 2387/3/613 2388/4/613
usemtl white
v 0.491718 0.469090 0.097000
v 0.500000 0.468000 0.097000
v 0.500000 0.468000 0.140000
v 0.491718 0.469090 0.140000
vn -0.130526 -0.991445 0.000000
f 2389/1/614 2390/2/614 2391/3/614 2392/4/614
usemtl white
v 0.500000 0.468000 0.097000
v 0.508282 0.469090 0.097000
v 0.508282 0.469090 0.140000
v 0.500000 0.468000 0.140000
vn 0.130526 -0.991445 0.000000
f 2393/1/615 2394/2/615 2395/3/615 2396/4/615
usemtl white
v 0.508282 0.469090 0.097000
v 0.516000 0.472287 0.097000
v 0.516000 0.472287 0.140000
v 0.508282 0.469090 0.140000
vn 0.382683 -0.923880 0.000000
f 2397/1/616 2398/2/616 2399/3/616 2400/4/616
usemtl white
v 0.516000 0.472287 0.097000
v 0.522627 0.477373 0.097000
v 0.522627 0.477373 0.140000
v 0.516000 0.472287 0.140000
vn 0.608761 -0.793353 0.000000
f 2401/1/617 2402/2/617 2403/3/617 2404/4/617
usemtl white
v 0.522627 0.477373 0.097000
v 0.527713 0.484000 0.097000
v 0.527713 0.484000 0.140000
v 0.522627 0.477373 0.140000
vn 0.793353 -0.608761 0.000000
f 2405/1/618 2406/2/618 2407/3/618 2408/4/618
usemtl white
v 0.527713 0.484000 0.097000
v 0.530910 0.491718 0.097000
v 0.530910 0.491718 0.140000
v 0.527713 0.484000 0.140000
vn 0.923880 -0.382683 0.000000
f 2409/1/619 2410/2/619 2411/3/619 2412/4/619
usemtl white
v 0.530910 0.491718 0.097000
v 0.532000 0.500000 0.097000
v 0.532000 0.500000 0.140000
v 0.530910 0.491718 0.140000
vn 0.991445 -0.130526 0.000000
f 2413/1/620 2414/2/620 2415/3/620 2416/4/620
usemtl black
v 0.322160 0.266000 0.600000
v 0.677840 0.266000 0.600000
v 0.655800 0.295000 0.625000
v 0.344200 0.295000 0.625000
vn 0.000000 -0.652940 0.757410
f 2417/1/621 2418/2/621 2419/3/621 2420/4/621
usemtl black
v 0.677840 0.266000 0.600000
v 0.734000 0.322160 0.600000
v 0.705000 0.344200 0.625000
v 0.655800 0.295000 0.625000
vn 0.402646 -0.402646 0.822042
f 2421/1/622 2422/2/622 2423/3/622 2424/4/622
usemtl black
v 0.734000 0.322160 0.600000
v 0.734000 0.677840 0.600000
v 0.705000 0.655800 0.625000
v 0.705000 0.344200 0.625000
vn 0.652940 -0.000000 0.757410
f 2425/1/623 2426/2/623 2427/3/623 2428/4/623
usemtl black
v 0.734000 0.677840 0.600000
v 0.677840 0.734000 0.600000
v 0.655800 0.705000 0.625000
v 0.705000 0.655800 0.625000
vn 0.402646 0.402646 0.822042
f 2429/1/624 2430/2/624 2431/3/624 2432/4/624
usemtl black
v 0.677840 0.734000 0.600000
v 0.322160 0.734000 0.600000
v 0.344200 0.705000 0.625000
v 0.655800 0.705000 0.625000
vn 0.000000 0.652940 0.757410
f 2433/1/625 2434/2/625 2435/3/625 2436/4/625
usemtl black
v 0.322160 0.734000 0.600000
v 0.266000 0.677840 0.600000
v 0.295000 0.655800 0.625000
v 0.344200 0.705000 0.625000
vn -0.402646 0.402646 0.822042
f 2437/1/626 2438/2/626 2439/3/626 2440/4/626
usemtl black
v 0.266000 0.677840 0.600000
v 0.266000 0.322160 0.600000
v 0.295000 0.344200 0.625000
v 0.295000 0.655800 0.625000
vn -0.652940 0.000000 0.757410
f 2441/1/627 2442/2/627 2443/3/627 2444/4/627
usemtl black
v 0.266000 0.322160 0.600000
v 0.322160 0.266000 0.600000
v 0.344200 0.295000 0.625000
v 0.295000 0.344200 0.625000
vn -0.402646 -0.402646 0.822042
f 2445/1/628 2446/2/628 2447/3/628 2448/4/628
usemtl silver
v 0.556000 0.500000 0.650000
v 0.554092 0.514494 0.650000
v 0.554092 0.514494 0.830000
v 0.556000 0.500000 0.830000
vn 0.991445 0.130526 0.000000
f 2449/1/629 2450/2/629 2451/3/629 2452/4/629
usemtl silver
v 0.554092 0.514494 0.650000
v 0.548497 0.528000 0.650000
v 0.548497 0.528000 0.830000
v 0.554092 0.514494 0.830000
vn 0.923880 0.382683 0.000000
f 2453/1/630 2454/2/630 2455/3/630 2456/4/630
usemtl silver
v 0.548497 0.528000 0.650000
v 0.539598 0.539598 0.650000
v 0.539598 0.539598 0.830000
v 0.548497 0.528000 0.830000
vn 0.793353 0.608761 0.000000
f 2457/1/631 2458/2/631 2459/3/631 2460/4/631
usemtl silver
v 0.539598 0.539598 0.650000
v 0.528000 0.548497 0.650000
v 0.528000 0.548497 0.830000
v 0.539598 0.539598 0.830000
vn 0.608761 0.793353 0.000000
f 2461/1/632 2462/2/632 2463/3/632 2464/4/632
usemtl silver
v 0.528000 0.548497 0.650000
v 0.514494 0.554092 0.650000
v 0.514494 0.554092 0.830000
v 0.528000 0.548497 0.830000
vn 0.382683 0.923880 0.000000
f 2465/1/633 2466/2/633 2467/3/633 2468/4/633
usemtl silver
v 0.514494 0.554092 0.650000
v 0.500000 0.556000 0.650000
v 0.500000 0.556000 0.830000
v 0.514494 0.554092 0.830000
vn 0.130526 0.991445 0.000000
f 2469/1/634 2470/2/634 2471/3/634 2472/4/634
usemtl silver
v 0.500000 0.556000 0.650000
v 0.485506 0.554092 0.650000
v 0.485506 0.554092 0.830000
v 0.500000 0.556000 0.830000
vn -0.130526 0.991445 0.000000
f 2473/1/635 2474/2/635 2475/3/635 2476/4/635
usemtl silver
v 0.485506 0.554092 0.650000
v 0.472000 0.548497 0.650000
v 0.472000 0.548497 0.830000
v 0.485506 0.554092 0.830000
vn -0.382683 0.923880 0.000000
f 2477/1/636 2478/2/636 2479/3/636 2480/4/636
usemtl silver
v 0.472000 0.548497 0.650000
v 0.460402 0.539598 0.650000
v 0.460402 0.539598 0.830000
v 0.472000 0.548497 0.830000
vn -0.608761 0.793353 0.000000
f 2481/1/637 2482/2/637 2483/3/637 2484/4/637
usemtl silver
v 0.460402 0.539598 0.650000
v 0.451503 0.528000 0.650000
v 0.451503 0.528000 0.830000
v 0.460402 0.539598 0.830000
vn -0.793353 0.608761 0.000000
f 2485/1/638 2486/2/638 2487/3/638 2488/4/638
usemtl silver
v 0.451503 0.528000 0.650000
v 0.445908 0.514494 0.650000
v 0.445908 0.514494 0.830000
v 0.451503 0.528000 0.830000
vn -0.923880 0.382683 0.000000
f 2489/1/639 2490/2/639 2491/3/639 2492/4/639
usemtl silver
v 0.445908 0.514494 0.650000
v 0.444000 0.500000 0.650000
v 0.444000 0.500000 0.830000
v 0.445908 0.514494 0.830000
vn -0.991445 0.130526 0.000000
f 2493/1/640 2494/2/640 2495/3/640 2496/4/640
usemtl silver
v 0.444000 0.500000 0.650000
v 0.445908 0.485506 0.650000
v 0.445908 0.485506 0.830000
v 0.444000 0.500000 0.830000
vn -0.991445 -0.130526 0.000000
f 2497/1/641 2498/2/641 2499/3/641 2500/4/641
usemtl silver
v 0.445908 0.485506 0.650000
v 0.451503 0.472000 0.650000
v 0.451503 0.472000 0.830000
v 0.445908 0.485506 0.830000
vn -0.923880 -0.382683 0.000000
f 2501/1/642 2502/2/642 2503/3/642 2504/4/642
usemtl silver
v 0.451503 0.472000 0.650000
v 0.460402 0.460402 0.650000
v 0.460402 0.460402 0.830000
v 0.451503 0.472000 0.830000
vn -0.793353 -0.608761 0.000000
f 2505/1/643 2506/2/643 2507/3/643 2508/4/643
usemtl silver
v 0.460402 0.460402 0.650000
v 0.472000 0.451503 0.650000
v 0.472000 0.451503 0.830000
v 0.460402 0.460402 0.830000
vn -0.608761 -0.793353 0.000000
f 2509/1/644 2510/2/644 2511/3/644 2512/4/644
usemtl silver
v 0.472000 0.451503 0.650000
v 0.485506 0.445908 0.650000
v 0.485506 0.445908 0.830000
v 0.472000 0.451503 0.830000
vn -0.382683 -0.923880 0.000000
f 2513/1/645 2514/2/645 2515/3/645 2516/4/645
usemtl silver
v 0.485506 0.445908 0.650000
v 0.500000 0.444000 0.650000
v 0.500000 0.444000 0.830000
v 0.485506 0.445908 0.830000
vn -0.130526 -0.991445 0.000000
f 2517/1/646 2518/2/646 2519/3/646 2520/4/646
usemtl silver
v 0.500000 0.444000 0.650000
v 0.514494 0.445908 0.650000
v 0.514494 0.445908 0.830000
v 0.500000 0.444000 0.830000
vn 0.130526 -0.991445 0.000000
f 2521/1/647 2522/2/647 2523/3/647 2524/4/647
usemtl silver
v 0.514494 0.445908 0.650000
v 0.528000 0.451503 0.650000
v 0.528000 0.451503 0.830000
v 0.514494 0.445908 0.830000
vn 0.382683 -0.923880 0.000000
f 2525/1/648 2526/2/648 2527/3/648 2528/4/648
usemtl silver
v 0.528000 0.451503 0.650000
v 0.539598 0.460402 0.650000
v 0.539598 0.460402 0.830000
v 0.528000 0.451503 0.830000
vn 0.608761 -0.793353 0.000000
f 2529/1/649 2530/2/649 2531/3/649 2532/4/649
usemtl silver
v 0.539598 0.460402 0.650000
v 0.548497 0.472000 0.650000
v 0.548497 0.472000 0.830000
v 0.539598 0.460402 0.830000
vn 0.793353 -0.608761 0.000000
f 2533/1/650 2534/2/650 2535/3/650 2536/4/650
usemtl silver
v 0.548497 0.472000 0.650000
v 0.554092 0.485506 0.650000
v 0.554092 0.485506 0.830000
v 0.548497 0.472000 0.830000
vn 0.923880 -0.382683 0.000000
f 2537/1/651 2538/2/651 2539/3/651 2540/4/651
usemtl silver
v 0.554092 0.485506 0.650000
v 0.556000 0.500000 0.650000
v 0.556000 0.500000 0.830000
v 0.554092 0.485506 0.830000
vn 0.991445 -0.130526 0.000000
f 2541/1/652 2542/2/652 2543/3/652 2544/4/652
usemtl black
v 0.580000 0.500000 0.650000
v 0.577274 0.520706 0.650000
v 0.577274 0.520706 0.710000
v 0.580000 0.500000 0.710000
vn 0.991445 0.130526 0.000000
f 2545/1/653 2546/2/653 2547/3/653 2548/4/653
usemtl black
v 0.577274 0.520706 0.650000
v 0.569282 0.540000 0.650000
v 0.569282 0.540000 0.710000
v 0.577274 0.520706 0.710000
vn 0.923880 0.382683 0.000000
f 2549/1/654 2550/2/654 2551/3/654 2552/4/654
usemtl black
v 0.569282 0.540000 0.650000
v 0.556569 0.556569 0.650000
v 0.556569 0.556569 0.710000
v 0.569282 0.540000 0.710000
vn 0.793353 0.608761 0.000000
f 2553/1/655 2554/2/655 2555/3/655 2556/4/655
usemtl black
v 0.556569 0.556569 0.650000
v 0.540000 0.569282 0.650000
v 0.540000 0.569282 0.710000
v 0.556569 0.556569 0.710000
vn 0.608761 0.793353 0.000000
f 2557/1/656 2558/2/656 2559/3/656 2560/4/656
usemtl black
v 0.540000 0.569282 0.650000
v 0.520706 0.577274 0.650000
v 0.520706 0.577274 0.710000
v 0.540000 0.569282 0.710000
vn 0.382683 0.923880 0.000000
f 2561/1/657 2562/2/657 2563/3/657 2564/4/657
usemtl black
v 0.520706 0.577274 0.650000
v 0.500000 0.580000 0.650000
v 0.500000 0.580000 0.710000
v 0.520706 0.577274 0.710000
vn 0.130526 0.991445 0.000000
f 2565/1/658 2566/2/658 2567/3/658 2568/4/658
usemtl black
v 0.500000 0.580000 0.650000
v 0.479294 0.577274 0.650000
v 0.479294 0.577274 0.710000
v 0.500000 0.580000 0.710000
vn -0.130526 0.991445 0.000000
f 2569/1/659 2570/2/659 2571/3/659 2572/4/659
usemtl black
v 0.479294 0.577274 0.650000
v 0.460000 0.569282 0.650000
v 0.460000 0.569282 0.710000
v 0.479294 0.577274 0.710000
vn -0.382683 0.923880 0.000000
f 2573/1/660 2574/2/660 2575/3/660 2576/4/660
usemtl black
v 0.460000 0.569282 0.650000
v 0.443431 0.556569 0.650000
v 0.443431 0.556569 0.710000
v 0.460000 0.569282 0.710000
vn -0.608761 0.793353 0.000000
f 2577/1/661 2578/2/661 2579/3/661 2580/4/661
usemtl black
v 0.443431 0.556569 0.650000
v 0.430718 0.540000 0.650000
v 0.430718 0.540000 0.710000
v 0.443431 0.556569 0.710000
vn -0.793353 0.608761 0.000000
f 2581/1/662 2582/2/662 2583/3/662 2584/4/662
usemtl black
v 0.430718 0.540000 0.650000
v 0.422726 0.520706 0.650000
v 0.422726 0.520706 0.710000
v 0.430718 0.540000 0.710000
vn -0.923880 0.382683 0.000000
f 2585/1/663 2586/2/663 2587/3/663 2588/4/663
usemtl black
v 0.422726 0.520706 0.650000
v 0.420000 0.500000 0.650000
v 0.420000 0.500000 0.710000
v 0.422726 0.520706 0.710000
vn -0.991445 0.130526 0.000000
f 2589/1/664 2590/2/664 2591/3/664 2592/4/664
usemtl black
v 0.420000 0.500000 0.650000
v 0.422726 0.479294 0.650000
v 0.422726 0.479294 0.710000
v 0.420000 0.500000 0.710000
vn -0.991445 -0.130526 0.000000
f 2593/1/665 2594/2/665 2595/3/665 2596/4/665
usemtl black
v 0.422726 0.479294 0.650000
v 0.430718 0.460000 0.650000
v 0.430718 0.460000 0.710000
v 0.422726 0.479294 0.710000
vn -0.923880 -0.382683 0.000000
f 2597/1/666 2598/2/666 2599/3/666 2600/4/666
usemtl black
v 0.430718 0.460000 0.650000
v 0.443431 0.443431 0.650000
v 0.443431 0.443431 0.710000
v 0.430718 0.460000 0.710000
vn -0.793353 -0.608761 0.000000
f 2601/1/667 2602/2/667 2603/3/667 2604/4/667
usemtl black
v 0.443431 0.443431 0.650000
v 0.460000 0.430718 0.650000
v 0.460000 0.430718 0.710000
v 0.443431 0.443431 0.710000
vn -0.608761 -0.793353 0.000000
f 2605/1/668 2606/2/668 2607/3/668 2608/4/668
usemtl black
v 0.460000 0.430718 0.650000
v 0.479294 0.422726 0.650000
v 0.479294 0.422726 0.710000
v 0.460000 0.430718 0.710000
vn -0.382683 -0.923880 0.000000
f 2609/1/669 2610/2/669 2611/3/669 2612/4/669
usemtl black
v 0.479294 0.422726 0.650000
v 0.500000 0.420000 0.650000
v 0.500000 0.420000 0.710000
v 0.479294 0.422726 0.710000
vn -0.130526 -0.991445 0.000000
f 2613/1/670 2614/2/670 2615/3/670 2616/4/670
usemtl black
v 0.500000 0.420000 0.650000
v 0.520706 0.422726 0.650000
v 0.520706 0.422726 0.710000
v 0.500000 0.420000 0.710000
vn 0.130526 -0.991445 0.000000
f 2617/1/671 2618/2/671 2619/3/671 2620/4/671
usemtl black
v 0.520706 0.422726 0.650000
v 0.540000 0.430718 0.650000
v 0.540000 0.430718 0.710000
v 0.520706 0.422726 0.710000
vn 0.382683 -0.923880 0.000000
f 2621/1/672 2622/2/672 2623/3/672 2624/4/672
usemtl black
v 0.540000 0.430718 0.650000
v 0.556569 0.443431 0.650000
v 0.556569 0.443431 0.710000
v 0.540000 0.430718 0.710000
vn 0.608761 -0.793353 0.000000
f 2625/1/673 2626/2/673 2627/3/673 2628/4/673
usemtl black
v 0.556569 0.443431 0.650000
v 0.569282 0.460000 0.650000
v 0.569282 0.460000 0.710000
v 0.556569 0.443431 0.710000
vn 0.793353 -0.608761 0.000000
f 2629/1/674 2630/2/674 2631/3/674 2632/4/674
usemtl black
v 0.569282 0.460000 0.650000
v 0.577274 0.479294 0.650000
v 0.577274 0.479294 0.710000
v 0.569282 0.460000 0.710000
vn 0.923880 -0.382683 0.000000
f 2633/1/675 2634/2/675 2635/3/675 2636/4/675
usemtl black
v 0.577274 0.479294 0.650000
v 0.580000 0.500000 0.650000
v 0.580000 0.500000 0.710000
v 0.577274 0.479294 0.710000
vn 0.991445 -0.130526 0.000000
f 2637/1/676 2638/2/676 2639/3/676 2640/4/676
usemtl black
v 0.198000 0.415000 0.515000
v 0.198000 0.585000 0.515000
v 0.198000 0.585000 0.300000
v 0.198000 0.415000 0.300000
vn -1.000000 -0.000000 -0.000000
f 2641/1/677 2642/2/677 2643/3/677 2644/4/677
usemtl black
v 0.214000 0.415000 0.300000
v 0.214000 0.585000 0.300000
v 0.214000 0.585000 0.515000
v 0.214000 0.415000 0.515000
vn 1.000000 0.000000 0.000000
f 2645/1/678 2646/2/678 2647/3/678 2648/4/678
usemtl black
v 0.198000 0.415000 0.300000
v 0.214000 0.415000 0.300000
v 0.214000 0.415000 0.515000
v 0.198000 0.415000 0.515000
vn 0.000000 -1.000000 0.000000
f 2649/1/679 2650/2/679 2651/3/679 2652/4/679
usemtl black
v 0.198000 0.585000 0.515000
v 0.214000 0.585000 0.515000
v 0.214000 0.585000 0.300000
v 0.198000 0.585000 0.300000
vn -0.000000 1.000000 -0.000000
f 2653/1/680 2654/2/680 2655/3/680 2656/4/680
usemtl black
v 0.198000 0.585000 0.300000
v 0.214000 0.585000 0.300000
v 0.214000 0.415000 0.300000
v 0.198000 0.415000 0.300000
vn -0.000000 -0.000000 -1.000000
f 2657/1/681 2658/2/681 2659/3/681 2660/4/681
usemtl black
v 0.198000 0.415000 0.515000
v 0.214000 0.415000 0.515000
v 0.214000 0.585000 0.515000
v 0.198000 0.585000 0.515000
vn 0.000000 0.000000 1.000000
f 2661/1/682 2662/2/682 2663/3/682 2664/4/682
usemtl silver
v 0.191000 0.450000 0.330000
v 0.191000 0.550000 0.330000
v 0.191000 0.550000 0.320000
v 0.191000 0.450000 0.320000
vn -1.000000 -0.000000 -0.000000
f 2665/1/683 2666/2/683 2667/3/683 2668/4/683
usemtl silver
v 0.199000 0.450000 0.320000
v 0.199000 0.550000 0.320000
v 0.199000 0.550000 0.330000
v 0.199000 0.450000 0.330000
vn 1.000000 0.000000 0.000000
f 2669/1/684 2670/2/684 2671/3/684 2672/4/684
usemtl silver
v 0.191000 0.450000 0.320000
v 0.199000 0.450000 0.320000
v 0.199000 0.450000 0.330000
v 0.191000 0.450000 0.330000
vn 0.000000 -1.000000 0.000000
f 2673/1/685 2674/2/685 2675/3/685 2676/4/685
usemtl silver
v 0.191000 0.550000 0.330000
v 0.199000 0.550000 0.330000
v 0.199000 0.550000 0.320000
v 0.191000 0.550000 0.320000
vn -0.000000 1.000000 -0.000000
f 2677/1/686 2678/2/686 2679/3/686 2680/4/686
usemtl silver
v 0.191000 0.550000 0.320000
v 0.199000 0.550000 0.320000
v 0.199000 0.450000 0.320000
v 0.191000 0.450000 0.320000
vn -0.000000 -0.000000 -1.000000
f 2681/1/687 2682/2/687 2683/3/687 2684/4/687
usemtl silver
v 0.191000 0.450000 0.330000
v 0.199000 0.450000 0.330000
v 0.199000 0.550000 0.330000
v 0.191000 0.550000 0.330000
vn 0.000000 0.000000 1.000000
f 2685/1/688 2686/2/688 2687/3/688 2688/4/688
usemtl silver
v 0.191000 0.450000 0.363000
v 0.191000 0.550000 0.363000
v 0.191000 0.550000 0.353000
v 0.191000 0.450000 0.353000
vn -1.000000 -0.000000 -0.000000
f 2689/1/689 2690/2/689 2691/3/689 2692/4/689
usemtl silver
v 0.199000 0.450000 0.353000
v 0.199000 0.550000 0.353000
v 0.199000 0.550000 0.363000
v 0.199000 0.450000 0.363000
vn 1.000000 0.000000 0.000000
f 2693/1/690 2694/2/690 2695/3/690 2696/4/690
usemtl silver
v 0.191000 0.450000 0.353000
v 0.199000 0.450000 0.353000
v 0.199000 0.450000 0.363000
v 0.191000 0.450000 0.363000
vn 0.000000 -1.000000 0.000000
f 2697/1/691 2698/2/691 2699/3/691 2700/4/691
usemtl silver
v 0.191000 0.550000 0.363000
v 0.199000 0.550000 0.363000
v 0.199000 0.550000 0.353000
v 0.191000 0.550000 0.353000
vn -0.000000 1.000000 -0.000000
f 2701/1/692 2702/2/692 2703/3/692 2704/4/692
usemtl silver
v 0.191000 0.550000 0.353000
v 0.199000 0.550000 0.353000
v 0.199000 0.450000 0.353000
v 0.191000 0.450000 0.353000
vn -0.000000 -0.000000 -1.000000
f 2705/1/693 2706/2/693 2707/3/693 2708/4/693
usemtl silver
v 0.191000 0.450000 0.363000
v 0.199000 0.450000 0.363000
v 0.199000 0.550000 0.363000
v 0.191000 0.550000 0.363000
vn 0.000000 0.000000 1.000000
f 2709/1/694 2710/2/694 2711/3/694 2712/4/694
usemtl silver
v 0.191000 0.450000 0.396000
v 0.191000 0.550000 0.396000
v 0.191000 0.550000 0.386000
v 0.191000 0.450000 0.386000
vn -1.000000 -0.000000 -0.000000
f 2713/1/695 2714/2/695 2715/3/695 2716/4/695
usemtl silver
v 0.199000 0.450000 0.386000
v 0.199000 0.550000 0.386000
v 0.199000 0.550000 0.396000
v 0.199000 0.450000 0.396000
vn 1.000000 0.000000 0.000000
f 2717/1/696 2718/2/696 2719/3/696 2720/4/696
usemtl silver
v 0.191000 0.450000 0.386000
v 0.199000 0.450000 0.386000
v 0.199000 0.450000 0.396000
v 0.191000 0.450000 0.396000
vn 0.000000 -1.000000 0.000000
f 2721/1/697 2722/2/697 2723/3/697 2724/4/697
usemtl silver
v 0.191000 0.550000 0.396000
v 0.199000 0.550000 0.396000
v 0.199000 0.550000 0.386000
v 0.191000 0.550000 0.386000
vn -0.000000 1.000000 -0.000000
f 2725/1/698 2726/2/698 2727/3/698 2728/4/698
usemtl silver
v 0.191000 0.550000 0.386000
v 0.199000 0.550000 0.386000
v 0.199000 0.450000 0.386000
v 0.191000 0.450000 0.386000
vn -0.000000 -0.000000 -1.000000
f 2729/1/699 2730/2/699 2731/3/699 2732/4/699
usemtl silver
v 0.191000 0.450000 0.396000
v 0.199000 0.450000 0.396000
v 0.199000 0.550000 0.396000
v 0.191000 0.550000 0.396000
vn 0.000000 0.000000 1.000000
f 2733/1/700 2734/2/700 2735/3/700 2736/4/700
usemtl silver
v 0.191000 0.450000 0.429000
v 0.191000 0.550000 0.429000
v 0.191000 0.550000 0.419000
v 0.191000 0.450000 0.419000
vn -1.000000 -0.000000 -0.000000
f 2737/1/701 2738/2/701 2739/3/701 2740/4/701
usemtl silver
v 0.199000 0.450000 0.419000
v 0.199000 0.550000 0.419000
v 0.199000 0.550000 0.429000
v 0.199000 0.450000 0.429000
vn 1.000000 0.000000 0.000000
f 2741/1/702 2742/2/702 2743/3/702 2744/4/702
usemtl silver
v 0.191000 0.450000 0.419000
v 0.199000 0.450000 0.419000
v 0.199000 0.450000 0.429000
v 0.191000 0.450000 0.429000
vn 0.000000 -1.000000 0.000000
f 2745/1/703 2746/2/703 2747/3/703 2748/4/703
usemtl silver
v 0.191000 0.550000 0.429000
v 0.199000 0.550000 0.429000
v 0.199000 0.550000 0.419000
v 0.191000 0.550000 0.419000
vn -0.000000 1.000000 -0.000000
f 2749/1/704 2750/2/704 2751/3/704 2752/4/704
usemtl silver
v 0.191000 0.550000 0.419000
v 0.199000 0.550000 0.419000
v 0.199000 0.450000 0.419000
v 0.191000 0.450000 0.419000
vn -0.000000 -0.000000 -1.000000
f 2753/1/705 2754/2/705 2755/3/705 2756/4/705
usemtl silver
v 0.191000 0.450000 0.429000
v 0.199000 0.450000 0.429000
v 0.199000 0.550000 0.429000
v 0.191000 0.550000 0.429000
vn 0.000000 0.000000 1.000000
f 2757/1/706 2758/2/706 2759/3/706 2760/4/706
usemtl white
v 0.191000 0.465000 0.493000
v 0.191000 0.490000 0.493000
v 0.191000 0.490000 0.465000
v 0.191000 0.465000 0.465000
vn -1.000000 -0.000000 -0.000000
f 2761/1/707 2762/2/707 2763/3/707 2764/4/707
usemtl white
v 0.199000 0.465000 0.465000
v 0.199000 0.490000 0.465000
v 0.199000 0.490000 0.493000
v 0.199000 0.465000 0.493000
vn 1.000000 0.000000 0.000000
f 2765/1/708 2766/2/708 2767/3/708 2768/4/708
usemtl white
v 0.191000 0.465000 0.465000
v 0.199000 0.465000 0.465000
v 0.199000 0.465000 0.493000
v 0.191000 0.465000 0.493000
vn 0.000000 -1.000000 0.000000
f 2769/1/709 2770/2/709 2771/3/709 2772/4/709
usemtl white
v 0.191000 0.490000 0.493000
v 0.199000 0.490000 0.493000
v 0.199000 0.490000 0.465000
v 0.191000 0.490000 0.465000
vn -0.000000 1.000000 -0.000000
f 2773/1/710 2774/2/710 2775/3/710 2776/4/710
usemtl white
v 0.191000 0.490000 0.465000
v 0.199000 0.490000 0.465000
v 0.199000 0.465000 0.465000
v 0.191000 0.465000 0.465000
vn -0.000000 -0.000000 -1.000000
f 2777/1/711 2778/2/711 2779/3/711 2780/4/711
usemtl white
v 0.191000 0.465000 0.493000
v 0.199000 0.465000 0.493000
v 0.199000 0.490000 0.493000
v 0.191000 0.490000 0.493000
vn 0.000000 0.000000 1.000000
f 2781/1/712 2782/2/712 2783/3/712 2784/4/712
usemtl white
v 0.291000 0.783000 0.500000
v 0.291000 0.812500 0.500000
v 0.291000 0.812500 0.310000
v 0.291000 0.783000 0.310000
vn -1.000000 -0.000000 -0.000000
f 2785/1/713 2786/2/713 2787/3/713 2788/4/713
usemtl white
v 0.339000 0.783000 0.310000
v 0.339000 0.812500 0.310000
v 0.339000 0.812500 0.500000
v 0.339000 0.783000 0.500000
vn 1.000000 0.000000 0.000000
f 2789/1/714 2790/2/714 2791/3/714 2792/4/714
usemtl white
v 0.291000 0.783000 0.310000
v 0.339000 0.783000 0.310000
v 0.339000 0.783000 0.500000
v 0.291000 0.783000 0.500000
vn 0.000000 -1.000000 0.000000
f 2793/1/715 2794/2/715 2795/3/715 2796/4/715
usemtl white
v 0.291000 0.812500 0.500000
v 0.339000 0.812500 0.500000
v 0.339000 0.812500 0.310000
v 0.291000 0.812500 0.310000
vn -0.000000 1.000000 -0.000000
f 2797/1/716 2798/2/716 2799/3/716 2800/4/716
usemtl white
v 0.291000 0.812500 0.310000
v 0.339000 0.812500 0.310000
v 0.339000 0.783000 0.310000
v 0.291000 0.783000 0.310000
vn -0.000000 -0.000000 -1.000000
f 2801/1/717 2802/2/717 2803/3/717 2804/4/717
usemtl white
v 0.291000 0.783000 0.500000
v 0.339000 0.783000 0.500000
v 0.339000 0.812500 0.500000
v 0.291000 0.812500 0.500000
vn 0.000000 0.000000 1.000000
f 2805/1/718 2806/2/718 2807/3/718 2808/4/718
usemtl black
v 0.786000 0.415000 0.515000
v 0.786000 0.585000 0.515000
v 0.786000 0.585000 0.300000
v 0.786000 0.415000 0.300000
vn -1.000000 -0.000000 -0.000000
f 2809/1/719 2810/2/719 2811/3/719 2812/4/719
usemtl black
v 0.802000 0.415000 0.300000
v 0.802000 0.585000 0.300000
v 0.802000 0.585000 0.515000
v 0.802000 0.415000 0.515000
vn 1.000000 0.000000 0.000000
f 2813/1/720 2814/2/720 2815/3/720 2816/4/720
usemtl black
v 0.786000 0.415000 0.300000
v 0.802000 0.415000 0.300000
v 0.802000 0.415000 0.515000
v 0.786000 0.415000 0.515000
vn 0.000000 -1.000000 0.000000
f 2817/1/721 2818/2/721 2819/3/721 2820/4/721
usemtl black
v 0.786000 0.585000 0.515000
v 0.802000 0.585000 0.515000
v 0.802000 0.585000 0.300000
v 0.786000 0.585000 0.300000
vn -0.000000 1.000000 -0.000000
f 2821/1/722 2822/2/722 2823/3/722 2824/4/722
usemtl black
v 0.786000 0.585000 0.300000
v 0.802000 0.585000 0.300000
v 0.802000 0.415000 0.300000
v 0.786000 0.415000 0.300000
vn -0.000000 -0.000000 -1.000000
f 2825/1/723 2826/2/723 2827/3/723 2828/4/723
usemtl black
v 0.786000 0.415000 0.515000
v 0.802000 0.415000 0.515000
v 0.802000 0.585000 0.515000
v 0.786000 0.585000 0.515000
vn 0.000000 0.000000 1.000000
f 2829/1/724 2830/2/724 2831/3/724 2832/4/724
usemtl silver
v 0.801000 0.450000 0.330000
v 0.801000 0.550000 0.330000
v 0.801000 0.550000 0.320000
v 0.801000 0.450000 0.320000
vn -1.000000 -0.000000 -0.000000
f 2833/1/725 2834/2/725 2835/3/725 2836/4/725
usemtl silver
v 0.809000 0.450000 0.320000
v 0.809000 0.550000 0.320000
v 0.809000 0.550000 0.330000
v 0.809000 0.450000 0.330000
vn 1.000000 0.000000 0.000000
f 2837/1/726 2838/2/726 2839/3/726 2840/4/726
usemtl silver
v 0.801000 0.450000 0.320000
v 0.809000 0.450000 0.320000
v 0.809000 0.450000 0.330000
v 0.801000 0.450000 0.330000
vn 0.000000 -1.000000 0.000000
f 2841/1/727 2842/2/727 2843/3/727 2844/4/727
usemtl silver
v 0.801000 0.550000 0.330000
v 0.809000 0.550000 0.330000
v 0.809000 0.550000 0.320000
v 0.801000 0.550000 0.320000
vn -0.000000 1.000000 -0.000000
f 2845/1/728 2846/2/728 2847/3/728 2848/4/728
usemtl silver
v 0.801000 0.550000 0.320000
v 0.809000 0.550000 0.320000
v 0.809000 0.450000 0.320000
v 0.801000 0.450000 0.320000
vn -0.000000 -0.000000 -1.000000
f 2849/1/729 2850/2/729 2851/3/729 2852/4/729
usemtl silver
v 0.801000 0.450000 0.330000
v 0.809000 0.450000 0.330000
v 0.809000 0.550000 0.330000
v 0.801000 0.550000 0.330000
vn 0.000000 0.000000 1.000000
f 2853/1/730 2854/2/730 2855/3/730 2856/4/730
usemtl silver
v 0.801000 0.450000 0.363000
v 0.801000 0.550000 0.363000
v 0.801000 0.550000 0.353000
v 0.801000 0.450000 0.353000
vn -1.000000 -0.000000 -0.000000
f 2857/1/731 2858/2/731 2859/3/731 2860/4/731
usemtl silver
v 0.809000 0.450000 0.353000
v 0.809000 0.550000 0.353000
v 0.809000 0.550000 0.363000
v 0.809000 0.450000 0.363000
vn 1.000000 0.000000 0.000000
f 2861/1/732 2862/2/732 2863/3/732 2864/4/732
usemtl silver
v 0.801000 0.450000 0.353000
v 0.809000 0.450000 0.353000
v 0.809000 0.450000 0.363000
v 0.801000 0.450000 0.363000
vn 0.000000 -1.000000 0.000000
f 2865/1/733 2866/2/733 2867/3/733 2868/4/733
usemtl silver
v 0.801000 0.550000 0.363000
v 0.809000 0.550000 0.363000
v 0.809000 0.550000 0.353000
v 0.801000 0.550000 0.353000
vn -0.000000 1.000000 -0.000000
f 2869/1/734 2870/2/734 2871/3/734 2872/4/734
usemtl silver
v 0.801000 0.550000 0.353000
v 0.809000 0.550000 0.353000
v 0.809000 0.450000 0.353000
v 0.801000 0.450000 0.353000
vn -0.000000 -0.000000 -1.000000
f 2873/1/735 2874/2/735 2875/3/735 2876/4/735
usemtl silver
v 0.801000 0.450000 0.363000
v 0.809000 0.450000 0.363000
v 0.809000 0.550000 0.363000
v 0.801000 0.550000 0.363000
vn 0.000000 0.000000 1.000000
f 2877/1/736 2878/2/736 2879/3/736 2880/4/736
usemtl silver
v 0.801000 0.450000 0.396000
v 0.801000 0.550000 0.396000
v 0.801000 0.550000 0.386000
v 0.801000 0.450000 0.386000
vn -1.000000 -0.000000 -0.000000
f 2881/1/737 2882/2/737 2883/3/737 2884/4/737
usemtl silver
v 0.809000 0.450000 0.386000
v 0.809000 0.550000 0.386000
v 0.809000 0.550000 0.396000
v 0.809000 0.450000 0.396000
vn 1.000000 0.000000 0.000000
f 2885/1/738 2886/2/738 2887/3/738 2888/4/738
usemtl silver
v 0.801000 0.450000 0.386000
v 0.809000 0.450000 0.386000
v 0.809000 0.450000 0.396000
v 0.801000 0.450000 0.396000
vn 0.000000 -1.000000 0.000000
f 2889/1/739 2890/2/739 2891/3/739 2892/4/739
usemtl silver
v 0.801000 0.550000 0.396000
v 0.809000 0.550000 0.396000
v 0.809000 0.550000 0.386000
v 0.801000 0.550000 0.386000
vn -0.000000 1.000000 -0.000000
f 2893/1/740 2894/2/740 2895/3/740 2896/4/740
usemtl silver
v 0.801000 0.550000 0.386000
v 0.809000 0.550000 0.386000
v 0.809000 0.450000 0.386000
v 0.801000 0.450000 0.386000
vn -0.000000 -0.000000 -1.000000
f 2897/1/741 2898/2/741 2899/3/741 2900/4/741
usemtl silver
v 0.801000 0.450000 0.396000
v 0.809000 0.450000 0.396000
v 0.809000 0.550000 0.396000
v 0.801000 0.550000 0.396000
vn 0.000000 0.000000 1.000000
f 2901/1/742 2902/2/742 2903/3/742 2904/4/742
usemtl silver
v 0.801000 0.450000 0.429000
v 0.801000 0.550000 0.429000
v 0.801000 0.550000 0.419000
v 0.801000 0.450000 0.419000
vn -1.000000 -0.000000 -0.000000
f 2905/1/743 2906/2/743 2907/3/743 2908/4/743
usemtl silver
v 0.809000 0.450000 0.419000
v 0.809000 0.550000 0.419000
v 0.809000 0.550000 0.429000
v 0.809000 0.450000 0.429000
vn 1.000000 0.000000 0.000000
f 2909/1/744 2910/2/744 2911/3/744 2912/4/744
usemtl silver
v 0.801000 0.450000 0.419000
v 0.809000 0.450000 0.419000
v 0.809000 0.450000 0.429000
v 0.801000 0.450000 0.429000
vn 0.000000 -1.000000 0.000000
f 2913/1/745 2914/2/745 2915/3/745 2916/4/745
usemtl silver
v 0.801000 0.550000 0.429000
v 0.809000 0.550000 0.429000
v 0.809000 0.550000 0.419000
v 0.801000 0.550000 0.419000
vn -0.000000 1.000000 -0.000000
f 2917/1/746 2918/2/746 2919/3/746 2920/4/746
usemtl silver
v 0.801000 0.550000 0.419000
v 0.809000 0.550000 0.419000
v 0.809000 0.450000 0.419000
v 0.801000 0.450000 0.419000
vn -0.000000 -0.000000 -1.000000
f 2921/1/747 2922/2/747 2923/3/747 2924/4/747
usemtl silver
v 0.801000 0.450000 0.429000
v 0.809000 0.450000 0.429000
v 0.809000 0.550000 0.429000
v 0.801000 0.550000 0.429000
vn 0.000000 0.000000 1.000000
f 2925/1/748 2926/2/748 2927/3/748 2928/4/748
usemtl white
v 0.801000 0.465000 0.493000
v 0.801000 0.490000 0.493000
v 0.801000 0.490000 0.465000
v 0.801000 0.465000 0.465000
vn -1.000000 -0.000000 -0.000000
f 2929/1/749 2930/2/749 2931/3/749 2932/4/749
usemtl white
v 0.809000 0.465000 0.465000
v 0.809000 0.490000 0.465000
v 0.809000 0.490000 0.493000
v 0.809000 0.465000 0.493000
vn 1.000000 0.000000 0.000000
f 2933/1/750 2934/2/750 2935/3/750 2936/4/750
usemtl white
v 0.801000 0.465000 0.465000
v 0.809000 0.465000 0.465000
v 0.809000 0.465000 0.493000
v 0.801000 0.465000 0.493000
vn 0.000000 -1.000000 0.000000
f 2937/1/751 2938/2/751 2939/3/751 2940/4/751
usemtl white
v 0.801000 0.490000 0.493000
v 0.809000 0.490000 0.493000
v 0.809000 0.490000 0.465000
v 0.801000 0.490000 0.465000
vn -0.000000 1.000000 -0.000000
f 2941/1/752 2942/2/752 2943/3/752 2944/4/752
usemtl white
v 0.801000 0.490000 0.465000
v 0.809000 0.490000 0.465000
v 0.809000 0.465000 0.465000
v 0.801000 0.465000 0.465000
vn -0.000000 -0.000000 -1.000000
f 2945/1/753 2946/2/753 2947/3/753 2948/4/753
usemtl white
v 0.801000 0.465000 0.493000
v 0.809000 0.465000 0.493000
v 0.809000 0.490000 0.493000
v 0.801000 0.490000 0.493000
vn 0.000000 0.000000 1.000000
f 2949/1/754 2950/2/754 2951/3/754 2952/4/754
usemtl white
v 0.661000 0.783000 0.500000
v 0.661000 0.812500 0.500000
v 0.661000 0.812500 0.310000
v 0.661000 0.783000 0.310000
vn -1.000000 -0.000000 -0.000000
f 2953/1/755 2954/2/755 2955/3/755 2956/4/755
usemtl white
v 0.709000 0.783000 0.310000
v 0.709000 0.812500 0.310000
v 0.709000 0.812500 0.500000
v 0.709000 0.783000 0.500000
vn 1.000000 0.000000 0.000000
f 2957/1/756 2958/2/756 2959/3/756 2960/4/756
usemtl white
v 0.661000 0.783000 0.310000
v 0.709000 0.783000 0.310000
v 0.709000 0.783000 0.500000
v 0.661000 0.783000 0.500000
vn 0.000000 -1.000000 0.000000
f 2961/1/757 2962/2/757 2963/3/757 2964/4/757
usemtl white
v 0.661000 0.812500 0.500000
v 0.709000 0.812500 0.500000
v 0.709000 0.812500 0.310000
v 0.661000 0.812500 0.310000
vn -0.000000 1.000000 -0.000000
f 2965/1/758 2966/2/758 2967/3/758 2968/4/758
usemtl white
v 0.661000 0.812500 0.310000
v 0.709000 0.812500 0.310000
v 0.709000 0.783000 0.310000
v 0.661000 0.783000 0.310000
vn -0.000000 -0.000000 -1.000000
f 2969/1/759 2970/2/759 2971/3/759 2972/4/759
usemtl white
v 0.661000 0.783000 0.500000
v 0.709000 0.783000 0.500000
v 0.709000 0.812500 0.500000
v 0.661000 0.812500 0.500000
vn 0.000000 0.000000 1.000000
f 2973/1/760 2974/2/760 2975/3/760 2976/4/760
usemtl black
v 0.343750 0.218750 0.625000
v 0.343750 0.300000 0.625000
v 0.343750 0.300000 0.343750
v 0.343750 0.218750 0.343750
vn -1.000000 -0.000000 -0.000000
f 2977/1/761 2978/2/761 2979/3/761 2980/4/761
usemtl black
v 0.656250 0.218750 0.343750
v 0.656250 0.300000 0.343750
v 0.656250 0.300000 0.625000
v 0.656250 0.218750 0.625000
vn 1.000000 0.000000 0.000000
f 2981/1/762 2982/2/762 2983/3/762 2984/4/762
usemtl black
v 0.343750 0.218750 0.343750
v 0.656250 0.218750 0.343750
v 0.656250 0.218750 0.625000
v 0.343750 0.218750 0.625000
vn 0.000000 -1.000000 0.000000
f 2985/1/763 2986/2/763 2987/3/763 2988/4/763
usemtl black
v 0.343750 0.300000 0.625000
v 0.656250 0.300000 0.625000
v 0.656250 0.300000 0.343750
v 0.343750 0.300000 0.343750
vn -0.000000 1.000000 -0.000000
f 2989/1/764 2990/2/764 2991/3/764 2992/4/764
usemtl black
v 0.343750 0.300000 0.343750
v 0.656250 0.300000 0.343750
v 0.656250 0.218750 0.343750
v 0.343750 0.218750 0.343750
vn -0.000000 -0.000000 -1.000000
f 2993/1/765 2994/2/765 2995/3/765 2996/4/765
usemtl black
v 0.343750 0.218750 0.625000
v 0.656250 0.218750 0.625000
v 0.656250 0.300000 0.625000
v 0.343750 0.300000 0.625000
vn 0.000000 0.000000 1.000000
f 2997/1/766 2998/2/766 2999/3/766 3000/4/766
usemtl white
v 0.343750 0.075000 0.656250
v 0.343750 0.240000 0.656250
v 0.343750 0.240000 0.343750
v 0.343750 0.075000 0.343750
vn -1.000000 -0.000000 -0.000000
f 3001/1/767 3002/2/767 3003/3/767 3004/4/767
usemtl white
v 0.656250 0.075000 0.343750
v 0.656250 0.240000 0.343750
v 0.656250 0.240000 0.656250
v 0.656250 0.075000 0.656250
vn 1.000000 0.000000 0.000000
f 3005/1/768 3006/2/768 3007/3/768 3008/4/768
usemtl white
v 0.343750 0.075000 0.343750
v 0.656250 0.075000 0.343750
v 0.656250 0.075000 0.656250
v 0.343750 0.075000 0.656250
vn 0.000000 -1.000000 0.000000
f 3009/1/769 3010/2/769 3011/3/769 3012/4/769
usemtl white
v 0.343750 0.240000 0.656250
v 0.656250 0.240000 0.656250
v 0.656250 0.240000 0.343750
v 0.343750 0.240000 0.343750
vn -0.000000 1.000000 -0.000000
f 3013/1/770 3014/2/770 3015/3/770 3016/4/770
usemtl white
v 0.343750 0.240000 0.343750
v 0.656250 0.240000 0.343750
v 0.656250 0.075000 0.343750
v 0.343750 0.075000 0.343750
vn -0.000000 -0.000000 -1.000000
f 3017/1/771 3018/2/771 3019/3/771 3020/4/771
usemtl white
v 0.343750 0.075000 0.656250
v 0.656250 0.075000 0.656250
v 0.656250 0.240000 0.656250
v 0.343750 0.240000 0.656250
vn 0.000000 0.000000 1.000000
f 3021/1/772 3022/2/772 3023/3/772 3024/4/772
usemtl black
v 0.250000 0.000000 0.750000
v 0.250000 0.093750 0.750000
v 0.250000 0.093750 0.250000
v 0.250000 0.000000 0.250000
vn -1.000000 -0.000000 -0.000000
f 3025/1/773 3026/2/773 3027/3/773 3028/4/773
usemtl black
v 0.750000 0.000000 0.250000
v 0.750000 0.093750 0.250000
v 0.750000 0.093750 0.750000
v 0.750000 0.000000 0.750000
vn 1.000000 0.000000 0.000000
f 3029/1/774 3030/2/774 3031/3/774 3032/4/774
usemtl black
v 0.250000 0.000000 0.250000
v 0.750000 0.000000 0.250000
v 0.750000 0.000000 0.750000
v 0.250000 0.000000 0.750000
vn 0.000000 -1.000000 0.000000
f 3033/1/775 3034/2/775 3035/3/775 3036/4/775
usemtl black
v 0.250000 0.093750 0.750000
v 0.750000 0.093750 0.750000
v 0.750000 0.093750 0.250000
v 0.250000 0.093750 0.250000
vn -0.000000 1.000000 -0.000000
f 3037/1/776 3038/2/776 3039/3/776 3040/4/776
usemtl black
v 0.250000 0.093750 0.250000
v 0.750000 0.093750 0.250000
v 0.750000 0.000000 0.250000
v 0.250000 0.000000 0.250000
vn -0.000000 -0.000000 -1.000000
f 3041/1/777 3042/2/777 3043/3/777 3044/4/777
usemtl black
v 0.250000 0.000000 0.750000
v 0.750000 0.000000 0.750000
v 0.750000 0.093750 0.750000
v 0.250000 0.093750 0.750000
vn 0.000000 0.000000 1.000000
f 3045/1/778 3046/2/778 3047/3/778 3048/4/778
usemtl silver
v 0.312500 0.093750 0.687500
v 0.312500 0.125000 0.687500
v 0.312500 0.125000 0.312500
v 0.312500 0.093750 0.312500
vn -1.000000 -0.000000 -0.000000
f 3049/1/779 3050/2/779 3051/3/779 3052/4/779
usemtl silver
v 0.687500 0.093750 0.312500
v 0.687500 0.125000 0.312500
v 0.687500 0.125000 0.687500
v 0.687500 0.093750 0.687500
vn 1.000000 0.000000 0.000000
f 3053/1/780 3054/2/780 3055/3/780 3056/4/780
usemtl silver
v 0.312500 0.093750 0.312500
v 0.687500 0.093750 0.312500
v 0.687500 0.093750 0.687500
v 0.312500 0.093750 0.687500
vn 0.000000 -1.000000 0.000000
f 3057/1/781 3058/2/781 3059/3/781 3060/4/781
usemtl silver
v 0.312500 0.125000 0.687500
v 0.687500 0.125000 0.687500
v 0.687500 0.125000 0.312500
v 0.312500 0.125000 0.312500
vn -0.000000 1.000000 -0.000000
f 3061/1/782 3062/2/782 3063/3/782 3064/4/782
usemtl silver
v 0.312500 0.125000 0.312500
v 0.687500 0.125000 0.312500
v 0.687500 0.093750 0.312500
v 0.312500 0.093750 0.312500
vn -0.000000 -0.000000 -1.000000
f 3065/1/783 3066/2/783 3067/3/783 3068/4/783
usemtl silver
v 0.312500 0.093750 0.687500
v 0.687500 0.093750 0.687500
v 0.687500 0.125000 0.687500
v 0.312500 0.125000 0.687500
vn 0.000000 0.000000 1.000000
f 3069/1/784 3070/2/784 3071/3/784 3072/4/784
usemtl white
v 0.500000 0.500000 0.780000
v 0.586933 0.523294 0.780000
v 0.590000 0.500000 0.780000
vn 0.000000 0.000000 -1.000000
f 3073/1/785 3074/2/785 3075/3/785
usemtl white
v 0.500000 0.500000 0.780000
v 0.577942 0.545000 0.780000
v 0.586933 0.523294 0.780000
vn 0.000000 0.000000 -1.000000
f 3076/1/786 3077/2/786 3078/3/786
usemtl white
v 0.500000 0.500000 0.780000
v 0.563640 0.563640 0.780000
v 0.577942 0.545000 0.780000
vn 0.000000 0.000000 -1.000000
f 3079/1/787 3080/2/787 3081/3/787
usemtl white
v 0.500000 0.500000 0.780000
v 0.545000 0.577942 0.780000
v 0.563640 0.563640 0.780000
vn 0.000000 0.000000 -1.000000
f 3082/1/788 3083/2/788 3084/3/788
usemtl white
v 0.500000 0.500000 0.780000
v 0.523294 0.586933 0.780000
v 0.545000 0.577942 0.780000
vn 0.000000 0.000000 -1.000000
f 3085/1/789 3086/2/789 3087/3/789
usemtl white
v 0.500000 0.500000 0.780000
v 0.500000 0.590000 0.780000
v 0.523294 0.586933 0.780000
vn 0.000000 0.000000 -1.000000
f 3088/1/790 3089/2/790 3090/3/790
usemtl white
v 0.500000 0.500000 0.780000
v 0.476706 0.586933 0.780000
v 0.500000 0.590000 0.780000
vn 0.000000 0.000000 -1.000000
f 3091/1/791 3092/2/791 3093/3/791
usemtl white
v 0.500000 0.500000 0.780000
v 0.455000 0.577942 0.780000
v 0.476706 0.586933 0.780000
vn 0.000000 0.000000 -1.000000
f 3094/1/792 3095/2/792 3096/3/792
usemtl white
v 0.500000 0.500000 0.780000
v 0.436360 0.563640 0.780000
v 0.455000 0.577942 0.780000
vn 0.000000 0.000000 -1.000000
f 3097/1/793 3098/2/793 3099/3/793
usemtl white
v 0.500000 0.500000 0.780000
v 0.422058 0.545000 0.780000
v 0.436360 0.563640 0.780000
vn 0.000000 0.000000 -1.000000
f 3100/1/794 3101/2/794 3102/3/794
usemtl white
v 0.500000 0.500000 0.780000
v 0.413067 0.523294 0.780000
v 0.422058 0.545000 0.780000
vn 0.000000 0.000000 -1.000000
f 3103/1/795 3104/2/795 3105/3/795
usemtl white
v 0.500000 0.500000 0.780000
v 0.410000 0.500000 0.780000
v 0.413067 0.523294 0.780000
vn 0.000000 0.000000 -1.000000
f 3106/1/796 3107/2/796 3108/3/796
usemtl white
v 0.500000 0.500000 0.780000
v 0.413067 0.476706 0.780000
v 0.410000 0.500000 0.780000
vn -0.000000 0.000000 -1.000000
f 3109/1/797 3110/2/797 3111/3/797
usemtl white
v 0.500000 0.500000 0.780000
v 0.422058 0.455000 0.780000
v 0.413067 0.476706 0.780000
vn 0.000000 0.000000 -1.000000
f 3112/1/798 3113/2/798 3114/3/798
usemtl white
v 0.500000 0.500000 0.780000
v 0.436360 0.436360 0.780000
v 0.422058 0.455000 0.780000
vn 0.000000 0.000000 -1.000000
f 3115/1/799 3116/2/799 3117/3/799
usemtl white
v 0.500000 0.500000 0.780000
v 0.455000 0.422058 0.780000
v 0.436360 0.436360 0.780000
vn 0.000000 0.000000 -1.000000
f 3118/1/800 3119/2/800 3120/3/800
usemtl white
v 0.500000 0.500000 0.780000
v 0.476706 0.413067 0.780000
v 0.455000 0.422058 0.780000
vn 0.000000 0.000000 -1.000000
f 3121/1/801 3122/2/801 3123/3/801
usemtl white
v 0.500000 0.500000 0.780000
v 0.500000 0.410000 0.780000
v 0.476706 0.413067 0.780000
vn 0.000000 -0.000000 -1.000000
f 3124/1/802 3125/2/802 3126/3/802
usemtl white
v 0.500000 0.500000 0.780000
v 0.523294 0.413067 0.780000
v 0.500000 0.410000 0.780000
vn 0.000000 0.000000 -1.000000
f 3127/1/803 3128/2/803 3129/3/803
usemtl white
v 0.500000 0.500000 0.780000
v 0.545000 0.422058 0.780000
v 0.523294 0.413067 0.780000
vn 0.000000 0.000000 -1.000000
f 3130/1/804 3131/2/804 3132/3/804
usemtl white
v 0.500000 0.500000 0.780000
v 0.563640 0.436360 0.780000
v 0.545000 0.422058 0.780000
vn 0.000000 0.000000 -1.000000
f 3133/1/805 3134/2/805 3135/3/805
usemtl white
v 0.500000 0.500000 0.780000
v 0.577942 0.455000 0.780000
v 0.563640 0.436360 0.780000
vn 0.000000 0.000000 -1.000000
f 3136/1/806 3137/2/806 3138/3/806
usemtl white
v 0.500000 0.500000 0.780000
v 0.586933 0.476706 0.780000
v 0.577942 0.455000 0.780000
vn 0.000000 0.000000 -1.000000
f 3139/1/807 3140/2/807 3141/3/807
usemtl white
v 0.500000 0.500000 0.780000
v 0.590000 0.500000 0.780000
v 0.586933 0.476706 0.780000
vn 0.000000 0.000000 -1.000000
f 3142/1/808 3143/2/808 3144/3/808
usemtl white
v 0.590000 0.500000 0.780000
v 0.586933 0.523294 0.780000
v 0.596593 0.525882 0.870000
v 0.600000 0.500000 0.870000
vn 0.985483 0.129741 -0.109498
f 3145/1/809 3146/2/809 3147/3/809 3148/4/809
usemtl white
v 0.586933 0.523294 0.780000
v 0.577942 0.545000 0.780000
v 0.586603 0.550000 0.870000
v 0.596593 0.525882 0.870000
vn 0.918324 0.380382 -0.109498
f 3149/1/810 3150/2/810 3151/3/810 3152/4/810
usemtl white
v 0.577942 0.545000 0.780000
v 0.563640 0.563640 0.780000
v 0.570711 0.570711 0.870000
v 0.586603 0.550000 0.870000
vn 0.788583 0.605101 -0.109498
f 3153/1/811 3154/2/811 3155/3/811 3156/4/811
usemtl white
v 0.563640 0.563640 0.780000
v 0.545000 0.577942 0.780000
v 0.550000 0.586603 0.870000
v 0.570711 0.570711 0.870000
vn 0.605101 0.788583 -0.109498
f 3157/1/812 3158/2/812 3159/3/812 3160/4/812
usemtl white
v 0.545000 0.577942 0.780000
v 0.523294 0.586933 0.780000
v 0.525882 0.596593 0.870000
v 0.550000 0.586603 0.870000
vn 0.380382 0.918324 -0.109498
f 3161/1/813 3162/2/813 3163/3/813 3164/4/813
usemtl white
v 0.523294 0.586933 0.780000
v 0.500000 0.590000 0.780000
v 0.500000 0.600000 0.870000
v 0.525882 0.596593 0.870000
vn 0.129741 0.985483 -0.109498
f 3165/1/814 3166/2/814 3167/3/814 3168/4/814
usemtl white
v 0.500000 0.590000 0.780000
v 0.476706 0.586933 0.780000
v 0.474118 0.596593 0.870000
v 0.500000 0.600000 0.870000
vn -0.129741 0.985483 -0.109498
f 3169/1/815 3170/2/815 3171/3/815 3172/4/815
usemtl white
v 0.476706 0.586933 0.780000
v 0.455000 0.577942 0.780000
v 0.450000 0.586603 0.870000
v 0.474118 0.596593 0.870000
vn -0.380382 0.918324 -0.109498
f 3173/1/816 3174/2/816 3175/3/816 3176/4/816
usemtl white
v 0.455000 0.577942 0.780000
v 0.436360 0.563640 0.780000
v 0.429289 0.570711 0.870000
v 0.450000 0.586603 0.870000
vn -0.605101 0.788583 -0.109498
f 3177/1/817 3178/2/817 3179/3/817 3180/4/817
usemtl white
v 0.436360 0.563640 0.780000
v 0.422058 0.545000 0.780000
v 0.413397 0.550000 0.870000
v 0.429289 0.570711 0.870000
vn -0.788583 0.605101 -0.109498
f 3181/1/818 3182/2/818 3183/3/818 3184/4/818
usemtl white
v 0.422058 0.545000 0.780000
v 0.413067 0.523294 0.780000
v 0.403407 0.525882 0.870000
v 0.413397 0.550000 0.870000
vn -0.918324 0.380382 -0.109498
f 3185/1/819 3186/2/819 3187/3/819 3188/4/819
usemtl white
v 0.413067 0.523294 0.780000
v 0.410000 0.500000 0.780000
v 0.400000 0.500000 0.870000
v 0.403407 0.525882 0.870000
vn -0.985483 0.129741 -0.109498
f 3189/1/820 3190/2/820 3191/3/820 3192/4/820
usemtl white
v 0.410000 0.500000 0.780000
v 0.413067 0.476706 0.780000
v 0.403407 0.474118 0.870000
v 0.400000 0.500000 0.870000
vn -0.985483 -0.129741 -0.109498
f 3193/1/821 3194/2/821 3195/3/821 3196/4/821
usemtl white
v 0.413067 0.476706 0.780000
v 0.422058 0.455000 0.780000
v 0.413397 0.450000 0.870000
v 0.403407 0.474118 0.870000
vn -0.918324 -0.380382 -0.109498
f 3197/1/822 3198/2/822 3199/3/822 3200/4/822
usemtl white
v 0.422058 0.455000 0.780000
v 0.436360 0.436360 0.780000
v 0.429289 0.429289 0.870000
v 0.413397 0.450000 0.870000
vn -0.788583 -0.605101 -0.109498
f 3201/1/823 3202/2/823 3203/3/823 3204/4/823
usemtl white
v 0.436360 0.436360 0.780000
v 0.455000 0.422058 0.780000
v 0.450000 0.413397 0.870000
v 0.429289 0.429289 0.870000
vn -0.605101 -0.788583 -0.109498
f 3205/1/824 3206/2/824 3207/3/824 3208/4/824
usemtl white
v 0.455000 0.422058 0.780000
v 0.476706 0.413067 0.780000
v 0.474118 0.403407 0.870000
v 0.450000 0.413397 0.870000
vn -0.380382 -0.918324 -0.109498
f 3209/1/825 3210/2/825 3211/3/825 3212/4/825
usemtl white
v 0.476706 0.413067 0.780000
v 0.500000 0.410000 0.780000
v 0.500000 0.400000 0.870000
v 0.474118 0.403407 0.870000
vn -0.129741 -0.985483 -0.109498
f 3213/1/826 3214/2/826 3215/3/826 3216/4/826
usemtl white
v 0.500000 0.410000 0.780000
v 0.523294 0.413067 0.780000
v 0.525882 0.403407 0.870000
v 0.500000 0.400000 0.870000
vn 0.129741 -0.985483 -0.109498
f 3217/1/827 3218/2/827 3219/3/827 3220/4/827
usemtl white
v 0.523294 0.413067 0.780000
v 0.545000 0.422058 0.780000
v 0.550000 0.413397 0.870000
v 0.525882 0.403407 0.870000
vn 0.380382 -0.918324 -0.109498
f 3221/1/828 3222/2/828 3223/3/828 3224/4/828
usemtl white
v 0.545000 0.422058 0.780000
v 0.563640 0.436360 0.780000
v 0.570711 0.429289 0.870000
v 0.550000 0.413397 0.870000
vn 0.605101 -0.788583 -0.109498
f 3225/1/829 3226/2/829 3227/3/829 3228/4/829
usemtl white
v 0.563640 0.436360 0.780000
v 0.577942 0.455000 0.780000
v 0.586603 0.450000 0.870000
v 0.570711 0.429289 0.870000
vn 0.788583 -0.605101 -0.109498
f 3229/1/830 3230/2/830 3231/3/830 3232/4/830
usemtl white
v 0.577942 0.455000 0.780000
v 0.586933 0.476706 0.780000
v 0.596593 0.474118 0.870000
v 0.586603 0.450000 0.870000
vn 0.918324 -0.380382 -0.109498
f 3233/1/831 3234/2/831 3235/3/831 3236/4/831
usemtl white
v 0.586933 0.476706 0.780000
v 0.590000 0.500000 0.780000
v 0.600000 0.500000 0.870000
v 0.596593 0.474118 0.870000
vn 0.985483 -0.129741 -0.109498
f 3237/1/832 3238/2/832 3239/3/832 3240/4/832
usemtl white
v 0.600000 0.500000 0.870000
v 0.596593 0.525882 0.870000
v 0.553126 0.514235 0.940000
v 0.555000 0.500000 0.940000
vn 0.836067 0.110070 0.537472
f 3241/1/833 3242/2/833 3243/3/833 3244/4/833
usemtl white
v 0.596593 0.525882 0.870000
v 0.586603 0.550000 0.870000
v 0.547631 0.527500 0.940000
v 0.553126 0.514235 0.940000
vn 0.779091 0.322710 0.537472
f 3245/1/834 3246/2/834 3247/3/834 3248/4/834
usemtl white
v 0.586603 0.550000 0.870000
v 0.570711 0.570711 0.870000
v 0.538891 0.538891 0.940000
v 0.547631 0.527500 0.940000
vn 0.669020 0.513357 0.537472
f 3249/1/835 3250/2/835 3251/3/835 3252/4/835
usemtl white
v 0.570711 0.570711 0.870000
v 0.550000 0.586603 0.870000
v 0.527500 0.547631 0.940000
v 0.538891 0.538891 0.940000
vn 0.513357 0.669020 0.537472
f 3253/1/836 3254/2/836 3255/3/836 3256/4/836
usemtl white
v 0.550000 0.586603 0.870000
v 0.525882 0.596593 0.870000
v 0.514235 0.553126 0.940000
v 0.527500 0.547631 0.940000
vn 0.322710 0.779091 0.537472
f 3257/1/837 3258/2/837 3259/3/837 3260/4/837
usemtl white
v 0.525882 0.596593 0.870000
v 0.500000 0.600000 0.870000
v 0.500000 0.555000 0.940000
v 0.514235 0.553126 0.940000
vn 0.110070 0.836067 0.537472
f 3261/1/838 3262/2/838 3263/3/838 3264/4/838
usemtl white
v 0.500000 0.600000 0.870000
v 0.474118 0.596593 0.870000
v 0.485765 0.553126 0.940000
v 0.500000 0.555000 0.940000
vn -0.110070 0.836067 0.537472
f 3265/1/839 3266/2/839 3267/3/839 3268/4/839
usemtl white
v 0.474118 0.596593 0.870000
v 0.450000 0.586603 0.870000
v 0.472500 0.547631 0.940000
v 0.485765 0.553126 0.940000
vn -0.322710 0.779091 0.537472
f 3269/1/840 3270/2/840 3271/3/840 3272/4/840
usemtl white
v 0.450000 0.586603 0.870000
v 0.429289 0.570711 0.870000
v 0.461109 0.538891 0.940000
v 0.472500 0.547631 0.940000
vn -0.513357 0.669020 0.537472
f 3273/1/841 3274/2/841 3275/3/841 3276/4/841
usemtl white
v 0.429289 0.570711 0.870000
v 0.413397 0.550000 0.870000
v 0.452369 0.527500 0.940000
v 0.461109 0.538891 0.940000
vn -0.669020 0.513357 0.537472
f 3277/1/842 3278/2/842 3279/3/842 3280/4/842
usemtl white
v 0.413397 0.550000 0.870000
v 0.403407 0.525882 0.870000
v 0.446874 0.514235 0.940000
v 0.452369 0.527500 0.940000
vn -0.779091 0.322710 0.537472
f 3281/1/843 3282/2/843 3283/3/843 3284/4/843
usemtl white
v 0.403407 0.525882 0.870000
v 0.400000 0.500000 0.870000
v 0.445000 0.500000 0.940000
v 0.446874 0.514235 0.940000
vn -0.836067 0.110070 0.537472
f 3285/1/844 3286/2/844 3287/3/844 3288/4/844
usemtl white
v 0.400000 0.500000 0.870000
v 0.403407 0.474118 0.870000
v 0.446874 0.485765 0.940000
v 0.445000 0.500000 0.940000
vn -0.836067 -0.110070 0.537472
f 3289/1/845 3290/2/845 3291/3/845 3292/4/845
usemtl white
v 0.403407 0.474118 0.870000
v 0.413397 0.450000 0.870000
v 0.452369 0.472500 0.940000
v 0.446874 0.485765 0.940000
vn -0.779091 -0.322710 0.537472
f 3293/1/846 3294/2/846 3295/3/846 3296/4/846
usemtl white
v 0.413397 0.450000 0.870000
v 0.429289 0.429289 0.870000
v 0.461109 0.461109 0.940000
v 0.452369 0.472500 0.940000
vn -0.669020 -0.513357 0.537472
f 3297/1/847 3298/2/847 3299/3/847 3300/4/847
usemtl white
v 0.429289 0.429289 0.870000
v 0.450000 0.413397 0.870000
v 0.472500 0.452369 0.940000
v 0.461109 0.461109 0.940000
vn -0.513357 -0.669020 0.537472
f 3301/1/848 3302/2/848 3303/3/848 3304/4/848
usemtl white
v 0.450000 0.413397 0.870000
v 0.474118 0.403407 0.870000
v 0.485765 0.446874 0.940000
v 0.472500 0.452369 0.940000
vn -0.322710 -0.779091 0.537472
f 3305/1/849 3306/2/849 3307/3/849 3308/4/849
usemtl white
v 0.474118 0.403407 0.870000
v 0.500000 0.400000 0.870000
v 0.500000 0.445000 0.940000
v 0.485765 0.446874 0.940000
vn -0.110070 -0.836067 0.537472
f 3309/1/850 3310/2/850 3311/3/850 3312/4/850
usemtl white
v 0.500000 0.400000 0.870000
v 0.525882 0.403407 0.870000
v 0.514235 0.446874 0.940000
v 0.500000 0.445000 0.940000
vn 0.110070 -0.836067 0.537472
f 3313/1/851 3314/2/851 3315/3/851 3316/4/851
usemtl white
v 0.525882 0.403407 0.870000
v 0.550000 0.413397 0.870000
v 0.527500 0.452369 0.940000
v 0.514235 0.446874 0.940000
vn 0.322710 -0.779091 0.537472
f 3317/1/852 3318/2/852 3319/3/852 3320/4/852
usemtl white
v 0.550000 0.413397 0.870000
v 0.570711 0.429289 0.870000
v 0.538891 0.461109 0.940000
v 0.527500 0.452369 0.940000
vn 0.513357 -0.669020 0.537472
f 3321/1/853 3322/2/853 3323/3/853 3324/4/853
usemtl white
v 0.570711 0.429289 0.870000
v 0.586603 0.450000 0.870000
v 0.547631 0.472500 0.940000
v 0.538891 0.461109 0.940000
vn 0.669020 -0.513357 0.537472
f 3325/1/854 3326/2/854 3327/3/854 3328/4/854
usemtl white
v 0.586603 0.450000 0.870000
v 0.596593 0.474118 0.870000
v 0.553126 0.485765 0.940000
v 0.547631 0.472500 0.940000
vn 0.779091 -0.322710 0.537472
f 3329/1/855 3330/2/855 3331/3/855 3332/4/855
usemtl white
v 0.596593 0.474118 0.870000
v 0.600000 0.500000 0.870000
v 0.555000 0.500000 0.940000
v 0.553126 0.485765 0.940000
vn 0.836067 -0.110070 0.537472
f 3333/1/856 3334/2/856 3335/3/856 3336/4/856
usemtl white
v 0.555000 0.500000 0.940000
v 0.553126 0.514235 0.940000
v 0.500000 0.500000 0.950000
vn 0.178836 0.023544 0.983597
f 3337/1/857 3338/2/857 3339/3/857
usemtl white
v 0.553126 0.514235 0.940000
v 0.547631 0.527500 0.940000
v 0.500000 0.500000 0.950000
vn 0.166648 0.069028 0.983597
f 3340/1/858 3341/2/858 3342/3/858
usemtl white
v 0.547631 0.527500 0.940000
v 0.538891 0.538891 0.940000
v 0.500000 0.500000 0.950000
vn 0.143104 0.109808 0.983597
f 3343/1/859 3344/2/859 3345/3/859
usemtl white
v 0.538891 0.538891 0.940000
v 0.527500 0.547631 0.940000
v 0.500000 0.500000 0.950000
vn 0.109808 0.143104 0.983597
f 3346/1/860 3347/2/860 3348/3/860
usemtl white
v 0.527500 0.547631 0.940000
v 0.514235 0.553126 0.940000
v 0.500000 0.500000 0.950000
vn 0.069028 0.166648 0.983597
f 3349/1/861 3350/2/861 3351/3/861
usemtl white
v 0.514235 0.553126 0.940000
v 0.500000 0.555000 0.940000
v 0.500000 0.500000 0.950000
vn 0.023544 0.178836 0.983597
f 3352/1/862 3353/2/862 3354/3/862
usemtl white
v 0.500000 0.555000 0.940000
v 0.485765 0.553126 0.940000
v 0.500000 0.500000 0.950000
vn -0.023544 0.178836 0.983597
f 3355/1/863 3356/2/863 3357/3/863
usemtl white
v 0.485765 0.553126 0.940000
v 0.472500 0.547631 0.940000
v 0.500000 0.500000 0.950000
vn -0.069028 0.166648 0.983597
f 3358/1/864 3359/2/864 3360/3/864
usemtl white
v 0.472500 0.547631 0.940000
v 0.461109 0.538891 0.940000
v 0.500000 0.500000 0.950000
vn -0.109808 0.143104 0.983597
f 3361/1/865 3362/2/865 3363/3/865
usemtl white
v 0.461109 0.538891 0.940000
v 0.452369 0.527500 0.940000
v 0.500000 0.500000 0.950000
vn -0.143104 0.109808 0.983597
f 3364/1/866 3365/2/866 3366/3/866
usemtl white
v 0.452369 0.527500 0.940000
v 0.446874 0.514235 0.940000
v 0.500000 0.500000 0.950000
vn -0.166648 0.069028 0.983597
f 3367/1/867 3368/2/867 3369/3/867
usemtl white
v 0.446874 0.514235 0.940000
v 0.445000 0.500000 0.940000
v 0.500000 0.500000 0.950000
vn -0.178836 0.023544 0.983597
f 3370/1/868 3371/2/868 3372/3/868
usemtl white
v 0.445000 0.500000 0.940000
v 0.446874 0.485765 0.940000
v 0.500000 0.500000 0.950000
vn -0.178836 -0.023544 0.983597
f 3373/1/869 3374/2/869 3375/3/869
usemtl white
v 0.446874 0.485765 0.940000
v 0.452369 0.472500 0.940000
v 0.500000 0.500000 0.950000
vn -0.166648 -0.069028 0.983597
f 3376/1/870 3377/2/870 3378/3/870
usemtl white
v 0.452369 0.472500 0.940000
v 0.461109 0.461109 0.940000
v 0.500000 0.500000 0.950000
vn -0.143104 -0.109808 0.983597
f 3379/1/871 3380/2/871 3381/3/871
usemtl white
v 0.461109 0.461109 0.940000
v 0.472500 0.452369 0.940000
v 0.500000 0.500000 0.950000
vn -0.109808 -0.143104 0.983597
f 3382/1/872 3383/2/872 3384/3/872
usemtl white
v 0.472500 0.452369 0.940000
v 0.485765 0.446874 0.940000
v 0.500000 0.500000 0.950000
vn -0.069028 -0.166648 0.983597
f 3385/1/873 3386/2/873 3387/3/873
usemtl white
v 0.485765 0.446874 0.940000
v 0.500000 0.445000 0.940000
v 0.500000 0.500000 0.950000
vn -0.023544 -0.178836 0.983597
f 3388/1/874 3389/2/874 3390/3/874
usemtl white
v 0.500000 0.445000 0.940000
v 0.514235 0.446874 0.940000
v 0.500000 0.500000 0.950000
vn 0.023544 -0.178836 0.983597
f 3391/1/875 3392/2/875 3393/3/875
usemtl white
v 0.514235 0.446874 0.940000
v 0.527500 0.452369 0.940000
v 0.500000 0.500000 0.950000
vn 0.069028 -0.166648 0.983597
f 3394/1/876 3395/2/876 3396/3/876
usemtl white
v 0.527500 0.452369 0.940000
v 0.538891 0.461109 0.940000
v 0.500000 0.500000 0.950000
vn 0.109808 -0.143104 0.983597
f 3397/1/877 3398/2/877 3399/3/877
usemtl white
v 0.538891 0.461109 0.940000
v 0.547631 0.472500 0.940000
v 0.500000 0.500000 0.950000
vn 0.143104 -0.109808 0.983597
f 3400/1/878 3401/2/878 3402/3/878
usemtl white
v 0.547631 0.472500 0.940000
v 0.553126 0.485765 0.940000
v 0.500000 0.500000 0.950000
vn 0.166648 -0.069028 0.983597
f 3403/1/879 3404/2/879 3405/3/879
usemtl white
v 0.553126 0.485765 0.940000
v 0.555000 0.500000 0.940000
v 0.500000 0.500000 0.950000
vn 0.178836 -0.023544 0.983597
f 3406/1/880 3407/2/880 3408/3/880
usemtl black
v 0.601000 0.500000 0.810000
v 0.597559 0.526141 0.810000
v 0.594446 0.525307 0.817778
v 0.597778 0.500000 0.817778
vn 0.917120 0.120741 0.379884
f 3409/1/881 3410/2/881 3411/3/881 3412/4/881
usemtl black
v 0.597559 0.526141 0.810000
v 0.587469 0.550500 0.810000
v 0.584678 0.548889 0.817778
v 0.594446 0.525307 0.817778
vn 0.854620 0.353995 0.379884
f 3413/1/882 3414/2/882 3415/3/882 3416/4/882
usemtl black
v 0.587469 0.550500 0.810000
v 0.571418 0.571418 0.810000
v 0.569140 0.569140 0.817778
v 0.584678 0.548889 0.817778
vn 0.733879 0.563125 0.379884
f 3417/1/883 3418/2/883 3419/3/883 3420/4/883
usemtl black
v 0.571418 0.571418 0.810000
v 0.550500 0.587469 0.810000
v 0.548889 0.584678 0.817778
v 0.569140 0.569140 0.817778
vn 0.563125 0.733879 0.379884
f 3421/1/884 3422/2/884 3423/3/884 3424/4/884
usemtl black
v 0.550500 0.587469 0.810000
v 0.526141 0.597559 0.810000
v 0.525307 0.594446 0.817778
v 0.548889 0.584678 0.817778
vn 0.353995 0.854620 0.379884
f 3425/1/885 3426/2/885 3427/3/885 3428/4/885
usemtl black
v 0.526141 0.597559 0.810000
v 0.500000 0.601000 0.810000
v 0.500000 0.597778 0.817778
v 0.525307 0.594446 0.817778
vn 0.120741 0.917120 0.379884
f 3429/1/886 3430/2/886 3431/3/886 3432/4/886
usemtl black
v 0.500000 0.601000 0.810000
v 0.473859 0.597559 0.810000
v 0.474693 0.594446 0.817778
v 0.500000 0.597778 0.817778
vn -0.120741 0.917120 0.379884
f 3433/1/887 3434/2/887 3435/3/887 3436/4/887
usemtl black
v 0.473859 0.597559 0.810000
v 0.449500 0.587469 0.810000
v 0.451111 0.584678 0.817778
v 0.474693 0.594446 0.817778
vn -0.353995 0.854620 0.379884
f 3437/1/888 3438/2/888 3439/3/888 3440/4/888
usemtl black
v 0.449500 0.587469 0.810000
v 0.428582 0.571418 0.810000
v 0.430860 0.569140 0.817778
v 0.451111 0.584678 0.817778
vn -0.563125 0.733879 0.379884
f 3441/1/889 3442/2/889 3443/3/889 3444/4/889
usemtl black
v 0.428582 0.571418 0.810000
v 0.412531 0.550500 0.810000
v 0.415322 0.548889 0.817778
v 0.430860 0.569140 0.817778
vn -0.733879 0.563125 0.379884
f 3445/1/890 3446/2/890 3447/3/890 3448/4/890
usemtl black
v 0.412531 0.550500 0.810000
v 0.402441 0.526141 0.810000
v 0.405554 0.525307 0.817778
v 0.415322 0.548889 0.817778
vn -0.854620 0.353995 0.379884
f 3449/1/891 3450/2/891 3451/3/891 3452/4/891
usemtl black
v 0.402441 0.526141 0.810000
v 0.399000 0.500000 0.810000
v 0.402222 0.500000 0.817778
v 0.405554 0.525307 0.817778
vn -0.917120 0.120741 0.379884
f 3453/1/892 3454/2/892 3455/3/892 3456/4/892
usemtl black
v 0.399000 0.500000 0.810000
v 0.402441 0.473859 0.810000
v 0.405554 0.474693 0.817778
v 0.402222 0.500000 0.817778
vn -0.917120 -0.120741 0.379884
f 3457/1/893 3458/2/893 3459/3/893 3460/4/893
usemtl black
v 0.402441 0.473859 0.810000
v 0.412531 0.449500 0.810000
v 0.415322 0.451111 0.817778
v 0.405554 0.474693 0.817778
vn -0.854620 -0.353995 0.379884
f 3461/1/894 3462/2/894 3463/3/894 3464/4/894
usemtl black
v 0.412531 0.449500 0.810000
v 0.428582 0.428582 0.810000
v 0.430860 0.430860 0.817778
v 0.415322 0.451111 0.817778
vn -0.733879 -0.563125 0.379884
f 3465/1/895 3466/2/895 3467/3/895 3468/4/895
usemtl black
v 0.428582 0.428582 0.810000
v 0.449500 0.412531 0.810000
v 0.451111 0.415322 0.817778
v 0.430860 0.430860 0.817778
vn -0.563125 -0.733879 0.379884
f 3469/1/896 3470/2/896 3471/3/896 3472/4/896
usemtl black
v 0.449500 0.412531 0.810000
v 0.473859 0.402441 0.810000
v 0.474693 0.405554 0.817778
v 0.451111 0.415322 0.817778
vn -0.353995 -0.854620 0.379884
f 3473/1/897 3474/2/897 3475/3/897 3476/4/897
usemtl black
v 0.473859 0.402441 0.810000
v 0.500000 0.399000 0.810000
v 0.500000 0.402222 0.817778
v 0.474693 0.405554 0.817778
vn -0.120741 -0.917120 0.379884
f 3477/1/898 3478/2/898 3479/3/898 3480/4/898
usemtl black
v 0.500000 0.399000 0.810000
v 0.526141 0.402441 0.810000
v 0.525307 0.405554 0.817778
v 0.500000 0.402222 0.817778
vn 0.120741 -0.917120 0.379884
f 3481/1/899 3482/2/899 3483/3/899 3484/4/899
usemtl black
v 0.526141 0.402441 0.810000
v 0.550500 0.412531 0.810000
v 0.548889 0.415322 0.817778
v 0.525307 0.405554 0.817778
vn 0.353995 -0.854620 0.379884
f 3485/1/900 3486/2/900 3487/3/900 3488/4/900
usemtl black
v 0.550500 0.412531 0.810000
v 0.571418 0.428582 0.810000
v 0.569140 0.430860 0.817778
v 0.548889 0.415322 0.817778
vn 0.563125 -0.733879 0.379884
f 3489/1/901 3490/2/901 3491/3/901 3492/4/901
usemtl black
v 0.571418 0.428582 0.810000
v 0.587469 0.449500 0.810000
v 0.584678 0.451111 0.817778
v 0.569140 0.430860 0.817778
vn 0.733879 -0.563125 0.379884
f 3493/1/902 3494/2/902 3495/3/902 3496/4/902
usemtl black
v 0.587469 0.449500 0.810000
v 0.597559 0.473859 0.810000
v 0.594446 0.474693 0.817778
v 0.584678 0.451111 0.817778
vn 0.854620 -0.353995 0.379884
f 3497/1/903 3498/2/903 3499/3/903 3500/4/903
usemtl black
v 0.597559 0.473859 0.810000
v 0.601000 0.500000 0.810000
v 0.597778 0.500000 0.817778
v 0.594446 0.474693 0.817778
vn 0.917120 -0.120741 0.379884
f 3501/1/904 3502/2/904 3503/3/904 3504/4/904
usemtl black
v 0.597778 0.500000 0.817778
v 0.594446 0.525307 0.817778
v 0.586933 0.523294 0.821000
v 0.590000 0.500000 0.821000
vn 0.382199 0.050317 0.922709
f 3505/1/905 3506/2/905 3507/3/905 3508/4/905
usemtl black
v 0.594446 0.525307 0.817778
v 0.584678 0.548889 0.817778
v 0.577942 0.545000 0.821000
v 0.586933 0.523294 0.821000
vn 0.356152 0.147523 0.922709
f 3509/1/906 3510/2/906 3511/3/906 3512/4/906
usemtl black
v 0.584678 0.548889 0.817778
v 0.569140 0.569140 0.817778
v 0.563640 0.563640 0.821000
v 0.577942 0.545000 0.821000
vn 0.305835 0.234675 0.922709
f 3513/1/907 3514/2/907 3515/3/907 3516/4/907
usemtl black
v 0.569140 0.569140 0.817778
v 0.548889 0.584678 0.817778
v 0.545000 0.577942 0.821000
v 0.563640 0.563640 0.821000
vn 0.234675 0.305835 0.922709
f 3517/1/908 3518/2/908 3519/3/908 3520/4/908
usemtl black
v 0.548889 0.584678 0.817778
v 0.525307 0.594446 0.817778
v 0.523294 0.586933 0.821000
v 0.545000 0.577942 0.821000
vn 0.147523 0.356152 0.922709
f 3521/1/909 3522/2/909 3523/3/909 3524/4/909
usemtl black
v 0.525307 0.594446 0.817778
v 0.500000 0.597778 0.817778
v 0.500000 0.590000 0.821000
v 0.523294 0.586933 0.821000
vn 0.050317 0.382199 0.922709
f 3525/1/910 3526/2/910 3527/3/910 3528/4/910
usemtl black
v 0.500000 0.597778 0.817778
v 0.474693 0.594446 0.817778
v 0.476706 0.586933 0.821000
v 0.500000 0.590000 0.821000
vn -0.050317 0.382199 0.922709
f 3529/1/911 3530/2/911 3531/3/911 3532/4/911
usemtl black
v 0.474693 0.594446 0.817778
v 0.451111 0.584678 0.817778
v 0.455000 0.577942 0.821000
v 0.476706 0.586933 0.821000
vn -0.147523 0.356152 0.922709
f 3533/1/912 3534/2/912 3535/3/912 3536/4/912
usemtl black
v 0.451111 0.584678 0.817778
v 0.430860 0.569140 0.817778
v 0.436360 0.563640 0.821000
v 0.455000 0.577942 0.821000
vn -0.234675 0.305835 0.922709
f 3537/1/913 3538/2/913 3539/3/913 3540/4/913
usemtl black
v 0.430860 0.569140 0.817778
v 0.415322 0.548889 0.817778
v 0.422058 0.545000 0.821000
v 0.436360 0.563640 0.821000
vn -0.305835 0.234675 0.922709
f 3541/1/914 3542/2/914 3543/3/914 3544/4/914
usemtl black
v 0.415322 0.548889 0.817778
v 0.405554 0.525307 0.817778
v 0.413067 0.523294 0.821000
v 0.422058 0.545000 0.821000
vn -0.356152 0.147523 0.922709
f 3545/1/915 3546/2/915 3547/3/915 3548/4/915
usemtl black
v 0.405554 0.525307 0.817778
v 0.402222 0.500000 0.817778
v 0.410000 0.500000 0.821000
v 0.413067 0.523294 0.821000
vn -0.382199 0.050317 0.922709
f 3549/1/916 3550/2/916 3551/3/916 3552/4/916
usemtl black
v 0.402222 0.500000 0.817778
v 0.405554 0.474693 0.817778
v 0.413067 0.476706 0.821000
v 0.410000 0.500000 0.821000
vn -0.382199 -0.050317 0.922709
f 3553/1/917 3554/2/917 3555/3/917 3556/4/917
usemtl black
v 0.405554 0.474693 0.817778
v 0.415322 0.451111 0.817778
v 0.422058 0.455000 0.821000
v 0.413067 0.476706 0.821000
vn -0.356152 -0.147523 0.922709
f 3557/1/918 3558/2/918 3559/3/918 3560/4/918
usemtl black
v 0.415322 0.451111 0.817778
v 0.430860 0.430860 0.817778
v 0.436360 0.436360 0.821000
v 0.422058 0.455000 0.821000
vn -0.305835 -0.234675 0.922709
f 3561/1/919 3562/2/919 3563/3/919 3564/4/919
usemtl black
v 0.430860 0.430860 0.817778
v 0.451111 0.415322 0.817778
v 0.455000 0.422058 0.821000
v 0.436360 0.436360 0.821000
vn -0.234675 -0.305835 0.922709
f 3565/1/920 3566/2/920 3567/3/920 3568/4/920
usemtl black
v 0.451111 0.415322 0.817778
v 0.474693 0.405554 0.817778
v 0.476706 0.413067 0.821000
v 0.455000 0.422058 0.821000
vn -0.147523 -0.356152 0.922709
f 3569/1/921 3570/2/921 3571/3/921 3572/4/921
usemtl black
v 0.474693 0.405554 0.817778
v 0.500000 0.402222 0.817778
v 0.500000 0.410000 0.821000
v 0.476706 0.413067 0.821000
vn -0.050317 -0.382199 0.922709
f 3573/1/922 3574/2/922 3575/3/922 3576/4/922
usemtl black
v 0.500000 0.402222 0.817778
v 0.525307 0.405554 0.817778
v 0.523294 0.413067 0.821000
v 0.500000 0.410000 0.821000
vn 0.050317 -0.382199 0.922709
f 3577/1/923 3578/2/923 3579/3/923 3580/4/923
usemtl black
v 0.525307 0.405554 0.817778
v 0.548889 0.415322 0.817778
v 0.545000 0.422058 0.821000
v 0.523294 0.413067 0.821000
vn 0.147523 -0.356152 0.922709
f 3581/1/924 3582/2/924 3583/3/924 3584/4/924
usemtl black
v 0.548889 0.415322 0.817778
v 0.569140 0.430860 0.817778
v 0.563640 0.436360 0.821000
v 0.545000 0.422058 0.821000
vn 0.234675 -0.305835 0.922709
f 3585/1/925 3586/2/925 3587/3/925 3588/4/925
usemtl black
v 0.569140 0.430860 0.817778
v 0.584678 0.451111 0.817778
v 0.577942 0.455000 0.821000
v 0.563640 0.436360 0.821000
vn 0.305835 -0.234675 0.922709
f 3589/1/926 3590/2/926 3591/3/926 3592/4/926
usemtl black
v 0.584678 0.451111 0.817778
v 0.594446 0.474693 0.817778
v 0.586933 0.476706 0.821000
v 0.577942 0.455000 0.821000
vn 0.356152 -0.147523 0.922709
f 3593/1/927 3594/2/927 3595/3/927 3596/4/927
usemtl black
v 0.594446 0.474693 0.817778
v 0.597778 0.500000 0.817778
v 0.590000 0.500000 0.821000
v 0.586933 0.476706 0.821000
vn 0.382199 -0.050317 0.922709
f 3597/1/928 3598/2/928 3599/3/928 3600/4/928
usemtl black
v 0.590000 0.500000 0.821000
v 0.586933 0.523294 0.821000
v 0.579420 0.521281 0.817778
v 0.582222 0.500000 0.817778
vn -0.382199 -0.050317 0.922709
f 3601/1/929 3602/2/929 3603/3/929 3604/4/929
usemtl black
v 0.586933 0.523294 0.821000
v 0.577942 0.545000 0.821000
v 0.571206 0.541111 0.817778
v 0.579420 0.521281 0.817778
vn -0.356152 -0.147523 0.922709
f 3605/1/930 3606/2/930 3607/3/930 3608/4/930
usemtl black
v 0.577942 0.545000 0.821000
v 0.563640 0.563640 0.821000
v 0.558140 0.558140 0.817778
v 0.571206 0.541111 0.817778
vn -0.305835 -0.234675 0.922709
f 3609/1/931 3610/2/931 3611/3/931 3612/4/931
usemtl black
v 0.563640 0.563640 0.821000
v 0.545000 0.577942 0.821000
v 0.541111 0.571206 0.817778
v 0.558140 0.558140 0.817778
vn -0.234675 -0.305835 0.922709
f 3613/1/932 3614/2/932 3615/3/932 3616/4/932
usemtl black
v 0.545000 0.577942 0.821000
v 0.523294 0.586933 0.821000
v 0.521281 0.579420 0.817778
v 0.541111 0.571206 0.817778
vn -0.147523 -0.356152 0.922709
f 3617/1/933 3618/2/933 3619/3/933 3620/4/933
usemtl black
v 0.523294 0.586933 0.821000
v 0.500000 0.590000 0.821000
v 0.500000 0.582222 0.817778
v 0.521281 0.579420 0.817778
vn -0.050317 -0.382199 0.922709
f 3621/1/934 3622/2/934 3623/3/934 3624/4/934
usemtl black
v 0.500000 0.590000 0.821000
v 0.476706 0.586933 0.821000
v 0.478719 0.579420 0.817778
v 0.500000 0.582222 0.817778
vn 0.050317 -0.382199 0.922709
f 3625/1/935 3626/2/935 3627/3/935 3628/4/935
usemtl black
v 0.476706 0.586933 0.821000
v 0.455000 0.577942 0.821000
v 0.458889 0.571206 0.817778
v 0.478719 0.579420 0.817778
vn 0.147523 -0.356152 0.922709
f 3629/1/936 3630/2/936 3631/3/936 3632/4/936
usemtl black
v 0.455000 0.577942 0.821000
v 0.436360 0.563640 0.821000
v 0.441860 0.558140 0.817778
v 0.458889 0.571206 0.817778
vn 0.234675 -0.305835 0.922709
f 3633/1/937 3634/2/937 3635/3/937 3636/4/937
usemtl black
v 0.436360 0.563640 0.821000
v 0.422058 0.545000 0.821000
v 0.428794 0.541111 0.817778
v 0.441860 0.558140 0.817778
vn 0.305835 -0.234675 0.922709
f 3637/1/938 3638/2/938 3639/3/938 3640/4/938
usemtl black
v 0.422058 0.545000 0.821000
v 0.413067 0.523294 0.821000
v 0.420580 0.521281 0.817778
v 0.428794 0.541111 0.817778
vn 0.356152 -0.147523 0.922709
f 3641/1/939 3642/2/939 3643/3/939 3644/4/939
usemtl black
v 0.413067 0.523294 0.821000
v 0.410000 0.500000 0.821000
v 0.417778 0.500000 0.817778
v 0.420580 0.521281 0.817778
vn 0.382199 -0.050317 0.922709
f 3645/1/940 3646/2/940 3647/3/940 3648/4/940
usemtl black
v 0.410000 0.500000 0.821000
v 0.413067 0.476706 0.821000
v 0.420580 0.478719 0.817778
v 0.417778 0.500000 0.817778
vn 0.382199 0.050317 0.922709
f 3649/1/941 3650/2/941 3651/3/941 3652/4/941
usemtl black
v 0.413067 0.476706 0.821000
v 0.422058 0.455000 0.821000
v 0.428794 0.458889 0.817778
v 0.420580 0.478719 0.817778
vn 0.356152 0.147523 0.922709
f 3653/1/942 3654/2/942 3655/3/942 3656/4/942
usemtl black
v 0.422058 0.455000 0.821000
v 0.436360 0.436360 0.821000
v 0.441860 0.441860 0.817778
v 0.428794 0.458889 0.817778
vn 0.305835 0.234675 0.922709
f 3657/1/943 3658/2/943 3659/3/943 3660/4/943
usemtl black
v 0.436360 0.436360 0.821000
v 0.455000 0.422058 0.821000
v 0.458889 0.428794 0.817778
v 0.441860 0.441860 0.817778
vn 0.234675 0.305835 0.922709
f 3661/1/944 3662/2/944 3663/3/944 3664/4/944
usemtl black
v 0.455000 0.422058 0.821000
v 0.476706 0.413067 0.821000
v 0.478719 0.420580 0.817778
v 0.458889 0.428794 0.817778
vn 0.147523 0.356152 0.922709
f 3665/1/945 3666/2/945 3667/3/945 3668/4/945
usemtl black
v 0.476706 0.413067 0.821000
v 0.500000 0.410000 0.821000
v 0.500000 0.417778 0.817778
v 0.478719 0.420580 0.817778
vn 0.050317 0.382199 0.922709
f 3669/1/946 3670/2/946 3671/3/946 3672/4/946
usemtl black
v 0.500000 0.410000 0.821000
v 0.523294 0.413067 0.821000
v 0.521281 0.420580 0.817778
v 0.500000 0.417778 0.817778
vn -0.050317 0.382199 0.922709
f 3673/1/947 3674/2/947 3675/3/947 3676/4/947
usemtl black
v 0.523294 0.413067 0.821000
v 0.545000 0.422058 0.821000
v 0.541111 0.428794 0.817778
v 0.521281 0.420580 0.817778
vn -0.147523 0.356152 0.922709
f 3677/1/948 3678/2/948 3679/3/948 3680/4/948
usemtl black
v 0.545000 0.422058 0.821000
v 0.563640 0.436360 0.821000
v 0.558140 0.441860 0.817778
v 0.541111 0.428794 0.817778
vn -0.234675 0.305835 0.922709
f 3681/1/949 3682/2/949 3683/3/949 3684/4/949
usemtl black
v 0.563640 0.436360 0.821000
v 0.577942 0.455000 0.821000
v 0.571206 0.458889 0.817778
v 0.558140 0.441860 0.817778
vn -0.305835 0.234675 0.922709
f 3685/1/950 3686/2/950 3687/3/950 3688/4/950
usemtl black
v 0.577942 0.455000 0.821000
v 0.586933 0.476706 0.821000
v 0.579420 0.478719 0.817778
v 0.571206 0.458889 0.817778
vn -0.356152 0.147523 0.922709
f 3689/1/951 3690/2/951 3691/3/951 3692/4/951
usemtl black
v 0.586933 0.476706 0.821000
v 0.590000 0.500000 0.821000
v 0.582222 0.500000 0.817778
v 0.579420 0.478719 0.817778
vn -0.382199 0.050317 0.922709
f 3693/1/952 3694/2/952 3695/3/952 3696/4/952
usemtl black
v 0.582222 0.500000 0.817778
v 0.579420 0.521281 0.817778
v 0.576308 0.520447 0.810000
v 0.579000 0.500000 0.810000
vn -0.917120 -0.120741 0.379884
f 3697/1/953 3698/2/953 3699/3/953 3700/4/953
usemtl black
v 0.579420 0.521281 0.817778
v 0.571206 0.541111 0.817778
v 0.568416 0.539500 0.810000
v 0.576308 0.520447 0.810000
vn -0.854620 -0.353995 0.379884
f 3701/1/954 3702/2/954 3703/3/954 3704/4/954
usemtl black
v 0.571206 0.541111 0.817778
v 0.558140 0.558140 0.817778
v 0.555861 0.555861 0.810000
v 0.568416 0.539500 0.810000
vn -0.733879 -0.563125 0.379884
f 3705/1/955 3706/2/955 3707/3/955 3708/4/955
usemtl black
v 0.558140 0.558140 0.817778
v 0.541111 0.571206 0.817778
v 0.539500 0.568416 0.810000
v 0.555861 0.555861 0.810000
vn -0.563125 -0.733879 0.379884
f 3709/1/956 3710/2/956 3711/3/956 3712/4/956
usemtl black
v 0.541111 0.571206 0.817778
v 0.521281 0.579420 0.817778
v 0.520447 0.576308 0.810000
v 0.539500 0.568416 0.810000
vn -0.353995 -0.854620 0.379884
f 3713/1/957 3714/2/957 3715/3/957 3716/4/957
usemtl black
v 0.521281 0.579420 0.817778
v 0.500000 0.582222 0.817778
v 0.500000 0.579000 0.810000
v 0.520447 0.576308 0.810000
vn -0.120741 -0.917120 0.379884
f 3717/1/958 3718/2/958 3719/3/958 3720/4/958
usemtl black
v 0.500000 0.582222 0.817778
v 0.478719 0.579420 0.817778
v 0.479553 0.576308 0.810000
v 0.500000 0.579000 0.810000
vn 0.120741 -0.917120 0.379884
f 3721/1/959 3722/2/959 3723/3/959 3724/4/959
usemtl black
v 0.478719 0.579420 0.817778
v 0.458889 0.571206 0.817778
v 0.460500 0.568416 0.810000
v 0.479553 0.576308 0.810000
vn 0.353995 -0.854620 0.379884
f 3725/1/960 3726/2/960 3727/3/960 3728/4/960
usemtl black
v 0.458889 0.571206 0.817778
v 0.441860 0.558140 0.817778
v 0.444139 0.555861 0.810000
v 0.460500 0.568416 0.810000
vn 0.563125 -0.733879 0.379884
f 3729/1/961 3730/2/961 3731/3/961 3732/4/961
usemtl black
v 0.441860 0.558140 0.817778
v 0.428794 0.541111 0.817778
v 0.431584 0.539500 0.810000
v 0.444139 0.555861 0.810000
vn 0.733879 -0.563125 0.379884
f 3733/1/962 3734/2/962 3735/3/962 3736/4/962
usemtl black
v 0.428794 0.541111 0.817778
v 0.420580 0.521281 0.817778
v 0.423692 0.520447 0.810000
v 0.431584 0.539500 0.810000
vn 0.854620 -0.353995 0.379884
f 3737/1/963 3738/2/963 3739/3/963 3740/4/963
usemtl black
v 0.420580 0.521281 0.817778
v 0.417778 0.500000 0.817778
v 0.421000 0.500000 0.810000
v 0.423692 0.520447 0.810000
vn 0.917120 -0.120741 0.379884
f 3741/1/964 3742/2/964 3743/3/964 3744/4/964
usemtl black
v 0.417778 0.500000 0.817778
v 0.420580 0.478719 0.817778
v 0.423692 0.479553 0.810000
v 0.421000 0.500000 0.810000
vn 0.917120 0.120741 0.379884
f 3745/1/965 3746/2/965 3747/3/965 3748/4/965
usemtl black
v 0.420580 0.478719 0.817778
v 0.428794 0.458889 0.817778
v 0.431584 0.460500 0.810000
v 0.423692 0.479553 0.810000
vn 0.854620 0.353995 0.379884
f 3749/1/966 3750/2/966 3751/3/966 3752/4/966
usemtl black
v 0.428794 0.458889 0.817778
v 0.441860 0.441860 0.817778
v 0.444139 0.444139 0.810000
v 0.431584 0.460500 0.810000
vn 0.733879 0.563125 0.379884
f 3753/1/967 3754/2/967 3755/3/967 3756/4/967
usemtl black
v 0.441860 0.441860 0.817778
v 0.458889 0.428794 0.817778
v 0.460500 0.431584 0.810000
v 0.444139 0.444139 0.810000
vn 0.563125 0.733879 0.379884
f 3757/1/968 3758/2/968 3759/3/968 3760/4/968
usemtl black
v 0.458889 0.428794 0.817778
v 0.478719 0.420580 0.817778
v 0.479553 0.423692 0.810000
v 0.460500 0.431584 0.810000
vn 0.353995 0.854620 0.379884
f 3761/1/969 3762/2/969 3763/3/969 3764/4/969
usemtl black
v 0.478719 0.420580 0.817778
v 0.500000 0.417778 0.817778
v 0.500000 0.421000 0.810000
v 0.479553 0.423692 0.810000
vn 0.120741 0.917120 0.379884
f 3765/1/970 3766/2/970 3767/3/970 3768/4/970
usemtl black
v 0.500000 0.417778 0.817778
v 0.521281 0.420580 0.817778
v 0.520447 0.423692 0.810000
v 0.500000 0.421000 0.810000
vn -0.120741 0.917120 0.379884
f 3769/1/971 3770/2/971 3771/3/971 3772/4/971
usemtl black
v 0.521281 0.420580 0.817778
v 0.541111 0.428794 0.817778
v 0.539500 0.431584 0.810000
v 0.520447 0.423692 0.810000
vn -0.353995 0.854620 0.379884
f 3773/1/972 3774/2/972 3775/3/972 3776/4/972
usemtl black
v 0.541111 0.428794 0.817778
v 0.558140 0.441860 0.817778
v 0.555861 0.444139 0.810000
v 0.539500 0.431584 0.810000
vn -0.563125 0.733879 0.379884
f 3777/1/973 3778/2/973 3779/3/973 3780/4/973
usemtl black
v 0.558140 0.441860 0.817778
v 0.571206 0.458889 0.817778
v 0.568416 0.460500 0.810000
v 0.555861 0.444139 0.810000
vn -0.733879 0.563125 0.379884
f 3781/1/974 3782/2/974 3783/3/974 3784/4/974
usemtl black
v 0.571206 0.458889 0.817778
v 0.579420 0.478719 0.817778
v 0.576308 0.479553 0.810000
v 0.568416 0.460500 0.810000
vn -0.854620 0.353995 0.379884
f 3785/1/975 3786/2/975 3787/3/975 3788/4/975
usemtl black
v 0.579420 0.478719 0.817778
v 0.582222 0.500000 0.817778
v 0.579000 0.500000 0.810000
v 0.576308 0.479553 0.810000
vn -0.917120 0.120741 0.379884
f 3789/1/976 3790/2/976 3791/3/976 3792/4/976
usemtl black
v 0.579000 0.500000 0.810000
v 0.576308 0.520447 0.810000
v 0.579420 0.521281 0.802222
v 0.582222 0.500000 0.802222
vn -0.917120 -0.120741 -0.379884
f 3793/1/977 3794/2/977 3795/3/977 3796/4/977
usemtl black
v 0.576308 0.520447 0.810000
v 0.568416 0.539500 0.810000
v 0.571206 0.541111 0.802222
v 0.579420 0.521281 0.802222
vn -0.854620 -0.353995 -0.379884
f 3797/1/978 3798/2/978 3799/3/978 3800/4/978
usemtl black
v 0.568416 0.539500 0.810000
v 0.555861 0.555861 0.810000
v 0.558140 0.558140 0.802222
v 0.571206 0.541111 0.802222
vn -0.733879 -0.563125 -0.379884
f 3801/1/979 3802/2/979 3803/3/979 3804/4/979
usemtl black
v 0.555861 0.555861 0.810000
v 0.539500 0.568416 0.810000
v 0.541111 0.571206 0.802222
v 0.558140 0.558140 0.802222
vn -0.563125 -0.733879 -0.379884
f 3805/1/980 3806/2/980 3807/3/980 3808/4/980
usemtl black
v 0.539500 0.568416 0.810000
v 0.520447 0.576308 0.810000
v 0.521281 0.579420 0.802222
v 0.541111 0.571206 0.802222
vn -0.353995 -0.854620 -0.379884
f 3809/1/981 3810/2/981 3811/3/981 3812/4/981
usemtl black
v 0.520447 0.576308 0.810000
v 0.500000 0.579000 0.810000
v 0.500000 0.582222 0.802222
v 0.521281 0.579420 0.802222
vn -0.120741 -0.917120 -0.379884
f 3813/1/982 3814/2/982 3815/3/982 3816/4/982
usemtl black
v 0.500000 0.579000 0.810000
v 0.479553 0.576308 0.810000
v 0.478719 0.579420 0.802222
v 0.500000 0.582222 0.802222
vn 0.120741 -0.917120 -0.379884
f 3817/1/983 3818/2/983 3819/3/983 3820/4/983
usemtl black
v 0.479553 0.576308 0.810000
v 0.460500 0.568416 0.810000
v 0.458889 0.571206 0.802222
v 0.478719 0.579420 0.802222
vn 0.353995 -0.854620 -0.379884
f 3821/1/984 3822/2/984 3823/3/984 3824/4/984
usemtl black
v 0.460500 0.568416 0.810000
v 0.444139 0.555861 0.810000
v 0.441860 0.558140 0.802222
v 0.458889 0.571206 0.802222
vn 0.563125 -0.733879 -0.379884
f 3825/1/985 3826/2/985 3827/3/985 3828/4/985
usemtl black
v 0.444139 0.555861 0.810000
v 0.431584 0.539500 0.810000
v 0.428794 0.541111 0.802222
v 0.441860 0.558140 0.802222
vn 0.733879 -0.563125 -0.379884
f 3829/1/986 3830/2/986 3831/3/986 3832/4/986
usemtl black
v 0.431584 0.539500 0.810000
v 0.423692 0.520447 0.810000
v 0.420580 0.521281 0.802222
v 0.428794 0.541111 0.802222
vn 0.854620 -0.353995 -0.379884
f 3833/1/987 3834/2/987 3835/3/987 3836/4/987
usemtl black
v 0.423692 0.520447 0.810000
v 0.421000 0.500000 0.810000
v 0.417778 0.500000 0.802222
v 0.420580 0.521281 0.802222
vn 0.917120 -0.120741 -0.379884
f 3837/1/988 3838/2/988 3839/3/988 3840/4/988
usemtl black
v 0.421000 0.500000 0.810000
v 0.423692 0.479553 0.810000
v 0.420580 0.478719 0.802222
v 0.417778 0.500000 0.802222
vn 0.917120 0.120741 -0.379884
f 3841/1/989 3842/2/989 3843/3/989 3844/4/989
usemtl black
v 0.423692 0.479553 0.810000
v 0.431584 0.460500 0.810000
v 0.428794 0.458889 0.802222
v 0.420580 0.478719 0.802222
vn 0.854620 0.353995 -0.379884
f 3845/1/990 3846/2/990 3847/3/990 3848/4/990
usemtl black
v 0.431584 0.460500 0.810000
v 0.444139 0.444139 0.810000
v 0.441860 0.441860 0.802222
v 0.428794 0.458889 0.802222
vn 0.733879 0.563125 -0.379884
f 3849/1/991 3850/2/991 3851/3/991 3852/4/991
usemtl black
v 0.444139 0.444139 0.810000
v 0.460500 0.431584 0.810000
v 0.458889 0.428794 0.802222
v 0.441860 0.441860 0.802222
vn 0.563125 0.733879 -0.379884
f 3853/1/992 3854/2/992 3855/3/992 3856/4/992
usemtl black
v 0.460500 0.431584 0.810000
v 0.479553 0.423692 0.810000
v 0.478719 0.420580 0.802222
v 0.458889 0.428794 0.802222
vn 0.353995 0.854620 -0.379884
f 3857/1/993 3858/2/993 3859/3/993 3860/4/993
usemtl black
v 0.479553 0.423692 0.810000
v 0.500000 0.421000 0.810000
v 0.500000 0.417778 0.802222
v 0.478719 0.420580 0.802222
vn 0.120741 0.917120 -0.379884
f 3861/1/994 3862/2/994 3863/3/994 3864/4/994
usemtl black
v 0.500000 0.421000 0.810000
v 0.520447 0.423692 0.810000
v 0.521281 0.420580 0.802222
v 0.500000 0.417778 0.802222
vn -0.120741 0.917120 -0.379884
f 3865/1/995 3866/2/995 3867/3/995 3868/4/995
usemtl black
v 0.520447 0.423692 0.810000
v 0.539500 0.431584 0.810000
v 0.541111 0.428794 0.802222
v 0.521281 0.420580 0.802222
vn -0.353995 0.854620 -0.379884
f 3869/1/996 3870/2/996 3871/3/996 3872/4/996
usemtl black
v 0.539500 0.431584 0.810000
v 0.555861 0.444139 0.810000
v 0.558140 0.441860 0.802222
v 0.541111 0.428794 0.802222
vn -0.563125 0.733879 -0.379884
f 3873/1/997 3874/2/997 3875/3/997 3876/4/997
usemtl black
v 0.555861 0.444139 0.810000
v 0.568416 0.460500 0.810000
v 0.571206 0.458889 0.802222
v 0.558140 0.441860 0.802222
vn -0.733879 0.563125 -0.379884
f 3877/1/998 3878/2/998 3879/3/998 3880/4/998
usemtl black
v 0.568416 0.460500 0.810000
v 0.576308 0.479553 0.810000
v 0.579420 0.478719 0.802222
v 0.571206 0.458889 0.802222
vn -0.854620 0.353995 -0.379884
f 3881/1/999 3882/2/999 3883/3/999 3884/4/999
usemtl black
v 0.576308 0.479553 0.810000
v 0.579000 0.500000 0.810000
v 0.582222 0.500000 0.802222
v 0.579420 0.478719 0.802222
vn -0.917120 0.120741 -0.379884
f 3885/1/1000 3886/2/1000 3887/3/1000 3888/4/1000
usemtl black
v 0.582222 0.500000 0.802222
v 0.579420 0.521281 0.802222
v 0.586933 0.523294 0.799000
v 0.590000 0.500000 0.799000
vn -0.382199 -0.050317 -0.922709
f 3889/1/1001 3890/2/1001 3891/3/1001 3892/4/1001
usemtl black
v 0.579420 0.521281 0.802222
v 0.571206 0.541111 0.802222
v 0.577942 0.545000 0.799000
v 0.586933 0.523294 0.799000
vn -0.356152 -0.147523 -0.922709
f 3893/1/1002 3894/2/1002 3895/3/1002 3896/4/1002
usemtl black
v 0.571206 0.541111 0.802222
v 0.558140 0.558140 0.802222
v 0.563640 0.563640 0.799000
v 0.577942 0.545000 0.799000
vn -0.305835 -0.234675 -0.922709
f 3897/1/1003 3898/2/1003 3899/3/1003 3900/4/1003
usemtl black
v 0.558140 0.558140 0.802222
v 0.541111 0.571206 0.802222
v 0.545000 0.577942 0.799000
v 0.563640 0.563640 0.799000
vn -0.234675 -0.305835 -0.922709
f 3901/1/1004 3902/2/1004 3903/3/1004 3904/4/1004
usemtl black
v 0.541111 0.571206 0.802222
v 0.521281 0.579420 0.802222
v 0.523294 0.586933 0.799000
v 0.545000 0.577942 0.799000
vn -0.147523 -0.356152 -0.922709
f 3905/1/1005 3906/2/1005 3907/3/1005 3908/4/1005
usemtl black
v 0.521281 0.579420 0.802222
v 0.500000 0.582222 0.802222
v 0.500000 0.590000 0.799000
v 0.523294 0.586933 0.799000
vn -0.050317 -0.382199 -0.922709
f 3909/1/1006 3910/2/1006 3911/3/1006 3912/4/1006
usemtl black
v 0.500000 0.582222 0.802222
v 0.478719 0.579420 0.802222
v 0.476706 0.586933 0.799000
v 0.500000 0.590000 0.799000
vn 0.050317 -0.382199 -0.922709
f 3913/1/1007 3914/2/1007 3915/3/1007 3916/4/1007
usemtl black
v 0.478719 0.579420 0.802222
v 0.458889 0.571206 0.802222
v 0.455000 0.577942 0.799000
v 0.476706 0.586933 0.799000
vn 0.147523 -0.356152 -0.922709
f 3917/1/1008 3918/2/1008 3919/3/1008 3920/4/1008
usemtl black
v 0.458889 0.571206 0.802222
v 0.441860 0.558140 0.802222
v 0.436360 0.563640 0.799000
v 0.455000 0.577942 0.799000
vn 0.234675 -0.305835 -0.922709
f 3921/1/1009 3922/2/1009 3923/3/1009 3924/4/1009
usemtl black
v 0.441860 0.558140 0.802222
v 0.428794 0.541111 0.802222
v 0.422058 0.545000 0.799000
v 0.436360 0.563640 0.799000
vn 0.305835 -0.234675 -0.922709
f 3925/1/1010 3926/2/1010 3927/3/1010 3928/4/1010
usemtl black
v 0.428794 0.541111 0.802222
v 0.420580 0.521281 0.802222
v 0.413067 0.523294 0.799000
v 0.422058 0.545000 0.799000
vn 0.356152 -0.147523 -0.922709
f 3929/1/1011 3930/2/1011 3931/3/1011 3932/4/1011
usemtl black
v 0.420580 0.521281 0.802222
v 0.417778 0.500000 0.802222
v 0.410000 0.500000 0.799000
v 0.413067 0.523294 0.799000
vn 0.382199 -0.050317 -0.922709
f 3933/1/1012 3934/2/1012 3935/3/1012 3936/4/1012
usemtl black
v 0.417778 0.500000 0.802222
v 0.420580 0.478719 0.802222
v 0.413067 0.476706 0.799000
v 0.410000 0.500000 0.799000
vn 0.382199 0.050317 -0.922709
f 3937/1/1013 3938/2/1013 3939/3/1013 3940/4/1013
usemtl black
v 0.420580 0.478719 0.802222
v 0.428794 0.458889 0.802222
v 0.422058 0.455000 0.799000
v 0.413067 0.476706 0.799000
vn 0.356152 0.147523 -0.922709
f 3941/1/1014 3942/2/1014 3943/3/1014 3944/4/1014
usemtl black
v 0.428794 0.458889 0.802222
v 0.441860 0.441860 0.802222
v 0.436360 0.436360 0.799000
v 0.422058 0.455000 0.799000
vn 0.305835 0.234675 -0.922709
f 3945/1/1015 3946/2/1015 3947/3/1015 3948/4/1015
usemtl black
v 0.441860 0.441860 0.802222
v 0.458889 0.428794 0.802222
v 0.455000 0.422058 0.799000
v 0.436360 0.436360 0.799000
vn 0.234675 0.305835 -0.922709
f 3949/1/1016 3950/2/1016 3951/3/1016 3952/4/1016
usemtl black
v 0.458889 0.428794 0.802222
v 0.478719 0.420580 0.802222
v 0.476706 0.413067 0.799000
v 0.455000 0.422058 0.799000
vn 0.147523 0.356152 -0.922709
f 3953/1/1017 3954/2/1017 3955/3/1017 3956/4/1017
usemtl black
v 0.478719 0.420580 0.802222
v 0.500000 0.417778 0.802222
v 0.500000 0.410000 0.799000
v 0.476706 0.413067 0.799000
vn 0.050317 0.382199 -0.922709
f 3957/1/1018 3958/2/1018 3959/3/1018 3960/4/1018
usemtl black
v 0.500000 0.417778 0.802222
v 0.521281 0.420580 0.802222
v 0.523294 0.413067 0.799000
v 0.500000 0.410000 0.799000
vn -0.050317 0.382199 -0.922709
f 3961/1/1019 3962/2/1019 3963/3/1019 3964/4/1019
usemtl black
v 0.521281 0.420580 0.802222
v 0.541111 0.428794 0.802222
v 0.545000 0.422058 0.799000
v 0.523294 0.413067 0.799000
vn -0.147523 0.356152 -0.922709
f 3965/1/1020 3966/2/1020 3967/3/1020 3968/4/1020
usemtl black
v 0.541111 0.428794 0.802222
v 0.558140 0.441860 0.802222
v 0.563640 0.436360 0.799000
v 0.545000 0.422058 0.799000
vn -0.234675 0.305835 -0.922709
f 3969/1/1021 3970/2/1021 3971/3/1021 3972/4/1021
usemtl black
v 0.558140 0.441860 0.802222
v 0.571206 0.458889 0.802222
v 0.577942 0.455000 0.799000
v 0.563640 0.436360 0.799000
vn -0.305835 0.234675 -0.922709
f 3973/1/1022 3974/2/1022 3975/3/1022 3976/4/1022
usemtl black
v 0.571206 0.458889 0.802222
v 0.579420 0.478719 0.802222
v 0.586933 0.476706 0.799000
v 0.577942 0.455000 0.799000
vn -0.356152 0.147523 -0.922709
f 3977/1/1023 3978/2/1023 3979/3/1023 3980/4/1023
usemtl black
v 0.579420 0.478719 0.802222
v 0.582222 0.500000 0.802222
v 0.590000 0.500000 0.799000
v 0.586933 0.476706 0.799000
vn -0.382199 0.050317 -0.922709
f 3981/1/1024 3982/2/1024 3983/3/1024 3984/4/1024
usemtl black
v 0.590000 0.500000 0.799000
v 0.586933 0.523294 0.799000
v 0.594446 0.525307 0.802222
v 0.597778 0.500000 0.802222
vn 0.382199 0.050317 -0.922709
f 3985/1/1025 3986/2/1025 3987/3/1025 3988/4/1025
usemtl black
v 0.586933 0.523294 0.799000
v 0.577942 0.545000 0.799000
v 0.584678 0.548889 0.802222
v 0.594446 0.525307 0.802222
vn 0.356152 0.147523 -0.922709
f 3989/1/1026 3990/2/1026 3991/3/1026 3992/4/1026
usemtl black
v 0.577942 0.545000 0.799000
v 0.563640 0.563640 0.799000
v 0.569140 0.569140 0.802222
v 0.584678 0.548889 0.802222
vn 0.305835 0.234675 -0.922709
f 3993/1/1027 3994/2/1027 3995/3/1027 3996/4/1027
usemtl black
v 0.563640 0.563640 0.799000
v 0.545000 0.577942 0.799000
v 0.548889 0.584678 0.802222
v 0.569140 0.569140 0.802222
vn 0.234675 0.305835 -0.922709
f 3997/1/1028 3998/2/1028 3999/3/1028 4000/4/1028
usemtl black
v 0.545000 0.577942 0.799000
v 0.523294 0.586933 0.799000
v 0.525307 0.594446 0.802222
v 0.548889 0.584678 0.802222
vn 0.147523 0.356152 -0.922709
f 4001/1/1029 4002/2/1029 4003/3/1029 4004/4/1029
usemtl black
v 0.523294 0.586933 0.799000
v 0.500000 0.590000 0.799000
v 0.500000 0.597778 0.802222
v 0.525307 0.594446 0.802222
vn 0.050317 0.382199 -0.922709
f 4005/1/1030 4006/2/1030 4007/3/1030 4008/4/1030
usemtl black
v 0.500000 0.590000 0.799000
v 0.476706 0.586933 0.799000
v 0.474693 0.594446 0.802222
v 0.500000 0.597778 0.802222
vn -0.050317 0.382199 -0.922709
f 4009/1/1031 4010/2/1031 4011/3/1031 4012/4/1031
usemtl black
v 0.476706 0.586933 0.799000
v 0.455000 0.577942 0.799000
v 0.451111 0.584678 0.802222
v 0.474693 0.594446 0.802222
vn -0.147523 0.356152 -0.922709
f 4013/1/1032 4014/2/1032 4015/3/1032 4016/4/1032
usemtl black
v 0.455000 0.577942 0.799000
v 0.436360 0.563640 0.799000
v 0.430860 0.569140 0.802222
v 0.451111 0.584678 0.802222
vn -0.234675 0.305835 -0.922709
f 4017/1/1033 4018/2/1033 4019/3/1033 4020/4/1033
usemtl black
v 0.436360 0.563640 0.799000
v 0.422058 0.545000 0.799000
v 0.415322 0.548889 0.802222
v 0.430860 0.569140 0.802222
vn -0.305835 0.234675 -0.922709
f 4021/1/1034 4022/2/1034 4023/3/1034 4024/4/1034
usemtl black
v 0.422058 0.545000 0.799000
v 0.413067 0.523294 0.799000
v 0.405554 0.525307 0.802222
v 0.415322 0.548889 0.802222
vn -0.356152 0.147523 -0.922709
f 4025/1/1035 4026/2/1035 4027/3/1035 4028/4/1035
usemtl black
v 0.413067 0.523294 0.799000
v 0.410000 0.500000 0.799000
v 0.402222 0.500000 0.802222
v 0.405554 0.525307 0.802222
vn -0.382199 0.050317 -0.922709
f 4029/1/1036 4030/2/1036 4031/3/1036 4032/4/1036
usemtl black
v 0.410000 0.500000 0.799000
v 0.413067 0.476706 0.799000
v 0.405554 0.474693 0.802222
v 0.402222 0.500000 0.802222
vn -0.382199 -0.050317 -0.922709
f 4033/1/1037 4034/2/1037 4035/3/1037 4036/4/1037
usemtl black
v 0.413067 0.476706 0.799000
v 0.422058 0.455000 0.799000
v 0.415322 0.451111 0.802222
v 0.405554 0.474693 0.802222
vn -0.356152 -0.147523 -0.922709
f 4037/1/1038 4038/2/1038 4039/3/1038 4040/4/1038
usemtl black
v 0.422058 0.455000 0.799000
v 0.436360 0.436360 0.799000
v 0.430860 0.430860 0.802222
v 0.415322 0.451111 0.802222
vn -0.305835 -0.234675 -0.922709
f 4041/1/1039 4042/2/1039 4043/3/1039 4044/4/1039
usemtl black
v 0.436360 0.436360 0.799000
v 0.455000 0.422058 0.799000
v 0.451111 0.415322 0.802222
v 0.430860 0.430860 0.802222
vn -0.234675 -0.305835 -0.922709
f 4045/1/1040 4046/2/1040 4047/3/1040 4048/4/1040
usemtl black
v 0.455000 0.422058 0.799000
v 0.476706 0.413067 0.799000
v 0.474693 0.405554 0.802222
v 0.451111 0.415322 0.802222
vn -0.147523 -0.356152 -0.922709
f 4049/1/1041 4050/2/1041 4051/3/1041 4052/4/1041
usemtl black
v 0.476706 0.413067 0.799000
v 0.500000 0.410000 0.799000
v 0.500000 0.402222 0.802222
v 0.474693 0.405554 0.802222
vn -0.050317 -0.382199 -0.922709
f 4053/1/1042 4054/2/1042 4055/3/1042 4056/4/1042
usemtl black
v 0.500000 0.410000 0.799000
v 0.523294 0.413067 0.799000
v 0.525307 0.405554 0.802222
v 0.500000 0.402222 0.802222
vn 0.050317 -0.382199 -0.922709
f 4057/1/1043 4058/2/1043 4059/3/1043 4060/4/1043
usemtl black
v 0.523294 0.413067 0.799000
v 0.545000 0.422058 0.799000
v 0.548889 0.415322 0.802222
v 0.525307 0.405554 0.802222
vn 0.147523 -0.356152 -0.922709
f 4061/1/1044 4062/2/1044 4063/3/1044 4064/4/1044
usemtl black
v 0.545000 0.422058 0.799000
v 0.563640 0.436360 0.799000
v 0.569140 0.430860 0.802222
v 0.548889 0.415322 0.802222
vn 0.234675 -0.305835 -0.922709
f 4065/1/1045 4066/2/1045 4067/3/1045 4068/4/1045
usemtl black
v 0.563640 0.436360 0.799000
v 0.577942 0.455000 0.799000
v 0.584678 0.451111 0.802222
v 0.569140 0.430860 0.802222
vn 0.305835 -0.234675 -0.922709
f 4069/1/1046 4070/2/1046 4071/3/1046 4072/4/1046
usemtl black
v 0.577942 0.455000 0.799000
v 0.586933 0.476706 0.799000
v 0.594446 0.474693 0.802222
v 0.584678 0.451111 0.802222
vn 0.356152 -0.147523 -0.922709
f 4073/1/1047 4074/2/1047 4075/3/1047 4076/4/1047
usemtl black
v 0.586933 0.476706 0.799000
v 0.590000 0.500000 0.799000
v 0.597778 0.500000 0.802222
v 0.594446 0.474693 0.802222
vn 0.382199 -0.050317 -0.922709
f 4077/1/1048 4078/2/1048 4079/3/1048 4080/4/1048
usemtl black
v 0.597778 0.500000 0.802222
v 0.594446 0.525307 0.802222
v 0.597559 0.526141 0.810000
v 0.601000 0.500000 0.810000
vn 0.917120 0.120741 -0.379884
f 4081/1/1049 4082/2/1049 4083/3/1049 4084/4/1049
usemtl black
v 0.594446 0.525307 0.802222
v 0.584678 0.548889 0.802222
v 0.587469 0.550500 0.810000
v 0.597559 0.526141 0.810000
vn 0.854620 0.353995 -0.379884
f 4085/1/1050 4086/2/1050 4087/3/1050 4088/4/1050
usemtl black
v 0.584678 0.548889 0.802222
v 0.569140 0.569140 0.802222
v 0.571418 0.571418 0.810000
v 0.587469 0.550500 0.810000
vn 0.733879 0.563125 -0.379884
f 4089/1/1051 4090/2/1051 4091/3/1051 4092/4/1051
usemtl black
v 0.569140 0.569140 0.802222
v 0.548889 0.584678 0.802222
v 0.550500 0.587469 0.810000
v 0.571418 0.571418 0.810000
vn 0.563125 0.733879 -0.379884
f 4093/1/1052 4094/2/1052 4095/3/1052 4096/4/1052
usemtl black
v 0.548889 0.584678 0.802222
v 0.525307 0.594446 0.802222
v 0.526141 0.597559 0.810000
v 0.550500 0.587469 0.810000
vn 0.353995 0.854620 -0.379884
f 4097/1/1053 4098/2/1053 4099/3/1053 4100/4/1053
usemtl black
v 0.525307 0.594446 0.802222
v 0.500000 0.597778 0.802222
v 0.500000 0.601000 0.810000
v 0.526141 0.597559 0.810000
vn 0.120741 0.917120 -0.379884
f 4101/1/1054 4102/2/1054 4103/3/1054 4104/4/1054
usemtl black
v 0.500000 0.597778 0.802222
v 0.474693 0.594446 0.802222
v 0.473859 0.597559 0.810000
v 0.500000 0.601000 0.810000
vn -0.120741 0.917120 -0.379884
f 4105/1/1055 4106/2/1055 4107/3/1055 4108/4/1055
usemtl black
v 0.474693 0.594446 0.802222
v 0.451111 0.584678 0.802222
v 0.449500 0.587469 0.810000
v 0.473859 0.597559 0.810000
vn -0.353995 0.854620 -0.379884
f 4109/1/1056 4110/2/1056 4111/3/1056 4112/4/1056
usemtl black
v 0.451111 0.584678 0.802222
v 0.430860 0.569140 0.802222
v 0.428582 0.571418 0.810000
v 0.449500 0.587469 0.810000
vn -0.563125 0.733879 -0.379884
f 4113/1/1057 4114/2/1057 4115/3/1057 4116/4/1057
usemtl black
v 0.430860 0.569140 0.802222
v 0.415322 0.548889 0.802222
v 0.412531 0.550500 0.810000
v 0.428582 0.571418 0.810000
vn -0.733879 0.563125 -0.379884
f 4117/1/1058 4118/2/1058 4119/3/1058 4120/4/1058
usemtl black
v 0.415322 0.548889 0.802222
v 0.405554 0.525307 0.802222
v 0.402441 0.526141 0.810000
v 0.412531 0.550500 0.810000
vn -0.854620 0.353995 -0.379884
f 4121/1/1059 4122/2/1059 4123/3/1059 4124/4/1059
usemtl black
v 0.405554 0.525307 0.802222
v 0.402222 0.500000 0.802222
v 0.399000 0.500000 0.810000
v 0.402441 0.526141 0.810000
vn -0.917120 0.120741 -0.379884
f 4125/1/1060 4126/2/1060 4127/3/1060 4128/4/1060
usemtl black
v 0.402222 0.500000 0.802222
v 0.405554 0.474693 0.802222
v 0.402441 0.473859 0.810000
v 0.399000 0.500000 0.810000
vn -0.917120 -0.120741 -0.379884
f 4129/1/1061 4130/2/1061 4131/3/1061 4132/4/1061
usemtl black
v 0.405554 0.474693 0.802222
v 0.415322 0.451111 0.802222
v 0.412531 0.449500 0.810000
v 0.402441 0.473859 0.810000
vn -0.854620 -0.353995 -0.379884
f 4133/1/1062 4134/2/1062 4135/3/1062 4136/4/1062
usemtl black
v 0.415322 0.451111 0.802222
v 0.430860 0.430860 0.802222
v 0.428582 0.428582 0.810000
v 0.412531 0.449500 0.810000
vn -0.733879 -0.563125 -0.379884
f 4137/1/1063 4138/2/1063 4139/3/1063 4140/4/1063
usemtl black
v 0.430860 0.430860 0.802222
v 0.451111 0.415322 0.802222
v 0.449500 0.412531 0.810000
v 0.428582 0.428582 0.810000
vn -0.563125 -0.733879 -0.379884
f 4141/1/1064 4142/2/1064 4143/3/1064 4144/4/1064
usemtl black
v 0.451111 0.415322 0.802222
v 0.474693 0.405554 0.802222
v 0.473859 0.402441 0.810000
v 0.449500 0.412531 0.810000
vn -0.353995 -0.854620 -0.379884
f 4145/1/1065 4146/2/1065 4147/3/1065 4148/4/1065
usemtl black
v 0.474693 0.405554 0.802222
v 0.500000 0.402222 0.802222
v 0.500000 0.399000 0.810000
v 0.473859 0.402441 0.810000
vn -0.120741 -0.917120 -0.379884
f 4149/1/1066 4150/2/1066 4151/3/1066 4152/4/1066
usemtl black
v 0.500000 0.402222 0.802222
v 0.525307 0.405554 0.802222
v 0.526141 0.402441 0.810000
v 0.500000 0.399000 0.810000
vn 0.120741 -0.917120 -0.379884
f 4153/1/1067 4154/2/1067 4155/3/1067 4156/4/1067
usemtl black
v 0.525307 0.405554 0.802222
v 0.548889 0.415322 0.802222
v 0.550500 0.412531 0.810000
v 0.526141 0.402441 0.810000
vn 0.353995 -0.854620 -0.379884
f 4157/1/1068 4158/2/1068 4159/3/1068 4160/4/1068
usemtl black
v 0.548889 0.415322 0.802222
v 0.569140 0.430860 0.802222
v 0.571418 0.428582 0.810000
v 0.550500 0.412531 0.810000
vn 0.563125 -0.733879 -0.379884
f 4161/1/1069 4162/2/1069 4163/3/1069 4164/4/1069
usemtl black
v 0.569140 0.430860 0.802222
v 0.584678 0.451111 0.802222
v 0.587469 0.449500 0.810000
v 0.571418 0.428582 0.810000
vn 0.733879 -0.563125 -0.379884
f 4165/1/1070 4166/2/1070 4167/3/1070 4168/4/1070
usemtl black
v 0.584678 0.451111 0.802222
v 0.594446 0.474693 0.802222
v 0.597559 0.473859 0.810000
v 0.587469 0.449500 0.810000
vn 0.854620 -0.353995 -0.379884
f 4169/1/1071 4170/2/1071 4171/3/1071 4172/4/1071
usemtl black
v 0.594446 0.474693 0.802222
v 0.597778 0.500000 0.802222
v 0.601000 0.500000 0.810000
v 0.597559 0.473859 0.810000
vn 0.917120 -0.120741 -0.379884
f 4173/1/1072 4174/2/1072 4175/3/1072 4176/4/1072
usemtl white
v 0.574266 0.510466 0.857000
v 0.600353 0.527926 0.861333
v 0.603732 0.490491 0.817333
v 0.574266 0.489534 0.813000
vn 0.069844 0.762422 -0.643300
f 4177/1/1073 4178/2/1073 4179/3/1073 4180/4/1073
usemtl white
v 0.574266 0.489534 0.827000
v 0.603732 0.490491 0.831333
v 0.600353 0.527926 0.875333
v 0.574266 0.510466 0.871000
vn -0.069844 -0.762422 0.643300
f 4181/1/1074 4182/2/1074 4183/3/1074 4184/4/1074
usemtl silver
v 0.574266 0.489534 0.827000
v 0.603732 0.490491 0.831333
v 0.603732 0.490491 0.817333
v 0.574266 0.489534 0.813000
vn -0.032462 0.999473 -0.000000
f 4185/1/1075 4186/2/1075 4187/3/1075 4188/4/1075
usemtl silver
v 0.574266 0.510466 0.857000
v 0.600353 0.527926 0.861333
v 0.600353 0.527926 0.875333
v 0.574266 0.510466 0.871000
vn 0.556219 -0.831036 0.000000
f 4189/1/1076 4190/2/1076 4191/3/1076 4192/4/1076
usemtl white
v 0.600353 0.527926 0.861333
v 0.622808 0.551922 0.865667
v 0.633227 0.494668 0.821667
v 0.603732 0.490491 0.817333
vn 0.029334 0.612435 -0.789976
f 4193/1/1077 4194/2/1077 4195/3/1077 4196/4/1077
usemtl white
v 0.603732 0.490491 0.831333
v 0.633227 0.494668 0.835667
v 0.622808 0.551922 0.879667
v 0.600353 0.527926 0.875333
vn -0.029334 -0.612435 0.789976
f 4197/1/1078 4198/2/1078 4199/3/1078 4200/4/1078
usemtl silver
v 0.603732 0.490491 0.831333
v 0.633227 0.494668 0.835667
v 0.633227 0.494668 0.821667
v 0.603732 0.490491 0.817333
vn -0.140213 0.990121 -0.000000
f 4201/1/1079 4202/2/1079 4203/3/1079 4204/4/1079
usemtl silver
v 0.600353 0.527926 0.861333
v 0.622808 0.551922 0.865667
v 0.622808 0.551922 0.879667
v 0.600353 0.527926 0.875333
vn 0.730173 -0.683263 0.000000
f 4205/1/1080 4206/2/1080 4207/3/1080 4208/4/1080
usemtl white
v 0.622808 0.551922 0.865667
v 0.640767 0.581185 0.870000
v 0.662477 0.502740 0.826000
v 0.633227 0.494668 0.821667
vn -0.005386 0.488062 -0.872793
f 4209/1/1081 4210/2/1081 4211/3/1081 4212/4/1081
usemtl white
v 0.633227 0.494668 0.835667
v 0.662477 0.502740 0.840000
v 0.640767 0.581185 0.884000
v 0.622808 0.551922 0.879667
vn 0.005386 -0.488062 0.872793
f 4213/1/1082 4214/2/1082 4215/3/1082 4216/4/1082
usemtl silver
v 0.633227 0.494668 0.835667
v 0.662477 0.502740 0.840000
v 0.662477 0.502740 0.826000
v 0.633227 0.494668 0.821667
vn -0.266020 0.963967 -0.000000
f 4217/1/1083 4218/2/1083 4219/3/1083 4220/4/1083
usemtl silver
v 0.622808 0.551922 0.865667
v 0.640767 0.581185 0.870000
v 0.640767 0.581185 0.884000
v 0.622808 0.551922 0.879667
vn 0.852298 -0.523057 0.000000
f 4221/1/1084 4222/2/1084 4223/3/1084 4224/4/1084
usemtl white
v 0.640767 0.581185 0.870000
v 0.653899 0.614242 0.874333
v 0.691031 0.515591 0.830333
v 0.662477 0.502740 0.826000
vn -0.038445 0.394933 -0.917905
f 4225/1/1085 4226/2/1085 4227/3/1085 4228/4/1085
usemtl white
v 0.662477 0.502740 0.840000
v 0.691031 0.515591 0.844333
v 0.653899 0.614242 0.888333
v 0.640767 0.581185 0.884000
vn 0.038445 -0.394933 0.917905
f 4229/1/1086 4230/2/1086 4231/3/1086 4232/4/1086
usemtl silver
v 0.662477 0.502740 0.840000
v 0.691031 0.515591 0.844333
v 0.691031 0.515591 0.830333
v 0.662477 0.502740 0.826000
vn -0.410409 0.911902 -0.000000
f 4233/1/1087 4234/2/1087 4235/3/1087 4236/4/1087
usemtl silver
v 0.640767 0.581185 0.870000
v 0.653899 0.614242 0.874333
v 0.653899 0.614242 0.888333
v 0.640767 0.581185 0.884000
vn 0.929347 -0.369208 0.000000
f 4237/1/1088 4238/2/1088 4239/3/1088 4240/4/1088
usemtl white
v 0.653899 0.614242 0.874333
v 0.662400 0.649645 0.878667
v 0.718170 0.534191 0.834667
v 0.691031 0.515591 0.830333
vn -0.071926 0.324669 -0.943089
f 4241/1/1089 4242/2/1089 4243/3/1089 4244/4/1089
usemtl white
v 0.691031 0.515591 0.844333
v 0.718170 0.534191 0.848667
v 0.662400 0.649645 0.892667
v 0.653899 0.614242 0.888333
vn 0.071926 -0.324669 0.943089
f 4245/1/1090 4246/2/1090 4247/3/1090 4248/4/1090
usemtl silver
v 0.691031 0.515591 0.844333
v 0.718170 0.534191 0.848667
v 0.718170 0.534191 0.834667
v 0.691031 0.515591 0.830333
vn -0.565321 0.824871 -0.000000
f 4249/1/1091 4250/2/1091 4251/3/1091 4252/4/1091
usemtl silver
v 0.653899 0.614242 0.874333
v 0.662400 0.649645 0.878667
v 0.662400 0.649645 0.892667
v 0.653899 0.614242 0.888333
vn 0.972366 -0.233461 0.000000
f 4253/1/1092 4254/2/1092 4255/3/1092 4256/4/1092
usemtl white
v 0.662400 0.649645 0.878667
v 0.666866 0.686161 0.883000
v 0.742834 0.559426 0.839000
v 0.718170 0.534191 0.834667
vn -0.106531 0.268521 -0.957365
f 4257/1/1093 4258/2/1093 4259/3/1093 4260/4/1093
usemtl white
v 0.718170 0.534191 0.848667
v 0.742834 0.559426 0.853000
v 0.666866 0.686161 0.897000
v 0.662400 0.649645 0.892667
vn 0.106531 -0.268521 0.957365
f 4261/1/1094 4262/2/1094 4263/3/1094 4264/4/1094
usemtl silver
v 0.718170 0.534191 0.848667
v 0.742834 0.559426 0.853000
v 0.742834 0.559426 0.839000
v 0.718170 0.534191 0.834667
vn -0.715148 0.698973 -0.000000
f 4265/1/1095 4266/2/1095 4267/3/1095 4268/4/1095
usemtl silver
v 0.662400 0.649645 0.878667
v 0.666866 0.686161 0.883000
v 0.666866 0.686161 0.897000
v 0.662400 0.649645 0.892667
vn 0.992603 -0.121404 0.000000
f 4269/1/1096 4270/2/1096 4271/3/1096 4272/4/1096
usemtl white
v 0.666866 0.686161 0.883000
v 0.668113 0.722872 0.887333
v 0.763606 0.591901 0.843333
v 0.742834 0.559426 0.839000
vn -0.142774 0.220085 -0.964976
f 4273/1/1097 4274/2/1097 4275/3/1097 4276/4/1097
usemtl white
v 0.742834 0.559426 0.853000
v 0.763606 0.591901 0.857333
v 0.668113 0.722872 0.901333
v 0.666866 0.686161 0.897000
vn 0.142774 -0.220085 0.964976
f 4277/1/1098 4278/2/1098 4279/3/1098 4280/4/1098
usemtl silver
v 0.742834 0.559426 0.853000
v 0.763606 0.591901 0.857333
v 0.763606 0.591901 0.843333
v 0.742834 0.559426 0.839000
vn -0.842413 0.538832 -0.000000
f 4281/1/1099 4282/2/1099 4283/3/1099 4284/4/1099
usemtl silver
v 0.666866 0.686161 0.883000
v 0.668113 0.722872 0.887333
v 0.668113 0.722872 0.901333
v 0.666866 0.686161 0.897000
vn 0.999423 -0.033953 0.000000
f 4285/1/1100 4286/2/1100 4287/3/1100 4288/4/1100
usemtl white
v 0.668113 0.722872 0.887333
v 0.666966 0.759214 0.891667
v 0.778776 0.631732 0.847667
v 0.763606 0.591901 0.843333
vn -0.181827 0.174530 -0.967718
f 4289/1/1101 4290/2/1101 4291/3/1101 4292/4/1101
usemtl white
v 0.763606 0.591901 0.857333
v 0.778776 0.631732 0.861667
v 0.666966 0.759214 0.905667
v 0.668113 0.722872 0.901333
vn 0.181827 -0.174530 0.967718
f 4293/1/1102 4294/2/1102 4295/3/1102 4296/4/1102
usemtl silver
v 0.763606 0.591901 0.857333
v 0.778776 0.631732 0.861667
v 0.778776 0.631732 0.847667
v 0.763606 0.591901 0.843333
vn -0.934519 0.355914 -0.000000
f 4297/1/1103 4298/2/1103 4299/3/1103 4300/4/1103
usemtl silver
v 0.668113 0.722872 0.887333
v 0.666966 0.759214 0.891667
v 0.666966 0.759214 0.905667
v 0.668113 0.722872 0.901333
vn 0.999502 0.031554 0.000000
f 4301/1/1104 4302/2/1104 4303/3/1104 4304/4/1104
usemtl white
v 0.666966 0.759214 0.891667
v 0.664070 0.794936 0.896000
v 0.786510 0.678377 0.852000
v 0.778776 0.631732 0.847667
vn -0.225989 0.127188 -0.965791
f 4305/1/1105 4306/2/1105 4307/3/1105 4308/4/1105
usemtl white
v 0.778776 0.631732 0.861667
v 0.786510 0.678377 0.866000
v 0.664070 0.794936 0.910000
v 0.666966 0.759214 0.905667
vn 0.225989 -0.127188 0.965791
f 4309/1/1106 4310/2/1106 4311/3/1106 4312/4/1106
usemtl silver
v 0.778776 0.631732 0.861667
v 0.786510 0.678377 0.866000
v 0.786510 0.678377 0.852000
v 0.778776 0.631732 0.847667
vn -0.986534 0.163557 -0.000000
f 4313/1/1107 4314/2/1107 4315/3/1107 4316/4/1107
usemtl silver
v 0.666966 0.759214 0.891667
v 0.664070 0.794936 0.896000
v 0.664070 0.794936 0.910000
v 0.666966 0.759214 0.905667
vn 0.996731 0.080797 0.000000
f 4317/1/1108 4318/2/1108 4319/3/1108 4320/4/1108
usemtl white
v 0.664070 0.794936 0.896000
v 0.659750 0.830037 0.900333
v 0.785110 0.730557 0.856333
v 0.786510 0.678377 0.852000
vn -0.278939 0.072043 -0.957603
f 4321/1/1109 4322/2/1109 4323/3/1109 4324/4/1109
usemtl white
v 0.786510 0.678377 0.866000
v 0.785110 0.730557 0.870333
v 0.659750 0.830037 0.914333
v 0.664070 0.794936 0.910000
vn 0.278939 -0.072043 0.957603
f 4325/1/1110 4326/2/1110 4327/3/1110 4328/4/1110
usemtl silver
v 0.786510 0.678377 0.866000
v 0.785110 0.730557 0.870333
v 0.785110 0.730557 0.856333
v 0.786510 0.678377 0.852000
vn -0.999640 -0.026813 -0.000000
f 4329/1/1111 4330/2/1111 4331/3/1111 4332/4/1111
usemtl silver
v 0.664070 0.794936 0.896000
v 0.659750 0.830037 0.900333
v 0.659750 0.830037 0.914333
v 0.664070 0.794936 0.910000
vn 0.992512 0.122144 0.000000
f 4333/1/1112 4334/2/1112 4335/3/1112 4336/4/1112
usemtl white
v 0.659750 0.830037 0.900333
v 0.653921 0.864681 0.904667
v 0.773331 0.786312 0.860667
v 0.785110 0.730557 0.856333
vn -0.345832 -0.000138 -0.938296
f 4337/1/1113 4338/2/1113 4339/3/1113 4340/4/1113
usemtl white
v 0.785110 0.730557 0.870333
v 0.773331 0.786312 0.874667
v 0.653921 0.864681 0.918667
v 0.659750 0.830037 0.914333
vn 0.345832 0.000138 0.938296
f 4341/1/1114 4342/2/1114 4343/3/1114 4344/4/1114
usemtl silver
v 0.785110 0.730557 0.870333
v 0.773331 0.786312 0.874667
v 0.773331 0.786312 0.860667
v 0.785110 0.730557 0.856333
vn -0.978403 -0.206709 -0.000000
f 4345/1/1115 4346/2/1115 4347/3/1115 4348/4/1115
usemtl silver
v 0.659750 0.830037 0.900333
v 0.653921 0.864681 0.904667
v 0.653921 0.864681 0.918667
v 0.659750 0.830037 0.914333
vn 0.986136 0.165937 0.000000
f 4349/1/1116 4350/2/1116 4351/3/1116 4352/4/1116
usemtl white
v 0.653921 0.864681 0.904667
v 0.646049 0.899117 0.909000
v 0.750660 0.843212 0.865000
v 0.773331 0.786312 0.860667
vn -0.432336 -0.104043 -0.895690
f 4353/1/1117 4354/2/1117 4355/3/1117 4356/4/1117
usemtl white
v 0.773331 0.786312 0.874667
v 0.750660 0.843212 0.879000
v 0.646049 0.899117 0.923000
v 0.653921 0.864681 0.918667
vn 0.432336 0.104043 0.895690
f 4357/1/1118 4358/2/1118 4359/3/1118 4360/4/1118
usemtl silver
v 0.773331 0.786312 0.874667
v 0.750660 0.843212 0.879000
v 0.750660 0.843212 0.865000
v 0.773331 0.786312 0.860667
vn -0.928979 -0.370132 -0.000000
f 4361/1/1119 4362/2/1119 4363/3/1119 4364/4/1119
usemtl silver
v 0.653921 0.864681 0.904667
v 0.646049 0.899117 0.909000
v 0.646049 0.899117 0.923000
v 0.653921 0.864681 0.918667
vn 0.974858 0.222828 0.000000
f 4365/1/1120 4366/2/1120 4367/3/1120 4368/4/1120
usemtl silver
v 0.574266 0.489534 0.827000
v 0.574266 0.510466 0.871000
v 0.574266 0.510466 0.857000
v 0.574266 0.489534 0.813000
vn -1.000000 -0.000000 -0.000000
f 4369/1/1121 4370/2/1121 4371/3/1121 4372/4/1121
usemtl silver
v 0.750660 0.843212 0.865000
v 0.646049 0.899117 0.909000
v 0.646049 0.899117 0.923000
v 0.750660 0.843212 0.879000
vn 0.471328 0.881958 0.000000
f 4373/1/1122 4374/2/1122 4375/3/1122 4376/4/1122
usemtl black
v 0.489534 0.574266 0.857000
v 0.472074 0.600353 0.861333
v 0.509509 0.603732 0.817333
v 0.510466 0.574266 0.813000
vn -0.762422 0.069844 -0.643300
f 4377/1/1123 4378/2/1123 4379/3/1123 4380/4/1123
usemtl black
v 0.510466 0.574266 0.827000
v 0.509509 0.603732 0.831333
v 0.472074 0.600353 0.875333
v 0.489534 0.574266 0.871000
vn 0.762422 -0.069844 0.643300
f 4381/1/1124 4382/2/1124 4383/3/1124 4384/4/1124
usemtl silver
v 0.510466 0.574266 0.827000
v 0.509509 0.603732 0.831333
v 0.509509 0.603732 0.817333
v 0.510466 0.574266 0.813000
vn -0.999473 -0.032462 -0.000000
f 4385/1/1125 4386/2/1125 4387/3/1125 4388/4/1125
usemtl silver
v 0.489534 0.574266 0.857000
v 0.472074 0.600353 0.861333
v 0.472074 0.600353 0.875333
v 0.489534 0.574266 0.871000
vn 0.831036 0.556219 0.000000
f 4389/1/1126 4390/2/1126 4391/3/1126 4392/4/1126
usemtl black
v 0.472074 0.600353 0.861333
v 0.448078 0.622808 0.865667
v 0.505332 0.633227 0.821667
v 0.509509 0.603732 0.817333
vn -0.612435 0.029334 -0.789976
f 4393/1/1127 4394/2/1127 4395/3/1127 4396/4/1127
usemtl black
v 0.509509 0.603732 0.831333
v 0.505332 0.633227 0.835667
v 0.448078 0.622808 0.879667
v 0.472074 0.600353 0.875333
vn 0.612435 -0.029334 0.789976
f 4397/1/1128 4398/2/1128 4399/3/1128 4400/4/1128
usemtl silver
v 0.509509 0.603732 0.831333
v 0.505332 0.633227 0.835667
v 0.505332 0.633227 0.821667
v 0.509509 0.603732 0.817333
vn -0.990121 -0.140213 -0.000000
f 4401/1/1129 4402/2/1129 4403/3/1129 4404/4/1129
usemtl silver
v 0.472074 0.600353 0.861333
v 0.448078 0.622808 0.865667
v 0.448078 0.622808 0.879667
v 0.472074 0.600353 0.875333
vn 0.683263 0.730173 0.000000
f 4405/1/1130 4406/2/1130 4407/3/1130 4408/4/1130
usemtl black
v 0.448078 0.622808 0.865667
v 0.418815 0.640767 0.870000
v 0.497260 0.662477 0.826000
v 0.505332 0.633227 0.821667
vn -0.488062 -0.005386 -0.872793
f 4409/1/1131 4410/2/1131 4411/3/1131 4412/4/1131
usemtl black
v 0.505332 0.633227 0.835667
v 0.497260 0.662477 0.840000
v 0.418815 0.640767 0.884000
v 0.448078 0.622808 0.879667
vn 0.488062 0.005386 0.872793
f 4413/1/1132 4414/2/1132 4415/3/1132 4416/4/1132
usemtl silver
v 0.505332 0.633227 0.835667
v 0.497260 0.662477 0.840000
v 0.497260 0.662477 0.826000
v 0.505332 0.633227 0.821667
vn -0.963967 -0.266020 -0.000000
f 4417/1/1133 4418/2/1133 4419/3/1133 4420/4/1133
usemtl silver
v 0.448078 0.622808 0.865667
v 0.418815 0.640767 0.870000
v 0.418815 0.640767 0.884000
v 0.448078 0.622808 0.879667
vn 0.523057 0.852298 0.000000
f 4421/1/1134 4422/2/1134 4423/3/1134 4424/4/1134
usemtl black
v 0.418815 0.640767 0.870000
v 0.385758 0.653899 0.874333
v 0.484409 0.691031 0.830333
v 0.497260 0.662477 0.826000
vn -0.394933 -0.038445 -0.917905
f 4425/1/1135 4426/2/1135 4427/3/1135 4428/4/1135
usemtl black
v 0.497260 0.662477 0.840000
v 0.484409 0.691031 0.844333
v 0.385758 0.653899 0.888333
v 0.418815 0.640767 0.884000
vn 0.394933 0.038445 0.917905
f 4429/1/1136 4430/2/1136 4431/3/1136 4432/4/1136
usemtl silver
v 0.497260 0.662477 0.840000
v 0.484409 0.691031 0.844333
v 0.484409 0.691031 0.830333
v 0.497260 0.662477 0.826000
vn -0.911902 -0.410409 -0.000000
f 4433/1/1137 4434/2/1137 4435/3/1137 4436/4/1137
usemtl silver
v 0.418815 0.640767 0.870000
v 0.385758 0.653899 0.874333
v 0.385758 0.653899 0.888333
v 0.418815 0.640767 0.884000
vn 0.369208 0.929347 0.000000
f 4437/1/1138 4438/2/1138 4439/3/1138 4440/4/1138
usemtl black
v 0.385758 0.653899 0.874333
v 0.350355 0.662400 0.878667
v 0.465809 0.718170 0.834667
v 0.484409 0.691031 0.830333
vn -0.324669 -0.071926 -0.943089
f 4441/1/1139 4442/2/1139 4443/3/1139 4444/4/1139
usemtl black
v 0.484409 0.691031 0.844333
v 0.465809 0.718170 0.848667
v 0.350355 0.662400 0.892667
v 0.385758 0.653899 0.888333
vn 0.324669 0.071926 0.943089
f 4445/1/1140 4446/2/1140 4447/3/1140 4448/4/1140
usemtl silver
v 0.484409 0.691031 0.844333
v 0.465809 0.718170 0.848667
v 0.465809 0.718170 0.834667
v 0.484409 0.691031 0.830333
vn -0.824871 -0.565321 -0.000000
f 4449/1/1141 4450/2/1141 4451/3/1141 4452/4/1141
usemtl silver
v 0.385758 0.653899 0.874333
v 0.350355 0.662400 0.878667
v 0.350355 0.662400 0.892667
v 0.385758 0.653899 0.888333
vn 0.233461 0.972366 0.000000
f 4453/1/1142 4454/2/1142 4455/3/1142 4456/4/1142
usemtl black
v 0.350355 0.662400 0.878667
v 0.313839 0.666866 0.883000
v 0.440574 0.742834 0.839000
v 0.465809 0.718170 0.834667
vn -0.268521 -0.106531 -0.957365
f 4457/1/1143 4458/2/1143 4459/3/1143 4460/4/1143
usemtl black
v 0.465809 0.718170 0.848667
v 0.440574 0.742834 0.853000
v 0.313839 0.666866 0.897000
v 0.350355 0.662400 0.892667
vn 0.268521 0.106531 0.957365
f 4461/1/1144 4462/2/1144 4463/3/1144 4464/4/1144
usemtl silver
v 0.465809 0.718170 0.848667
v 0.440574 0.742834 0.853000
v 0.440574 0.742834 0.839000
v 0.465809 0.718170 0.834667
vn -0.698973 -0.715148 -0.000000
f 4465/1/1145 4466/2/1145 4467/3/1145 4468/4/1145
usemtl silver
v 0.350355 0.662400 0.878667
v 0.313839 0.666866 0.883000
v 0.313839 0.666866 0.897000
v 0.350355 0.662400 0.892667
vn 0.121404 0.992603 0.000000
f 4469/1/1146 4470/2/1146 4471/3/1146 4472/4/1146
usemtl black
v 0.313839 0.666866 0.883000
v 0.277128 0.668113 0.887333
v 0.408099 0.763606 0.843333
v 0.440574 0.742834 0.839000
vn -0.220085 -0.142774 -0.964976
f 4473/1/1147 4474/2/1147 4475/3/1147 4476/4/1147
usemtl black
v 0.440574 0.742834 0.853000
v 0.408099 0.763606 0.857333
v 0.277128 0.668113 0.901333
v 0.313839 0.666866 0.897000
vn 0.220085 0.142774 0.964976
f 4477/1/1148 4478/2/1148 4479/3/1148 4480/4/1148
usemtl silver
v 0.440574 0.742834 0.853000
v 0.408099 0.763606 0.857333
v 0.408099 0.763606 0.843333
v 0.440574 0.742834 0.839000
vn -0.538832 -0.842413 -0.000000
f 4481/1/1149 4482/2/1149 4483/3/1149 4484/4/1149
usemtl silver
v 0.313839 0.666866 0.883000
v 0.277128 0.668113 0.887333
v 0.277128 0.668113 0.901333
v 0.313839 0.666866 0.897000
vn 0.033953 0.999423 0.000000
f 4485/1/1150 4486/2/1150 4487/3/1150 4488/4/1150
usemtl black
v 0.277128 0.668113 0.887333
v 0.240786 0.666966 0.891667
v 0.368268 0.778776 0.847667
v 0.408099 0.763606 0.843333
vn -0.174530 -0.181827 -0.967718
f 4489/1/1151 4490/2/1151 4491/3/1151 4492/4/1151
usemtl black
v 0.408099 0.763606 0.857333
v 0.368268 0.778776 0.861667
v 0.240786 0.666966 0.905667
v 0.277128 0.668113 0.901333
vn 0.174530 0.181827 0.967718
f 4493/1/1152 4494/2/1152 4495/3/1152 4496/4/1152
usemtl silver
v 0.408099 0.763606 0.857333
v 0.368268 0.778776 0.861667
v 0.368268 0.778776 0.847667
v 0.408099 0.763606 0.843333
vn -0.355914 -0.934519 -0.000000
f 4497/1/1153 4498/2/1153 4499/3/1153 4500/4/1153
usemtl silver
v 0.277128 0.668113 0.887333
v 0.240786 0.666966 0.891667
v 0.240786 0.666966 0.905667
v 0.277128 0.668113 0.901333
vn -0.031554 0.999502 0.000000
f 4501/1/1154 4502/2/1154 4503/3/1154 4504/4/1154
usemtl black
v 0.240786 0.666966 0.891667
v 0.205064 0.664070 0.896000
v 0.321623 0.786510 0.852000
v 0.368268 0.778776 0.847667
vn -0.127188 -0.225989 -0.965791
f 4505/1/1155 4506/2/1155 4507/3/1155 4508/4/1155
usemtl black
v 0.368268 0.778776 0.861667
v 0.321623 0.786510 0.866000
v 0.205064 0.664070 0.910000
v 0.240786 0.666966 0.905667
vn 0.127188 0.225989 0.965791
f 4509/1/1156 4510/2/1156 4511/3/1156 4512/4/1156
usemtl silver
v 0.368268 0.778776 0.861667
v 0.321623 0.786510 0.866000
v 0.321623 0.786510 0.852000
v 0.368268 0.778776 0.847667
vn -0.163557 -0.986534 -0.000000
f 4513/1/1157 4514/2/1157 4515/3/1157 4516/4/1157
usemtl silver
v 0.240786 0.666966 0.891667
v 0.205064 0.664070 0.896000
v 0.205064 0.664070 0.910000
v 0.240786 0.666966 0.905667
vn -0.080797 0.996731 0.000000
f 4517/1/1158 4518/2/1158 4519/3/1158 4520/4/1158
usemtl black
v 0.205064 0.664070 0.896000
v 0.169963 0.659750 0.900333
v 0.269443 0.785110 0.856333
v 0.321623 0.786510 0.852000
vn -0.072043 -0.278939 -0.957603
f 4521/1/1159 4522/2/1159 4523/3/1159 4524/4/1159
usemtl black
v 0.321623 0.786510 0.866000
v 0.269443 0.785110 0.870333
v 0.169963 0.659750 0.914333
v 0.205064 0.664070 0.910000
vn 0.072043 0.278939 0.957603
f 4525/1/1160 4526/2/1160 4527/3/1160 4528/4/1160
usemtl silver
v 0.321623 0.786510 0.866000
v 0.269443 0.785110 0.870333
v 0.269443 0.785110 0.856333
v 0.321623 0.786510 0.852000
vn 0.026813 -0.999640 -0.000000
f 4529/1/1161 4530/2/1161 4531/3/1161 4532/4/1161
usemtl silver
v 0.205064 0.664070 0.896000
v 0.169963 0.659750 0.900333
v 0.169963 0.659750 0.914333
v 0.205064 0.664070 0.910000
vn -0.122144 0.992512 0.000000
f 4533/1/1162 4534/2/1162 4535/3/1162 4536/4/1162
usemtl black
v 0.169963 0.659750 0.900333
v 0.135319 0.653921 0.904667
v 0.213688 0.773331 0.860667
v 0.269443 0.785110 0.856333
vn 0.000138 -0.345832 -0.938296
f 4537/1/1163 4538/2/1163 4539/3/1163 4540/4/1163
usemtl black
v 0.269443 0.785110 0.870333
v 0.213688 0.773331 0.874667
v 0.135319 0.653921 0.918667
v 0.169963 0.659750 0.914333
vn -0.000138 0.345832 0.938296
f 4541/1/1164 4542/2/1164 4543/3/1164 4544/4/1164
usemtl silver
v 0.269443 0.785110 0.870333
v 0.213688 0.773331 0.874667
v 0.213688 0.773331 0.860667
v 0.269443 0.785110 0.856333
vn 0.206709 -0.978403 -0.000000
f 4545/1/1165 4546/2/1165 4547/3/1165 4548/4/1165
usemtl silver
v 0.169963 0.659750 0.900333
v 0.135319 0.653921 0.904667
v 0.135319 0.653921 0.918667
v 0.169963 0.659750 0.914333
vn -0.165937 0.986136 0.000000
f 4549/1/1166 4550/2/1166 4551/3/1166 4552/4/1166
usemtl black
v 0.135319 0.653921 0.904667
v 0.100883 0.646049 0.909000
v 0.156788 0.750660 0.865000
v 0.213688 0.773331 0.860667
vn 0.104043 -0.432336 -0.895690
f 4553/1/1167 4554/2/1167 4555/3/1167 4556/4/1167
usemtl black
v 0.213688 0.773331 0.874667
v 0.156788 0.750660 0.879000
v 0.100883 0.646049 0.923000
v 0.135319 0.653921 0.918667
vn -0.104043 0.432336 0.895690
f 4557/1/1168 4558/2/1168 4559/3/1168 4560/4/1168
usemtl silver
v 0.213688 0.773331 0.874667
v 0.156788 0.750660 0.879000
v 0.156788 0.750660 0.865000
v 0.213688 0.773331 0.860667
vn 0.370132 -0.928979 -0.000000
f 4561/1/1169 4562/2/1169 4563/3/1169 4564/4/1169
usemtl silver
v 0.135319 0.653921 0.904667
v 0.100883 0.646049 0.909000
v 0.100883 0.646049 0.923000
v 0.135319 0.653921 0.918667
vn -0.222828 0.974858 0.000000
f 4565/1/1170 4566/2/1170 4567/3/1170 4568/4/1170
usemtl silver
v 0.510466 0.574266 0.827000
v 0.489534 0.574266 0.871000
v 0.489534 0.574266 0.857000
v 0.510466 0.574266 0.813000
vn -0.000000 -1.000000 -0.000000
f 4569/1/1171 4570/2/1171 4571/3/1171 4572/4/1171
usemtl silver
v 0.156788 0.750660 0.865000
v 0.100883 0.646049 0.909000
v 0.100883 0.646049 0.923000
v 0.156788 0.750660 0.879000
vn -0.881958 0.471328 0.000000
f 4573/1/1172 4574/2/1172 4575/3/1172 4576/4/1172
usemtl white
v 0.425734 0.489534 0.857000
v 0.399647 0.472074 0.861333
v 0.396268 0.509509 0.817333
v 0.425734 0.510466 0.813000
vn -0.069844 -0.762422 -0.643300
f 4577/1/1173 4578/2/1173 4579/3/1173 4580/4/1173
usemtl white
v 0.425734 0.510466 0.827000
v 0.396268 0.509509 0.831333
v 0.399647 0.472074 0.875333
v 0.425734 0.489534 0.871000
vn 0.069844 0.762422 0.643300
f 4581/1/1174 4582/2/1174 4583/3/1174 4584/4/1174
usemtl silver
v 0.425734 0.510466 0.827000
v 0.396268 0.509509 0.831333
v 0.396268 0.509509 0.817333
v 0.425734 0.510466 0.813000
vn 0.032462 -0.999473 -0.000000
f 4585/1/1175 4586/2/1175 4587/3/1175 4588/4/1175
usemtl silver
v 0.425734 0.489534 0.857000
v 0.399647 0.472074 0.861333
v 0.399647 0.472074 0.875333
v 0.425734 0.489534 0.871000
vn -0.556219 0.831036 0.000000
f 4589/1/1176 4590/2/1176 4591/3/1176 4592/4/1176
usemtl white
v 0.399647 0.472074 0.861333
v 0.377192 0.448078 0.865667
v 0.366773 0.505332 0.821667
v 0.396268 0.509509 0.817333
vn -0.029334 -0.612435 -0.789976
f 4593/1/1177 4594/2/1177 4595/3/1177 4596/4/1177
usemtl white
v 0.396268 0.509509 0.831333
v 0.366773 0.505332 0.835667
v 0.377192 0.448078 0.879667
v 0.399647 0.472074 0.875333
vn 0.029334 0.612435 0.789976
f 4597/1/1178 4598/2/1178 4599/3/1178 4600/4/1178
usemtl silver
v 0.396268 0.509509 0.831333
v 0.366773 0.505332 0.835667
v 0.366773 0.505332 0.821667
v 0.396268 0.509509 0.817333
vn 0.140213 -0.990121 -0.000000
f 4601/1/1179 4602/2/1179 4603/3/1179 4604/4/1179
usemtl silver
v 0.399647 0.472074 0.861333
v 0.377192 0.448078 0.865667
v 0.377192 0.448078 0.879667
v 0.399647 0.472074 0.875333
vn -0.730173 0.683263 0.000000
f 4605/1/1180 4606/2/1180 4607/3/1180 4608/4/1180
usemtl white
v 0.377192 0.448078 0.865667
v 0.359233 0.418815 0.870000
v 0.337523 0.497260 0.826000
v 0.366773 0.505332 0.821667
vn 0.005386 -0.488062 -0.872793
f 4609/1/1181 4610/2/1181 4611/3/1181 4612/4/1181
usemtl white
v 0.366773 0.505332 0.835667
v 0.337523 0.497260 0.840000
v 0.359233 0.418815 0.884000
v 0.377192 0.448078 0.879667
vn -0.005386 0.488062 0.872793
f 4613/1/1182 4614/2/1182 4615/3/1182 4616/4/1182
usemtl silver
v 0.366773 0.505332 0.835667
v 0.337523 0.497260 0.840000
v 0.337523 0.497260 0.826000
v 0.366773 0.505332 0.821667
vn 0.266020 -0.963967 -0.000000
f 4617/1/1183 4618/2/1183 4619/3/1183 4620/4/1183
usemtl silver
v 0.377192 0.448078 0.865667
v 0.359233 0.418815 0.870000
v 0.359233 0.418815 0.884000
v 0.377192 0.448078 0.879667
vn -0.852298 0.523057 0.000000
f 4621/1/1184 4622/2/1184 4623/3/1184 4624/4/1184
usemtl white
v 0.359233 0.418815 0.870000
v 0.346101 0.385758 0.874333
v 0.308969 0.484409 0.830333
v 0.337523 0.497260 0.826000
vn 0.038445 -0.394933 -0.917905
f 4625/1/1185 4626/2/1185 4627/3/1185 4628/4/1185
usemtl white
v 0.337523 0.497260 0.840000
v 0.308969 0.484409 0.844333
v 0.346101 0.385758 0.888333
v 0.359233 0.418815 0.884000
vn -0.038445 0.394933 0.917905
f 4629/1/1186 4630/2/1186 4631/3/1186 4632/4/1186
usemtl silver
v 0.337523 0.497260 0.840000
v 0.308969 0.484409 0.844333
v 0.308969 0.484409 0.830333
v 0.337523 0.497260 0.826000
vn 0.410409 -0.911902 -0.000000
f 4633/1/1187 4634/2/1187 4635/3/1187 4636/4/1187
usemtl silver
v 0.359233 0.418815 0.870000
v 0.346101 0.385758 0.874333
v 0.346101 0.385758 0.888333
v 0.359233 0.418815 0.884000
vn -0.929347 0.369208 0.000000
f 4637/1/1188 4638/2/1188 4639/3/1188 4640/4/1188
usemtl white
v 0.346101 0.385758 0.874333
v 0.337600 0.350355 0.878667
v 0.281830 0.465809 0.834667
v 0.308969 0.484409 0.830333
vn 0.071926 -0.324669 -0.943089
f 4641/1/1189 4642/2/1189 4643/3/1189 4644/4/1189
usemtl white
v 0.308969 0.484409 0.844333
v 0.281830 0.465809 0.848667
v 0.337600 0.350355 0.892667
v 0.346101 0.385758 0.888333
vn -0.071926 0.324669 0.943089
f 4645/1/1190 4646/2/1190 4647/3/1190 4648/4/1190
usemtl silver
v 0.308969 0.484409 0.844333
v 0.281830 0.465809 0.848667
v 0.281830 0.465809 0.834667
v 0.308969 0.484409 0.830333
vn 0.565321 -0.824871 -0.000000
f 4649/1/1191 4650/2/1191 4651/3/1191 4652/4/1191
usemtl silver
v 0.346101 0.385758 0.874333
v 0.337600 0.350355 0.878667
v 0.337600 0.350355 0.892667
v 0.346101 0.385758 0.888333
vn -0.972366 0.233461 0.000000
f 4653/1/1192 4654/2/1192 4655/3/1192 4656/4/1192
usemtl white
v 0.337600 0.350355 0.878667
v 0.333134 0.313839 0.883000
v 0.257166 0.440574 0.839000
v 0.281830 0.465809 0.834667
vn 0.106531 -0.268521 -0.957365
f 4657/1/1193 4658/2/1193 4659/3/1193 4660/4/1193
usemtl white
v 0.281830 0.465809 0.848667
v 0.257166 0.440574 0.853000
v 0.333134 0.313839 0.897000
v 0.337600 0.350355 0.892667
vn -0.106531 0.268521 0.957365
f 4661/1/1194 4662/2/1194 4663/3/1194 4664/4/1194
usemtl silver
v 0.281830 0.465809 0.848667
v 0.257166 0.440574 0.853000
v 0.257166 0.440574 0.839000
v 0.281830 0.465809 0.834667
vn 0.715148 -0.698973 -0.000000
f 4665/1/1195 4666/2/1195 4667/3/1195 4668/4/1195
usemtl silver
v 0.337600 0.350355 0.878667
v 0.333134 0.313839 0.883000
v 0.333134 0.313839 0.897000
v 0.337600 0.350355 0.892667
vn -0.992603 0.121404 0.000000
f 4669/1/1196 4670/2/1196 4671/3/1196 4672/4/1196
usemtl white
v 0.333134 0.313839 0.883000
v 0.331887 0.277128 0.887333
v 0.236394 0.408099 0.843333
v 0.257166 0.440574 0.839000
vn 0.142774 -0.220085 -0.964976
f 4673/1/1197 4674/2/1197 4675/3/1197 4676/4/1197
usemtl white
v 0.257166 0.440574 0.853000
v 0.236394 0.408099 0.857333
v 0.331887 0.277128 0.901333
v 0.333134 0.313839 0.897000
vn -0.142774 0.220085 0.964976
f 4677/1/1198 4678/2/1198 4679/3/1198 4680/4/1198
usemtl silver
v 0.257166 0.440574 0.853000
v 0.236394 0.408099 0.857333
v 0.236394 0.408099 0.843333
v 0.257166 0.440574 0.839000
vn 0.842413 -0.538832 -0.000000
f 4681/1/1199 4682/2/1199 4683/3/1199 4684/4/1199
usemtl silver
v 0.333134 0.313839 0.883000
v 0.331887 0.277128 0.887333
v 0.331887 0.277128 0.901333
v 0.333134 0.313839 0.897000
vn -0.999423 0.033953 0.000000
f 4685/1/1200 4686/2/1200 4687/3/1200 4688/4/1200
usemtl white
v 0.331887 0.277128 0.887333
v 0.333034 0.240786 0.891667
v 0.221224 0.368268 0.847667
v 0.236394 0.408099 0.843333
vn 0.181827 -0.174530 -0.967718
f 4689/1/1201 4690/2/1201 4691/3/1201 4692/4/1201
usemtl white
v 0.236394 0.408099 0.857333
v 0.221224 0.368268 0.861667
v 0.333034 0.240786 0.905667
v 0.331887 0.277128 0.901333
vn -0.181827 0.174530 0.967718
f 4693/1/1202 4694/2/1202 4695/3/1202 4696/4/1202
usemtl silver
v 0.236394 0.408099 0.857333
v 0.221224 0.368268 0.861667
v 0.221224 0.368268 0.847667
v 0.236394 0.408099 0.843333
vn 0.934519 -0.355914 -0.000000
f 4697/1/1203 4698/2/1203 4699/3/1203 4700/4/1203
usemtl silver
v 0.331887 0.277128 0.887333
v 0.333034 0.240786 0.891667
v 0.333034 0.240786 0.905667
v 0.331887 0.277128 0.901333
vn -0.999502 -0.031554 0.000000
f 4701/1/1204 4702/2/1204 4703/3/1204 4704/4/1204
usemtl white
v 0.333034 0.240786 0.891667
v 0.335930 0.205064 0.896000
v 0.213490 0.321623 0.852000
v 0.221224 0.368268 0.847667
vn 0.225989 -0.127188 -0.965791
f 4705/1/1205 4706/2/1205 4707/3/1205 4708/4/1205
usemtl white
v 0.221224 0.368268 0.861667
v 0.213490 0.321623 0.866000
v 0.335930 0.205064 0.910000
v 0.333034 0.240786 0.905667
vn -0.225989 0.127188 0.965791
f 4709/1/1206 4710/2/1206 4711/3/1206 4712/4/1206
usemtl silver
v 0.221224 0.368268 0.861667
v 0.213490 0.321623 0.866000
v 0.213490 0.321623 0.852000
v 0.221224 0.368268 0.847667
vn 0.986534 -0.163557 -0.000000
f 4713/1/1207 4714/2/1207 4715/3/1207 4716/4/1207
usemtl silver
v 0.333034 0.240786 0.891667
v 0.335930 0.205064 0.896000
v 0.335930 0.205064 0.910000
v 0.333034 0.240786 0.905667
vn -0.996731 -0.080797 0.000000
f 4717/1/1208 4718/2/1208 4719/3/1208 4720/4/1208
usemtl white
v 0.335930 0.205064 0.896000
v 0.340250 0.169963 0.900333
v 0.214890 0.269443 0.856333
v 0.213490 0.321623 0.852000
vn 0.278939 -0.072043 -0.957603
f 4721/1/1209 4722/2/1209 4723/3/1209 4724/4/1209
usemtl white
v 0.213490 0.321623 0.866000
v 0.214890 0.269443 0.870333
v 0.340250 0.169963 0.914333
v 0.335930 0.205064 0.910000
vn -0.278939 0.072043 0.957603
f 4725/1/1210 4726/2/1210 4727/3/1210 4728/4/1210
usemtl silver
v 0.213490 0.321623 0.866000
v 0.214890 0.269443 0.870333
v 0.214890 0.269443 0.856333
v 0.213490 0.321623 0.852000
vn 0.999640 0.026813 -0.000000
f 4729/1/1211 4730/2/1211 4731/3/1211 4732/4/1211
usemtl silver
v 0.335930 0.205064 0.896000
v 0.340250 0.169963 0.900333
v 0.340250 0.169963 0.914333
v 0.335930 0.205064 0.910000
vn -0.992512 -0.122144 0.000000
f 4733/1/1212 4734/2/1212 4735/3/1212 4736/4/1212
usemtl white
v 0.340250 0.169963 0.900333
v 0.346079 0.135319 0.904667
v 0.226669 0.213688 0.860667
v 0.214890 0.269443 0.856333
vn 0.345832 0.000138 -0.938296
f 4737/1/1213 4738/2/1213 4739/3/1213 4740/4/1213
usemtl white
v 0.214890 0.269443 0.870333
v 0.226669 0.213688 0.874667
v 0.346079 0.135319 0.918667
v 0.340250 0.169963 0.914333
vn -0.345832 -0.000138 0.938296
f 4741/1/1214 4742/2/1214 4743/3/1214 4744/4/1214
usemtl silver
v 0.214890 0.269443 0.870333
v 0.226669 0.213688 0.874667
v 0.226669 0.213688 0.860667
v 0.214890 0.269443 0.856333
vn 0.978403 0.206709 -0.000000
f 4745/1/1215 4746/2/1215 4747/3/1215 4748/4/1215
usemtl silver
v 0.340250 0.169963 0.900333
v 0.346079 0.135319 0.904667
v 0.346079 0.135319 0.918667
v 0.340250 0.169963 0.914333
vn -0.986136 -0.165937 0.000000
f 4749/1/1216 4750/2/1216 4751/3/1216 4752/4/1216
usemtl white
v 0.346079 0.135319 0.904667
v 0.353951 0.100883 0.909000
v 0.249340 0.156788 0.865000
v 0.226669 0.213688 0.860667
vn 0.432336 0.104043 -0.895690
f 4753/1/1217 4754/2/1217 4755/3/1217 4756/4/1217
usemtl white
v 0.226669 0.213688 0.874667
v 0.249340 0.156788 0.879000
v 0.353951 0.100883 0.923000
v 0.346079 0.135319 0.918667
vn -0.432336 -0.104043 0.895690
f 4757/1/1218 4758/2/1218 4759/3/1218 4760/4/1218
usemtl silver
v 0.226669 0.213688 0.874667
v 0.249340 0.156788 0.879000
v 0.249340 0.156788 0.865000
v 0.226669 0.213688 0.860667
vn 0.928979 0.370132 -0.000000
f 4761/1/1219 4762/2/1219 4763/3/1219 4764/4/1219
usemtl silver
v 0.346079 0.135319 0.904667
v 0.353951 0.100883 0.909000
v 0.353951 0.100883 0.923000
v 0.346079 0.135319 0.918667
vn -0.974858 -0.222828 0.000000
f 4765/1/1220 4766/2/1220 4767/3/1220 4768/4/1220
usemtl silver
v 0.425734 0.510466 0.827000
v 0.425734 0.489534 0.871000
v 0.425734 0.489534 0.857000
v 0.425734 0.510466 0.813000
vn 1.000000 -0.000000 -0.000000
f 4769/1/1221 4770/2/1221 4771/3/1221 4772/4/1221
usemtl silver
v 0.249340 0.156788 0.865000
v 0.353951 0.100883 0.909000
v 0.353951 0.100883 0.923000
v 0.249340 0.156788 0.879000
vn -0.471328 -0.881958 0.000000
f 4773/1/1222 4774/2/1222 4775/3/1222 4776/4/1222
usemtl black
v 0.510466 0.425734 0.857000
v 0.527926 0.399647 0.861333
v 0.490491 0.396268 0.817333
v 0.489534 0.425734 0.813000
vn 0.762422 -0.069844 -0.643300
f 4777/1/1223 4778/2/1223 4779/3/1223 4780/4/1223
usemtl black
v 0.489534 0.425734 0.827000
v 0.490491 0.396268 0.831333
v 0.527926 0.399647 0.875333
v 0.510466 0.425734 0.871000
vn -0.762422 0.069844 0.643300
f 4781/1/1224 4782/2/1224 4783/3/1224 4784/4/1224
usemtl silver
v 0.489534 0.425734 0.827000
v 0.490491 0.396268 0.831333
v 0.490491 0.396268 0.817333
v 0.489534 0.425734 0.813000
vn 0.999473 0.032462 -0.000000
f 4785/1/1225 4786/2/1225 4787/3/1225 4788/4/1225
usemtl silver
v 0.510466 0.425734 0.857000
v 0.527926 0.399647 0.861333
v 0.527926 0.399647 0.875333
v 0.510466 0.425734 0.871000
vn -0.831036 -0.556219 0.000000
f 4789/1/1226 4790/2/1226 4791/3/1226 4792/4/1226
usemtl black
v 0.527926 0.399647 0.861333
v 0.551922 0.377192 0.865667
v 0.494668 0.366773 0.821667
v 0.490491 0.396268 0.817333
vn 0.612435 -0.029334 -0.789976
f 4793/1/1227 4794/2/1227 4795/3/1227 4796/4/1227
usemtl black
v 0.490491 0.396268 0.831333
v 0.494668 0.366773 0.835667
v 0.551922 0.377192 0.879667
v 0.527926 0.399647 0.875333
vn -0.612435 0.029334 0.789976
f 4797/1/1228 4798/2/1228 4799/3/1228 4800/4/1228
usemtl silver
v 0.490491 0.396268 0.831333
v 0.494668 0.366773 0.835667
v 0.494668 0.366773 0.821667
v 0.490491 0.396268 0.817333
vn 0.990121 0.140213 -0.000000
f 4801/1/1229 4802/2/1229 4803/3/1229 4804/4/1229
usemtl silver
v 0.527926 0.399647 0.861333
v 0.551922 0.377192 0.865667
v 0.551922 0.377192 0.879667
v 0.527926 0.399647 0.875333
vn -0.683263 -0.730173 0.000000
f 4805/1/1230 4806/2/1230 4807/3/1230 4808/4/1230
usemtl black
v 0.551922 0.377192 0.865667
v 0.581185 0.359233 0.870000
v 0.502740 0.337523 0.826000
v 0.494668 0.366773 0.821667
vn 0.488062 0.005386 -0.872793
f 4809/1/1231 4810/2/1231 4811/3/1231 4812/4/1231
usemtl black
v 0.494668 0.366773 0.835667
v 0.502740 0.337523 0.840000
v 0.581185 0.359233 0.884000
v 0.551922 0.377192 0.879667
vn -0.488062 -0.005386 0.872793
f 4813/1/1232 4814/2/1232 4815/3/1232 4816/4/1232
usemtl silver
v 0.494668 0.366773 0.835667
v 0.502740 0.337523 0.840000
v 0.502740 0.337523 0.826000
v 0.494668 0.366773 0.821667
vn 0.963967 0.266020 -0.000000
f 4817/1/1233 4818/2/1233 4819/3/1233 4820/4/1233
usemtl silver
v 0.551922 0.377192 0.865667
v 0.581185 0.359233 0.870000
v 0.581185 0.359233 0.884000
v 0.551922 0.377192 0.879667
vn -0.523057 -0.852298 0.000000
f 4821/1/1234 4822/2/1234 4823/3/1234 4824/4/1234
usemtl black
v 0.581185 0.359233 0.870000
v 0.614242 0.346101 0.874333
v 0.515591 0.308969 0.830333
v 0.502740 0.337523 0.826000
vn 0.394933 0.038445 -0.917905
f 4825/1/1235 4826/2/1235 4827/3/1235 4828/4/1235
usemtl black
v 0.502740 0.337523 0.840000
v 0.515591 0.308969 0.844333
v 0.614242 0.346101 0.888333
v 0.581185 0.359233 0.884000
vn -0.394933 -0.038445 0.917905
f 4829/1/1236 4830/2/1236 4831/3/1236 4832/4/1236
usemtl silver
v 0.502740 0.337523 0.840000
v 0.515591 0.308969 0.844333
v 0.515591 0.308969 0.830333
v 0.502740 0.337523 0.826000
vn 0.911902 0.410409 -0.000000
f 4833/1/1237 4834/2/1237 4835/3/1237 4836/4/1237
usemtl silver
v 0.581185 0.359233 0.870000
v 0.614242 0.346101 0.874333
v 0.614242 0.346101 0.888333
v 0.581185 0.359233 0.884000
vn -0.369208 -0.929347 0.000000
f 4837/1/1238 4838/2/1238 4839/3/1238 4840/4/1238
usemtl black
v 0.614242 0.346101 0.874333
v 0.649645 0.337600 0.878667
v 0.534191 0.281830 0.834667
v 0.515591 0.308969 0.830333
vn 0.324669 0.071926 -0.943089
f 4841/1/1239 4842/2/1239 4843/3/1239 4844/4/1239
usemtl black
v 0.515591 0.308969 0.844333
v 0.534191 0.281830 0.848667
v 0.649645 0.337600 0.892667
v 0.614242 0.346101 0.888333
vn -0.324669 -0.071926 0.943089
f 4845/1/1240 4846/2/1240 4847/3/1240 4848/4/1240
usemtl silver
v 0.515591 0.308969 0.844333
v 0.534191 0.281830 0.848667
v 0.534191 0.281830 0.834667
v 0.515591 0.308969 0.830333
vn 0.824871 0.565321 -0.000000
f 4849/1/1241 4850/2/1241 4851/3/1241 4852/4/1241
usemtl silver
v 0.614242 0.346101 0.874333
v 0.649645 0.337600 0.878667
v 0.649645 0.337600 0.892667
v 0.614242 0.346101 0.888333
vn -0.233461 -0.972366 0.000000
f 4853/1/1242 4854/2/1242 4855/3/1242 4856/4/1242
usemtl black
v 0.649645 0.337600 0.878667
v 0.686161 0.333134 0.883000
v 0.559426 0.257166 0.839000
v 0.534191 0.281830 0.834667
vn 0.268521 0.106531 -0.957365
f 4857/1/1243 4858/2/1243 4859/3/1243 4860/4/1243
usemtl black
v 0.534191 0.281830 0.848667
v 0.559426 0.257166 0.853000
v 0.686161 0.333134 0.897000
v 0.649645 0.337600 0.892667
vn -0.268521 -0.106531 0.957365
f 4861/1/1244 4862/2/1244 4863/3/1244 4864/4/1244
usemtl silver
v 0.534191 0.281830 0.848667
v 0.559426 0.257166 0.853000
v 0.559426 0.257166 0.839000
v 0.534191 0.281830 0.834667
vn 0.698973 0.715148 -0.000000
f 4865/1/1245 4866/2/1245 4867/3/1245 4868/4/1245
usemtl silver
v 0.649645 0.337600 0.878667
v 0.686161 0.333134 0.883000
v 0.686161 0.333134 0.897000
v 0.649645 0.337600 0.892667
vn -0.121404 -0.992603 0.000000
f 4869/1/1246 4870/2/1246 4871/3/1246 4872/4/1246
usemtl black
v 0.686161 0.333134 0.883000
v 0.722872 0.331887 0.887333
v 0.591901 0.236394 0.843333
v 0.559426 0.257166 0.839000
vn 0.220085 0.142774 -0.964976
f 4873/1/1247 4874/2/1247 4875/3/1247 4876/4/1247
usemtl black
v 0.559426 0.257166 0.853000
v 0.591901 0.236394 0.857333
v 0.722872 0.331887 0.901333
v 0.686161 0.333134 0.897000
vn -0.220085 -0.142774 0.964976
f 4877/1/1248 4878/2/1248 4879/3/1248 4880/4/1248
usemtl silver
v 0.559426 0.257166 0.853000
v 0.591901 0.236394 0.857333
v 0.591901 0.236394 0.843333
v 0.559426 0.257166 0.839000
vn 0.538832 0.842413 -0.000000
f 4881/1/1249 4882/2/1249 4883/3/1249 4884/4/1249
usemtl silver
v 0.686161 0.333134 0.883000
v 0.722872 0.331887 0.887333
v 0.722872 0.331887 0.901333
v 0.686161 0.333134 0.897000
vn -0.033953 -0.999423 0.000000
f 4885/1/1250 4886/2/1250 4887/3/1250 4888/4/1250
usemtl black
v 0.722872 0.331887 0.887333
v 0.759214 0.333034 0.891667
v 0.631732 0.221224 0.847667
v 0.591901 0.236394 0.843333
vn 0.174530 0.181827 -0.967718
f 4889/1/1251 4890/2/1251 4891/3/1251 4892/4/1251
usemtl black
v 0.591901 0.236394 0.857333
v 0.631732 0.221224 0.861667
v 0.759214 0.333034 0.905667
v 0.722872 0.331887 0.901333
vn -0.174530 -0.181827 0.967718
f 4893/1/1252 4894/2/1252 4895/3/1252 4896/4/1252
usemtl silver
v 0.591901 0.236394 0.857333
v 0.631732 0.221224 0.861667
v 0.631732 0.221224 0.847667
v 0.591901 0.236394 0.843333
vn 0.355914 0.934519 -0.000000
f 4897/1/1253 4898/2/1253 4899/3/1253 4900/4/1253
usemtl silver
v 0.722872 0.331887 0.887333
v 0.759214 0.333034 0.891667
v 0.759214 0.333034 0.905667
v 0.722872 0.331887 0.901333
vn 0.031554 -0.999502 0.000000
f 4901/1/1254 4902/2/1254 4903/3/1254 4904/4/1254
usemtl black
v 0.759214 0.333034 0.891667
v 0.794936 0.335930 0.896000
v 0.678377 0.213490 0.852000
v 0.631732 0.221224 0.847667
vn 0.127188 0.225989 -0.965791
f 4905/1/1255 4906/2/1255 4907/3/1255 4908/4/1255
usemtl black
v 0.631732 0.221224 0.861667
v 0.678377 0.213490 0.866000
v 0.794936 0.335930 0.910000
v 0.759214 0.333034 0.905667
vn -0.127188 -0.225989 0.965791
f 4909/1/1256 4910/2/1256 4911/3/1256 4912/4/1256
usemtl silver
v 0.631732 0.221224 0.861667
v 0.678377 0.213490 0.866000
v 0.678377 0.213490 0.852000
v 0.631732 0.221224 0.847667
vn 0.163557 0.986534 -0.000000
f 4913/1/1257 4914/2/1257 4915/3/1257 4916/4/1257
usemtl silver
v 0.759214 0.333034 0.891667
v 0.794936 0.335930 0.896000
v 0.794936 0.335930 0.910000
v 0.759214 0.333034 0.905667
vn 0.080797 -0.996731 0.000000
f 4917/1/1258 4918/2/1258 4919/3/1258 4920/4/1258
usemtl black
v 0.794936 0.335930 0.896000
v 0.830037 0.340250 0.900333
v 0.730557 0.214890 0.856333
v 0.678377 0.213490 0.852000
vn 0.072043 0.278939 -0.957603
f 4921/1/1259 4922/2/1259 4923/3/1259 4924/4/1259
usemtl black
v 0.678377 0.213490 0.866000
v 0.730557 0.214890 0.870333
v 0.830037 0.340250 0.914333
v 0.794936 0.335930 0.910000
vn -0.072043 -0.278939 0.957603
f 4925/1/1260 4926/2/1260 4927/3/1260 4928/4/1260
usemtl silver
v 0.678377 0.213490 0.866000
v 0.730557 0.214890 0.870333
v 0.730557 0.214890 0.856333
v 0.678377 0.213490 0.852000
vn -0.026813 0.999640 -0.000000
f 4929/1/1261 4930/2/1261 4931/3/1261 4932/4/1261
usemtl silver
v 0.794936 0.335930 0.896000
v 0.830037 0.340250 0.900333
v 0.830037 0.340250 0.914333
v 0.794936 0.335930 0.910000
vn 0.122144 -0.992512 0.000000
f 4933/1/1262 4934/2/1262 4935/3/1262 4936/4/1262
usemtl black
v 0.830037 0.340250 0.900333
v 0.864681 0.346079 0.904667
v 0.786312 0.226669 0.860667
v 0.730557 0.214890 0.856333
vn -0.000138 0.345832 -0.938296
f 4937/1/1263 4938/2/1263 4939/3/1263 4940/4/1263
usemtl black
v 0.730557 0.214890 0.870333
v 0.786312 0.226669 0.874667
v 0.864681 0.346079 0.918667
v 0.830037 0.340250 0.914333
vn 0.000138 -0.345832 0.938296
f 4941/1/1264 4942/2/1264 4943/3/1264 4944/4/1264
usemtl silver
v 0.730557 0.214890 0.870333
v 0.786312 0.226669 0.874667
v 0.786312 0.226669 0.860667
v 0.730557 0.214890 0.856333
vn -0.206709 0.978403 -0.000000
f 4945/1/1265 4946/2/1265 4947/3/1265 4948/4/1265
usemtl silver
v 0.830037 0.340250 0.900333
v 0.864681 0.346079 0.904667
v 0.864681 0.346079 0.918667
v 0.830037 0.340250 0.914333
vn 0.165937 -0.986136 0.000000
f 4949/1/1266 4950/2/1266 4951/3/1266 4952/4/1266
usemtl black
v 0.864681 0.346079 0.904667
v 0.899117 0.353951 0.909000
v 0.843212 0.249340 0.865000
v 0.786312 0.226669 0.860667
vn -0.104043 0.432336 -0.895690
f 4953/1/1267 4954/2/1267 4955/3/1267 4956/4/1267
usemtl black
v 0.786312 0.226669 0.874667
v 0.843212 0.249340 0.879000
v 0.899117 0.353951 0.923000
v 0.864681 0.346079 0.918667
vn 0.104043 -0.432336 0.895690
f 4957/1/1268 4958/2/1268 4959/3/1268 4960/4/1268
usemtl silver
v 0.786312 0.226669 0.874667
v 0.843212 0.249340 0.879000
v 0.843212 0.249340 0.865000
v 0.786312 0.226669 0.860667
vn -0.370132 0.928979 -0.000000
f 4961/1/1269 4962/2/1269 4963/3/1269 4964/4/1269
usemtl silver
v 0.864681 0.346079 0.904667
v 0.899117 0.353951 0.909000
v 0.899117 0.353951 0.923000
v 0.864681 0.346079 0.918667
vn 0.222828 -0.974858 0.000000
f 4965/1/1270 4966/2/1270 4967/3/1270 4968/4/1270
usemtl silver
v 0.489534 0.425734 0.827000
v 0.510466 0.425734 0.871000
v 0.510466 0.425734 0.857000
v 0.489534 0.425734 0.813000
vn -0.000000 1.000000 -0.000000
f 4969/1/1271 4970/2/1271 4971/3/1271 4972/4/1271
usemtl silver
v 0.843212 0.249340 0.865000
v 0.899117 0.353951 0.909000
v 0.899117 0.353951 0.923000
v 0.843212 0.249340 0.879000
vn 0.881958 -0.471328 0.000000
f 4973/1/1272 4974/2/1272 4975/3/1272 4976/4/1272
