# Generated by tools/generate_turbine_assets.py
mtllib waterturbine:models/block/turbine.mtl
vt 0.25 0.25
vt 0.75 0.25
vt 0.75 0.75
vt 0.25 0.75
usemtl white
v 0.500000 0.500000 0.160000
v 0.640059 0.537529 0.160000
v 0.645000 0.500000 0.160000
vn 0.000000 0.000000 -1.000000
f 1/1/1 2/2/1 3/3/1
usemtl white
v 0.500000 0.500000 0.160000
v 0.625574 0.572500 0.160000
v 0.640059 0.537529 0.160000
vn 0.000000 0.000000 -1.000000
f 4/1/2 5/2/2 6/3/2
usemtl white
v 0.500000 0.500000 0.160000
v 0.602530 0.602530 0.160000
v 0.625574 0.572500 0.160000
vn 0.000000 0.000000 -1.000000
f 7/1/3 8/2/3 9/3/3
usemtl white
v 0.500000 0.500000 0.160000
v 0.572500 0.625574 0.160000
v 0.602530 0.602530 0.160000
vn 0.000000 0.000000 -1.000000
f 10/1/4 11/2/4 12/3/4
usemtl white
v 0.500000 0.500000 0.160000
v 0.537529 0.640059 0.160000
v 0.572500 0.625574 0.160000
vn 0.000000 0.000000 -1.000000
f 13/1/5 14/2/5 15/3/5
usemtl white
v 0.500000 0.500000 0.160000
v 0.500000 0.645000 0.160000
v 0.537529 0.640059 0.160000
vn 0.000000 0.000000 -1.000000
f 16/1/6 17/2/6 18/3/6
usemtl white
v 0.500000 0.500000 0.160000
v 0.462471 0.640059 0.160000
v 0.500000 0.645000 0.160000
vn 0.000000 0.000000 -1.000000
f 19/1/7 20/2/7 21/3/7
usemtl white
v 0.500000 0.500000 0.160000
v 0.427500 0.625574 0.160000
v 0.462471 0.640059 0.160000
vn 0.000000 0.000000 -1.000000
f 22/1/8 23/2/8 24/3/8
usemtl white
v 0.500000 0.500000 0.160000
v 0.397470 0.602530 0.160000
v 0.427500 0.625574 0.160000
vn 0.000000 0.000000 -1.000000
f 25/1/9 26/2/9 27/3/9
usemtl white
v 0.500000 0.500000 0.160000
v 0.374426 0.572500 0.160000
v 0.397470 0.602530 0.160000
vn 0.000000 0.000000 -1.000000
f 28/1/10 29/2/10 30/3/10
usemtl white
v 0.500000 0.500000 0.160000
v 0.359941 0.537529 0.160000
v 0.374426 0.572500 0.160000
vn 0.000000 0.000000 -1.000000
f 31/1/11 32/2/11 33/3/11
usemtl white
v 0.500000 0.500000 0.160000
v 0.355000 0.500000 0.160000
v 0.359941 0.537529 0.160000
vn 0.000000 0.000000 -1.000000
f 34/1/12 35/2/12 36/3/12
usemtl white
v 0.500000 0.500000 0.160000
v 0.359941 0.462471 0.160000
v 0.355000 0.500000 0.160000
vn -0.000000 0.000000 -1.000000
f 37/1/13 38/2/13 39/3/13
usemtl white
v 0.500000 0.500000 0.160000
v 0.374426 0.427500 0.160000
v 0.359941 0.462471 0.160000
vn 0.000000 0.000000 -1.000000
f 40/1/14 41/2/14 42/3/14
usemtl white
v 0.500000 0.500000 0.160000
v 0.397470 0.397470 0.160000
v 0.374426 0.427500 0.160000
vn 0.000000 0.000000 -1.000000
f 43/1/15 44/2/15 45/3/15
usemtl white
v 0.500000 0.500000 0.160000
v 0.427500 0.374426 0.160000
v 0.397470 0.397470 0.160000
vn 0.000000 0.000000 -1.000000
f 46/1/16 47/2/16 48/3/16
usemtl white
v 0.500000 0.500000 0.160000
v 0.462471 0.359941 0.160000
v 0.427500 0.374426 0.160000
vn 0.000000 0.000000 -1.000000
f 49/1/17 50/2/17 51/3/17
usemtl white
v 0.500000 0.500000 0.160000
v 0.500000 0.355000 0.160000
v 0.462471 0.359941 0.160000
vn 0.000000 -0.000000 -1.000000
f 52/1/18 53/2/18 54/3/18
usemtl white
v 0.500000 0.500000 0.160000
v 0.537529 0.359941 0.160000
v 0.500000 0.355000 0.160000
vn 0.000000 0.000000 -1.000000
f 55/1/19 56/2/19 57/3/19
usemtl white
v 0.500000 0.500000 0.160000
v 0.572500 0.374426 0.160000
v 0.537529 0.359941 0.160000
vn 0.000000 0.000000 -1.000000
f 58/1/20 59/2/20 60/3/20
usemtl white
v 0.500000 0.500000 0.160000
v 0.602530 0.397470 0.160000
v 0.572500 0.374426 0.160000
vn 0.000000 0.000000 -1.000000
f 61/1/21 62/2/21 63/3/21
usemtl white
v 0.500000 0.500000 0.160000
v 0.625574 0.427500 0.160000
v 0.602530 0.397470 0.160000
vn 0.000000 0.000000 -1.000000
f 64/1/22 65/2/22 66/3/22
usemtl white
v 0.500000 0.500000 0.160000
v 0.640059 0.462471 0.160000
v 0.625574 0.427500 0.160000
vn 0.000000 0.000000 -1.000000
f 67/1/23 68/2/23 69/3/23
usemtl white
v 0.500000 0.500000 0.160000
v 0.645000 0.500000 0.160000
v 0.640059 0.462471 0.160000
vn 0.000000 0.000000 -1.000000
f 70/1/24 71/2/24 72/3/24
usemtl white
v 0.645000 0.500000 0.160000
v 0.640059 0.537529 0.160000
v 0.688356 0.550470 0.220000
v 0.695000 0.500000 0.220000
vn 0.764322 0.100625 -0.636935
f 73/1/25 74/2/25 75/3/25 76/4/25
usemtl white
v 0.640059 0.537529 0.160000
v 0.625574 0.572500 0.160000
v 0.668875 0.597500 0.220000
v 0.688356 0.550470 0.220000
vn 0.712235 0.295017 -0.636935
f 77/1/26 78/2/26 79/3/26 80/4/26
usemtl white
v 0.625574 0.572500 0.160000
v 0.602530 0.602530 0.160000
v 0.637886 0.637886 0.220000
v 0.668875 0.597500 0.220000
vn 0.611610 0.469305 -0.636935
f 81/1/27 82/2/27 83/3/27 84/4/27
usemtl white
v 0.602530 0.602530 0.160000
v 0.572500 0.625574 0.160000
v 0.597500 0.668875 0.220000
v 0.637886 0.637886 0.220000
vn 0.469305 0.611610 -0.636935
f 85/1/28 86/2/28 87/3/28 88/4/28
usemtl white
v 0.572500 0.625574 0.160000
v 0.537529 0.640059 0.160000
v 0.550470 0.688356 0.220000
v 0.597500 0.668875 0.220000
vn 0.295017 0.712235 -0.636935
f 89/1/29 90/2/29 91/3/29 92/4/29
usemtl white
v 0.537529 0.640059 0.160000
v 0.500000 0.645000 0.160000
v 0.500000 0.695000 0.220000
v 0.550470 0.688356 0.220000
vn 0.100625 0.764322 -0.636935
f 93/1/30 94/2/30 95/3/30 96/4/30
usemtl white
v 0.500000 0.645000 0.160000
v 0.462471 0.640059 0.160000
v 0.449530 0.688356 0.220000
v 0.500000 0.695000 0.220000
vn -0.100625 0.764322 -0.636935
f 97/1/31 98/2/31 99/3/31 100/4/31
usemtl white
v 0.462471 0.640059 0.160000
v 0.427500 0.625574 0.160000
v 0.402500 0.668875 0.220000
v 0.449530 0.688356 0.220000
vn -0.295017 0.712235 -0.636935
f 101/1/32 102/2/32 103/3/32 104/4/32
usemtl white
v 0.427500 0.625574 0.160000
v 0.397470 0.602530 0.160000
v 0.362114 0.637886 0.220000
v 0.402500 0.668875 0.220000
vn -0.469305 0.611610 -0.636935
f 105/1/33 106/2/33 107/3/33 108/4/33
usemtl white
v 0.397470 0.602530 0.160000
v 0.374426 0.572500 0.160000
v 0.331125 0.597500 0.220000
v 0.362114 0.637886 0.220000
vn -0.611610 0.469305 -0.636935
f 109/1/34 110/2/34 111/3/34 112/4/34
usemtl white
v 0.374426 0.572500 0.160000
v 0.359941 0.537529 0.160000
v 0.311644 0.550470 0.220000
v 0.331125 0.597500 0.220000
vn -0.712235 0.295017 -0.636935
f 113/1/35 114/2/35 115/3/35 116/4/35
usemtl white
v 0.359941 0.537529 0.160000
v 0.355000 0.500000 0.160000
v 0.305000 0.500000 0.220000
v 0.311644 0.550470 0.220000
vn -0.764322 0.100625 -0.636935
f 117/1/36 118/2/36 119/3/36 120/4/36
usemtl white
v 0.355000 0.500000 0.160000
v 0.359941 0.462471 0.160000
v 0.311644 0.449530 0.220000
v 0.305000 0.500000 0.220000
vn -0.764322 -0.100625 -0.636935
f 121/1/37 122/2/37 123/3/37 124/4/37
usemtl white
v 0.359941 0.462471 0.160000
v 0.374426 0.427500 0.160000
v 0.331125 0.402500 0.220000
v 0.311644 0.449530 0.220000
vn -0.712235 -0.295017 -0.636935
f 125/1/38 126/2/38 127/3/38 128/4/38
usemtl white
v 0.374426 0.427500 0.160000
v 0.397470 0.397470 0.160000
v 0.362114 0.362114 0.220000
v 0.331125 0.402500 0.220000
vn -0.611610 -0.469305 -0.636935
f 129/1/39 130/2/39 131/3/39 132/4/39
usemtl white
v 0.397470 0.397470 0.160000
v 0.427500 0.374426 0.160000
v 0.402500 0.331125 0.220000
v 0.362114 0.362114 0.220000
vn -0.469305 -0.611610 -0.636935
f 133/1/40 134/2/40 135/3/40 136/4/40
usemtl white
v 0.427500 0.374426 0.160000
v 0.462471 0.359941 0.160000
v 0.449530 0.311644 0.220000
v 0.402500 0.331125 0.220000
vn -0.295017 -0.712235 -0.636935
f 137/1/41 138/2/41 139/3/41 140/4/41
usemtl white
v 0.462471 0.359941 0.160000
v 0.500000 0.355000 0.160000
v 0.500000 0.305000 0.220000
v 0.449530 0.311644 0.220000
vn -0.100625 -0.764322 -0.636935
f 141/1/42 142/2/42 143/3/42 144/4/42
usemtl white
v 0.500000 0.355000 0.160000
v 0.537529 0.359941 0.160000
v 0.550470 0.311644 0.220000
v 0.500000 0.305000 0.220000
vn 0.100625 -0.764322 -0.636935
f 145/1/43 146/2/43 147/3/43 148/4/43
usemtl white
v 0.537529 0.359941 0.160000
v 0.572500 0.374426 0.160000
v 0.597500 0.331125 0.220000
v 0.550470 0.311644 0.220000
vn 0.295017 -0.712235 -0.636935
f 149/1/44 150/2/44 151/3/44 152/4/44
usemtl white
v 0.572500 0.374426 0.160000
v 0.602530 0.397470 0.160000
v 0.637886 0.362114 0.220000
v 0.597500 0.331125 0.220000
vn 0.469305 -0.611610 -0.636935
f 153/1/45 154/2/45 155/3/45 156/4/45
usemtl white
v 0.602530 0.397470 0.160000
v 0.625574 0.427500 0.160000
v 0.668875 0.402500 0.220000
v 0.637886 0.362114 0.220000
vn 0.611610 -0.469305 -0.636935
f 157/1/46 158/2/46 159/3/46 160/4/46
usemtl white
v 0.625574 0.427500 0.160000
v 0.640059 0.462471 0.160000
v 0.688356 0.449530 0.220000
v 0.668875 0.402500 0.220000
vn 0.712235 -0.295017 -0.636935
f 161/1/47 162/2/47 163/3/47 164/4/47
usemtl white
v 0.640059 0.462471 0.160000
v 0.645000 0.500000 0.160000
v 0.695000 0.500000 0.220000
v 0.688356 0.449530 0.220000
vn 0.764322 -0.100625 -0.636935
f 165/1/48 166/2/48 167/3/48 168/4/48
usemtl white
v 0.695000 0.500000 0.220000
v 0.688356 0.550470 0.220000
v 0.717333 0.558234 0.300000
v 0.725000 0.500000 0.300000
vn 0.929295 0.122344 -0.348486
f 169/1/49 170/2/49 171/3/49 172/4/49
usemtl white
v 0.688356 0.550470 0.220000
v 0.668875 0.597500 0.220000
v 0.694856 0.612500 0.300000
v 0.717333 0.558234 0.300000
vn 0.865965 0.358695 -0.348486
f 173/1/50 174/2/50 175/3/50 176/4/50
usemtl white
v 0.668875 0.597500 0.220000
v 0.637886 0.637886 0.220000
v 0.659099 0.659099 0.300000
v 0.694856 0.612500 0.300000
vn 0.743621 0.570601 -0.348486
f 177/1/51 178/2/51 179/3/51 180/4/51
usemtl white
v 0.637886 0.637886 0.220000
v 0.597500 0.668875 0.220000
v 0.612500 0.694856 0.300000
v 0.659099 0.659099 0.300000
vn 0.570601 0.743621 -0.348486
f 181/1/52 182/2/52 183/3/52 184/4/52
usemtl white
v 0.597500 0.668875 0.220000
v 0.550470 0.688356 0.220000
v 0.558234 0.717333 0.300000
v 0.612500 0.694856 0.300000
vn 0.358695 0.865965 -0.348486
f 185/1/53 186/2/53 187/3/53 188/4/53
usemtl white
v 0.550470 0.688356 0.220000
v 0.500000 0.695000 0.220000
v 0.500000 0.725000 0.300000
v 0.558234 0.717333 0.300000
vn 0.122344 0.929295 -0.348486
f 189/1/54 190/2/54 191/3/54 192/4/54
usemtl white
v 0.500000 0.695000 0.220000
v 0.449530 0.688356 0.220000
v 0.441766 0.717333 0.300000
v 0.500000 0.725000 0.300000
vn -0.122344 0.929295 -0.348486
f 193/1/55 194/2/55 195/3/55 196/4/55
usemtl white
v 0.449530 0.688356 0.220000
v 0.402500 0.668875 0.220000
v 0.387500 0.694856 0.300000
v 0.441766 0.717333 0.300000
vn -0.358695 0.865965 -0.348486
f 197/1/56 198/2/56 199/3/56 200/4/56
usemtl white
v 0.402500 0.668875 0.220000
v 0.362114 0.637886 0.220000
v 0.340901 0.659099 0.300000
v 0.387500 0.694856 0.300000
vn -0.570601 0.743621 -0.348486
f 201/1/57 202/2/57 203/3/57 204/4/57
usemtl white
v 0.362114 0.637886 0.220000
v 0.331125 0.597500 0.220000
v 0.305144 0.612500 0.300000
v 0.340901 0.659099 0.300000
vn -0.743621 0.570601 -0.348486
f 205/1/58 206/2/58 207/3/58 208/4/58
usemtl white
v 0.331125 0.597500 0.220000
v 0.311644 0.550470 0.220000
v 0.282667 0.558234 0.300000
v 0.305144 0.612500 0.300000
vn -0.865965 0.358695 -0.348486
f 209/1/59 210/2/59 211/3/59 212/4/59
usemtl white
v 0.311644 0.550470 0.220000
v 0.305000 0.500000 0.220000
v 0.275000 0.500000 0.300000
v 0.282667 0.558234 0.300000
vn -0.929295 0.122344 -0.348486
f 213/1/60 214/2/60 215/3/60 216/4/60
usemtl white
v 0.305000 0.500000 0.220000
v 0.311644 0.449530 0.220000
v 0.282667 0.441766 0.300000
v 0.275000 0.500000 0.300000
vn -0.929295 -0.122344 -0.348486
f 217/1/61 218/2/61 219/3/61 220/4/61
usemtl white
v 0.311644 0.449530 0.220000
v 0.331125 0.402500 0.220000
v 0.305144 0.387500 0.300000
v 0.282667 0.441766 0.300000
vn -0.865965 -0.358695 -0.348486
f 221/1/62 222/2/62 223/3/62 224/4/62
usemtl white
v 0.331125 0.402500 0.220000
v 0.362114 0.362114 0.220000
v 0.340901 0.340901 0.300000
v 0.305144 0.387500 0.300000
vn -0.743621 -0.570601 -0.348486
f 225/1/63 226/2/63 227/3/63 228/4/63
usemtl white
v 0.362114 0.362114 0.220000
v 0.402500 0.331125 0.220000
v 0.387500 0.305144 0.300000
v 0.340901 0.340901 0.300000
vn -0.570601 -0.743621 -0.348486
f 229/1/64 230/2/64 231/3/64 232/4/64
usemtl white
v 0.402500 0.331125 0.220000
v 0.449530 0.311644 0.220000
v 0.441766 0.282667 0.300000
v 0.387500 0.305144 0.300000
vn -0.358695 -0.865965 -0.348486
f 233/1/65 234/2/65 235/3/65 236/4/65
usemtl white
v 0.449530 0.311644 0.220000
v 0.500000 0.305000 0.220000
v 0.500000 0.275000 0.300000
v 0.441766 0.282667 0.300000
vn -0.122344 -0.929295 -0.348486
f 237/1/66 238/2/66 239/3/66 240/4/66
usemtl white
v 0.500000 0.305000 0.220000
v 0.550470 0.311644 0.220000
v 0.558234 0.282667 0.300000
v 0.500000 0.275000 0.300000
vn 0.122344 -0.929295 -0.348486
f 241/1/67 242/2/67 243/3/67 244/4/67
usemtl white
v 0.550470 0.311644 0.220000
v 0.597500 0.331125 0.220000
v 0.612500 0.305144 0.300000
v 0.558234 0.282667 0.300000
vn 0.358695 -0.865965 -0.348486
f 245/1/68 246/2/68 247/3/68 248/4/68
usemtl white
v 0.597500 0.331125 0.220000
v 0.637886 0.362114 0.220000
v 0.659099 0.340901 0.300000
v 0.612500 0.305144 0.300000
vn 0.570601 -0.743621 -0.348486
f 249/1/69 250/2/69 251/3/69 252/4/69
usemtl white
v 0.637886 0.362114 0.220000
v 0.668875 0.402500 0.220000
v 0.694856 0.387500 0.300000
v 0.659099 0.340901 0.300000
vn 0.743621 -0.570601 -0.348486
f 253/1/70 254/2/70 255/3/70 256/4/70
usemtl white
v 0.668875 0.402500 0.220000
v 0.688356 0.449530 0.220000
v 0.717333 0.441766 0.300000
v 0.694856 0.387500 0.300000
vn 0.865965 -0.358695 -0.348486
f 257/1/71 258/2/71 259/3/71 260/4/71
usemtl white
v 0.688356 0.449530 0.220000
v 0.695000 0.500000 0.220000
v 0.725000 0.500000 0.300000
v 0.717333 0.441766 0.300000
vn 0.929295 -0.122344 -0.348486
f 261/1/72 262/2/72 263/3/72 264/4/72
usemtl white
v 0.725000 0.500000 0.300000
v 0.717333 0.558234 0.300000
v 0.717333 0.558234 0.500000
v 0.725000 0.500000 0.500000
vn 0.991445 0.130526 0.000000
f 265/1/73 266/2/73 267/3/73 268/4/73
usemtl white
v 0.717333 0.558234 0.300000
v 0.694856 0.612500 0.300000
v 0.694856 0.612500 0.500000
v 0.717333 0.558234 0.500000
vn 0.923880 0.382683 0.000000
f 269/1/74 270/2/74 271/3/74 272/4/74
usemtl white
v 0.694856 0.612500 0.300000
v 0.659099 0.659099 0.300000
v 0.659099 0.659099 0.500000
v 0.694856 0.612500 0.500000
vn 0.793353 0.608761 0.000000
f 273/1/75 274/2/75 275/3/75 276/4/75
usemtl white
v 0.659099 0.659099 0.300000
v 0.612500 0.694856 0.300000
v 0.612500 0.694856 0.500000
v 0.659099 0.659099 0.500000
vn 0.608761 0.793353 0.000000
f 277/1/76 278/2/76 279/3/76 280/4/76
usemtl white
v 0.612500 0.694856 0.300000
v 0.558234 0.717333 0.300000
v 0.558234 0.717333 0.500000
v 0.612500 0.694856 0.500000
vn 0.382683 0.923880 0.000000
f 281/1/77 282/2/77 283/3/77 284/4/77
usemtl white
v 0.558234 0.717333 0.300000
v 0.500000 0.725000 0.300000
v 0.500000 0.725000 0.500000
v 0.558234 0.717333 0.500000
vn 0.130526 0.991445 0.000000
f 285/1/78 286/2/78 287/3/78 288/4/78
usemtl white
v 0.500000 0.725000 0.300000
v 0.441766 0.717333 0.300000
v 0.441766 0.717333 0.500000
v 0.500000 0.725000 0.500000
vn -0.130526 0.991445 0.000000
f 289/1/79 290/2/79 291/3/79 292/4/79
usemtl white
v 0.441766 0.717333 0.300000
v 0.387500 0.694856 0.300000
v 0.387500 0.694856 0.500000
v 0.441766 0.717333 0.500000
vn -0.382683 0.923880 0.000000
f 293/1/80 294/2/80 295/3/80 296/4/80
usemtl white
v 0.387500 0.694856 0.300000
v 0.340901 0.659099 0.300000
v 0.340901 0.659099 0.500000
v 0.387500 0.694856 0.500000
vn -0.608761 0.793353 0.000000
f 297/1/81 298/2/81 299/3/81 300/4/81
usemtl white
v 0.340901 0.659099 0.300000
v 0.305144 0.612500 0.300000
v 0.305144 0.612500 0.500000
v 0.340901 0.659099 0.500000
vn -0.793353 0.608761 0.000000
f 301/1/82 302/2/82 303/3/82 304/4/82
usemtl white
v 0.305144 0.612500 0.300000
v 0.282667 0.558234 0.300000
v 0.282667 0.558234 0.500000
v 0.305144 0.612500 0.500000
vn -0.923880 0.382683 0.000000
f 305/1/83 306/2/83 307/3/83 308/4/83
usemtl white
v 0.282667 0.558234 0.300000
v 0.275000 0.500000 0.300000
v 0.275000 0.500000 0.500000
v 0.282667 0.558234 0.500000
vn -0.991445 0.130526 0.000000
f 309/1/84 310/2/84 311/3/84 312/4/84
usemtl white
v 0.275000 0.500000 0.300000
v 0.282667 0.441766 0.300000
v 0.282667 0.441766 0.500000
v 0.275000 0.500000 0.500000
vn -0.991445 -0.130526 0.000000
f 313/1/85 314/2/85 315/3/85 316/4/85
usemtl white
v 0.282667 0.441766 0.300000
v 0.305144 0.387500 0.300000
v 0.305144 0.387500 0.500000
v 0.282667 0.441766 0.500000
vn -0.923880 -0.382683 0.000000
f 317/1/86 318/2/86 319/3/86 320/4/86
usemtl white
v 0.305144 0.387500 0.300000
v 0.340901 0.340901 0.300000
v 0.340901 0.340901 0.500000
v 0.305144 0.387500 0.500000
vn -0.793353 -0.608761 0.000000
f 321/1/87 322/2/87 323/3/87 324/4/87
usemtl white
v 0.340901 0.340901 0.300000
v 0.387500 0.305144 0.300000
v 0.387500 0.305144 0.500000
v 0.340901 0.340901 0.500000
vn -0.608761 -0.793353 0.000000
f 325/1/88 326/2/88 327/3/88 328/4/88
usemtl white
v 0.387500 0.305144 0.300000
v 0.441766 0.282667 0.300000
v 0.441766 0.282667 0.500000
v 0.387500 0.305144 0.500000
vn -0.382683 -0.923880 0.000000
f 329/1/89 330/2/89 331/3/89 332/4/89
usemtl white
v 0.441766 0.282667 0.300000
v 0.500000 0.275000 0.300000
v 0.500000 0.275000 0.500000
v 0.441766 0.282667 0.500000
vn -0.130526 -0.991445 0.000000
f 333/1/90 334/2/90 335/3/90 336/4/90
usemtl white
v 0.500000 0.275000 0.300000
v 0.558234 0.282667 0.300000
v 0.558234 0.282667 0.500000
v 0.500000 0.275000 0.500000
vn 0.130526 -0.991445 0.000000
f 337/1/91 338/2/91 339/3/91 340/4/91
usemtl white
v 0.558234 0.282667 0.300000
v 0.612500 0.305144 0.300000
v 0.612500 0.305144 0.500000
v 0.558234 0.282667 0.500000
vn 0.382683 -0.923880 0.000000
f 341/1/92 342/2/92 343/3/92 344/4/92
usemtl white
v 0.612500 0.305144 0.300000
v 0.659099 0.340901 0.300000
v 0.659099 0.340901 0.500000
v 0.612500 0.305144 0.500000
vn 0.608761 -0.793353 0.000000
f 345/1/93 346/2/93 347/3/93 348/4/93
usemtl white
v 0.659099 0.340901 0.300000
v 0.694856 0.387500 0.300000
v 0.694856 0.387500 0.500000
v 0.659099 0.340901 0.500000
vn 0.793353 -0.608761 0.000000
f 349/1/94 350/2/94 351/3/94 352/4/94
usemtl white
v 0.694856 0.387500 0.300000
v 0.717333 0.441766 0.300000
v 0.717333 0.441766 0.500000
v 0.694856 0.387500 0.500000
vn 0.923880 -0.382683 0.000000
f 353/1/95 354/2/95 355/3/95 356/4/95
usemtl white
v 0.717333 0.441766 0.300000
v 0.725000 0.500000 0.300000
v 0.725000 0.500000 0.500000
v 0.717333 0.441766 0.500000
vn 0.991445 -0.130526 0.000000
f 357/1/96 358/2/96 359/3/96 360/4/96
usemtl white
v 0.725000 0.500000 0.500000
v 0.717333 0.558234 0.500000
v 0.683526 0.549176 0.610000
v 0.690000 0.500000 0.610000
vn 0.945514 0.124479 0.300845
f 361/1/97 362/2/97 363/3/97 364/4/97
usemtl white
v 0.717333 0.558234 0.500000
v 0.694856 0.612500 0.500000
v 0.664545 0.595000 0.610000
v 0.683526 0.549176 0.610000
vn 0.881079 0.364955 0.300845
f 365/1/98 366/2/98 367/3/98 368/4/98
usemtl white
v 0.694856 0.612500 0.500000
v 0.659099 0.659099 0.500000
v 0.634350 0.634350 0.610000
v 0.664545 0.595000 0.610000
vn 0.756600 0.580559 0.300845
f 369/1/99 370/2/99 371/3/99 372/4/99
usemtl white
v 0.659099 0.659099 0.500000
v 0.612500 0.694856 0.500000
v 0.595000 0.664545 0.610000
v 0.634350 0.634350 0.610000
vn 0.580559 0.756600 0.300845
f 373/1/100 374/2/100 375/3/100 376/4/100
usemtl white
v 0.612500 0.694856 0.500000
v 0.558234 0.717333 0.500000
v 0.549176 0.683526 0.610000
v 0.595000 0.664545 0.610000
vn 0.364955 0.881079 0.300845
f 377/1/101 378/2/101 379/3/101 380/4/101
usemtl white
v 0.558234 0.717333 0.500000
v 0.500000 0.725000 0.500000
v 0.500000 0.690000 0.610000
v 0.549176 0.683526 0.610000
vn 0.124479 0.945514 0.300845
f 381/1/102 382/2/102 383/3/102 384/4/102
usemtl white
v 0.500000 0.725000 0.500000
v 0.441766 0.717333 0.500000
v 0.450824 0.683526 0.610000
v 0.500000 0.690000 0.610000
vn -0.124479 0.945514 0.300845
f 385/1/103 386/2/103 387/3/103 388/4/103
usemtl white
v 0.441766 0.717333 0.500000
v 0.387500 0.694856 0.500000
v 0.405000 0.664545 0.610000
v 0.450824 0.683526 0.610000
vn -0.364955 0.881079 0.300845
f 389/1/104 390/2/104 391/3/104 392/4/104
usemtl white
v 0.387500 0.694856 0.500000
v 0.340901 0.659099 0.500000
v 0.365650 0.634350 0.610000
v 0.405000 0.664545 0.610000
vn -0.580559 0.756600 0.300845
f 393/1/105 394/2/105 395/3/105 396/4/105
usemtl white
v 0.340901 0.659099 0.500000
v 0.305144 0.612500 0.500000
v 0.335455 0.595000 0.610000
v 0.365650 0.634350 0.610000
vn -0.756600 0.580559 0.300845
f 397/1/106 398/2/106 399/3/106 400/4/106
usemtl white
v 0.305144 0.612500 0.500000
v 0.282667 0.558234 0.500000
v 0.316474 0.549176 0.610000
v 0.335455 0.595000 0.610000
vn -0.881079 0.364955 0.300845
f 401/1/107 402/2/107 403/3/107 404/4/107
usemtl white
v 0.282667 0.558234 0.500000
v 0.275000 0.500000 0.500000
v 0.310000 0.500000 0.610000
v 0.316474 0.549176 0.610000
vn -0.945514 0.124479 0.300845
f 405/1/108 406/2/108 407/3/108 408/4/108
usemtl white
v 0.275000 0.500000 0.500000
v 0.282667 0.441766 0.500000
v 0.316474 0.450824 0.610000
v 0.310000 0.500000 0.610000
vn -0.945514 -0.124479 0.300845
f 409/1/109 410/2/109 411/3/109 412/4/109
usemtl white
v 0.282667 0.441766 0.500000
v 0.305144 0.387500 0.500000
v 0.335455 0.405000 0.610000
v 0.316474 0.450824 0.610000
vn -0.881079 -0.364955 0.300845
f 413/1/110 414/2/110 415/3/110 416/4/110
usemtl white
v 0.305144 0.387500 0.500000
v 0.340901 0.340901 0.500000
v 0.365650 0.365650 0.610000
v 0.335455 0.405000 0.610000
vn -0.756600 -0.580559 0.300845
f 417/1/111 418/2/111 419/3/111 420/4/111
usemtl white
v 0.340901 0.340901 0.500000
v 0.387500 0.305144 0.500000
v 0.405000 0.335455 0.610000
v 0.365650 0.365650 0.610000
vn -0.580559 -0.756600 0.300845
f 421/1/112 422/2/112 423/3/112 424/4/112
usemtl white
v 0.387500 0.305144 0.500000
v 0.441766 0.282667 0.500000
v 0.450824 0.316474 0.610000
v 0.405000 0.335455 0.610000
vn -0.364955 -0.881079 0.300845
f 425/1/113 426/2/113 427/3/113 428/4/113
usemtl white
v 0.441766 0.282667 0.500000
v 0.500000 0.275000 0.500000
v 0.500000 0.310000 0.610000
v 0.450824 0.316474 0.610000
vn -0.124479 -0.945514 0.300845
f 429/1/114 430/2/114 431/3/114 432/4/114
usemtl white
v 0.500000 0.275000 0.500000
v 0.558234 0.282667 0.500000
v 0.549176 0.316474 0.610000
v 0.500000 0.310000 0.610000
vn 0.124479 -0.945514 0.300845
f 433/1/115 434/2/115 435/3/115 436/4/115
usemtl white
v 0.558234 0.282667 0.500000
v 0.612500 0.305144 0.500000
v 0.595000 0.335455 0.610000
v 0.549176 0.316474 0.610000
vn 0.364955 -0.881079 0.300845
f 437/1/116 438/2/116 439/3/116 440/4/116
usemtl white
v 0.612500 0.305144 0.500000
v 0.659099 0.340901 0.500000
v 0.634350 0.365650 0.610000
v 0.595000 0.335455 0.610000
vn 0.580559 -0.756600 0.300845
f 441/1/117 442/2/117 443/3/117 444/4/117
usemtl white
v 0.659099 0.340901 0.500000
v 0.694856 0.387500 0.500000
v 0.664545 0.405000 0.610000
v 0.634350 0.365650 0.610000
vn 0.756600 -0.580559 0.300845
f 445/1/118 446/2/118 447/3/118 448/4/118
usemtl white
v 0.694856 0.387500 0.500000
v 0.717333 0.441766 0.500000
v 0.683526 0.450824 0.610000
v 0.664545 0.405000 0.610000
vn 0.881079 -0.364955 0.300845
f 449/1/119 450/2/119 451/3/119 452/4/119
usemtl white
v 0.717333 0.441766 0.500000
v 0.725000 0.500000 0.500000
v 0.690000 0.500000 0.610000
v 0.683526 0.450824 0.610000
vn 0.945514 -0.124479 0.300845
f 453/1/120 454/2/120 455/3/120 456/4/120
usemtl white
v 0.690000 0.500000 0.610000
v 0.683526 0.549176 0.610000
v 0.620741 0.532352 0.670000
v 0.625000 0.500000 0.670000
vn 0.675592 0.088943 0.731891
f 457/1/121 458/2/121 459/3/121 460/4/121
usemtl white
v 0.683526 0.549176 0.610000
v 0.664545 0.595000 0.610000
v 0.608253 0.562500 0.670000
v 0.620741 0.532352 0.670000
vn 0.629551 0.260769 0.731891
f 461/1/122 462/2/122 463/3/122 464/4/122
usemtl white
v 0.664545 0.595000 0.610000
v 0.634350 0.634350 0.610000
v 0.588388 0.588388 0.670000
v 0.608253 0.562500 0.670000
vn 0.540608 0.414823 0.731891
f 465/1/123 466/2/123 467/3/123 468/4/123
usemtl white
v 0.634350 0.634350 0.610000
v 0.595000 0.664545 0.610000
v 0.562500 0.608253 0.670000
v 0.588388 0.588388 0.670000
vn 0.414823 0.540608 0.731891
f 469/1/124 470/2/124 471/3/124 472/4/124
usemtl white
v 0.595000 0.664545 0.610000
v 0.549176 0.683526 0.610000
v 0.532352 0.620741 0.670000
v 0.562500 0.608253 0.670000
vn 0.260769 0.629551 0.731891
f 473/1/125 474/2/125 475/3/125 476/4/125
usemtl white
v 0.549176 0.683526 0.610000
v 0.500000 0.690000 0.610000
v 0.500000 0.625000 0.670000
v 0.532352 0.620741 0.670000
vn 0.088943 0.675592 0.731891
f 477/1/126 478/2/126 479/3/126 480/4/126
usemtl white
v 0.500000 0.690000 0.610000
v 0.450824 0.683526 0.610000
v 0.467648 0.620741 0.670000
v 0.500000 0.625000 0.670000
vn -0.088943 0.675592 0.731891
f 481/1/127 482/2/127 483/3/127 484/4/127
usemtl white
v 0.450824 0.683526 0.610000
v 0.405000 0.664545 0.610000
v 0.437500 0.608253 0.670000
v 0.467648 0.620741 0.670000
vn -0.260769 0.629551 0.731891
f 485/1/128 486/2/128 487/3/128 488/4/128
usemtl white
v 0.405000 0.664545 0.610000
v 0.365650 0.634350 0.610000
v 0.411612 0.588388 0.670000
v 0.437500 0.608253 0.670000
vn -0.414823 0.540608 0.731891
f 489/1/129 490/2/129 491/3/129 492/4/129
usemtl white
v 0.365650 0.634350 0.610000
v 0.335455 0.595000 0.610000
v 0.391747 0.562500 0.670000
v 0.411612 0.588388 0.670000
vn -0.540608 0.414823 0.731891
f 493/1/130 494/2/130 495/3/130 496/4/130
usemtl white
v 0.335455 0.595000 0.610000
v 0.316474 0.549176 0.610000
v 0.379259 0.532352 0.670000
v 0.391747 0.562500 0.670000
vn -0.629551 0.260769 0.731891
f 497/1/131 498/2/131 499/3/131 500/4/131
usemtl white
v 0.316474 0.549176 0.610000
v 0.310000 0.500000 0.610000
v 0.375000 0.500000 0.670000
v 0.379259 0.532352 0.670000
vn -0.675592 0.088943 0.731891
f 501/1/132 502/2/132 503/3/132 504/4/132
usemtl white
v 0.310000 0.500000 0.610000
v 0.316474 0.450824 0.610000
v 0.379259 0.467648 0.670000
v 0.375000 0.500000 0.670000
vn -0.675592 -0.088943 0.731891
f 505/1/133 506/2/133 507/3/133 508/4/133
usemtl white
v 0.316474 0.450824 0.610000
v 0.335455 0.405000 0.610000
v 0.391747 0.437500 0.670000
v 0.379259 0.467648 0.670000
vn -0.629551 -0.260769 0.731891
f 509/1/134 510/2/134 511/3/134 512/4/134
usemtl white
v 0.335455 0.405000 0.610000
v 0.365650 0.365650 0.610000
v 0.411612 0.411612 0.670000
v 0.391747 0.437500 0.670000
vn -0.540608 -0.414823 0.731891
f 513/1/135 514/2/135 515/3/135 516/4/135
usemtl white
v 0.365650 0.365650 0.610000
v 0.405000 0.335455 0.610000
v 0.437500 0.391747 0.670000
v 0.411612 0.411612 0.670000
vn -0.414823 -0.540608 0.731891
f 517/1/136 518/2/136 519/3/136 520/4/136
usemtl white
v 0.405000 0.335455 0.610000
v 0.450824 0.316474 0.610000
v 0.467648 0.379259 0.670000
v 0.437500 0.391747 0.670000
vn -0.260769 -0.629551 0.731891
f 521/1/137 522/2/137 523/3/137 524/4/137
usemtl white
v 0.450824 0.316474 0.610000
v 0.500000 0.310000 0.610000
v 0.500000 0.375000 0.670000
v 0.467648 0.379259 0.670000
vn -0.088943 -0.675592 0.731891
f 525/1/138 526/2/138 527/3/138 528/4/138
usemtl white
v 0.500000 0.310000 0.610000
v 0.549176 0.316474 0.610000
v 0.532352 0.379259 0.670000
v 0.500000 0.375000 0.670000
vn 0.088943 -0.675592 0.731891
f 529/1/139 530/2/139 531/3/139 532/4/139
usemtl white
v 0.549176 0.316474 0.610000
v 0.595000 0.335455 0.610000
v 0.562500 0.391747 0.670000
v 0.532352 0.379259 0.670000
vn 0.260769 -0.629551 0.731891
f 533/1/140 534/2/140 535/3/140 536/4/140
usemtl white
v 0.595000 0.335455 0.610000
v 0.634350 0.365650 0.610000
v 0.588388 0.411612 0.670000
v 0.562500 0.391747 0.670000
vn 0.414823 -0.540608 0.731891
f 537/1/141 538/2/141 539/3/141 540/4/141
usemtl white
v 0.634350 0.365650 0.610000
v 0.664545 0.405000 0.610000
v 0.608253 0.437500 0.670000
v 0.588388 0.411612 0.670000
vn 0.540608 -0.414823 0.731891
f 541/1/142 542/2/142 543/3/142 544/4/142
usemtl white
v 0.664545 0.405000 0.610000
v 0.683526 0.450824 0.610000
v 0.620741 0.467648 0.670000
v 0.608253 0.437500 0.670000
vn 0.629551 -0.260769 0.731891
f 545/1/143 546/2/143 547/3/143 548/4/143
usemtl white
v 0.683526 0.450824 0.610000
v 0.690000 0.500000 0.610000
v 0.625000 0.500000 0.670000
v 0.620741 0.467648 0.670000
vn 0.675592 -0.088943 0.731891
f 549/1/144 550/2/144 551/3/144 552/4/144
usemtl white
v 0.625000 0.500000 0.670000
v 0.620741 0.532352 0.670000
v 0.500000 0.500000 0.670000
vn 0.000000 0.000000 1.000000
f 553/1/145 554/2/145 555/3/145
usemtl white
v 0.620741 0.532352 0.670000
v 0.608253 0.562500 0.670000
v 0.500000 0.500000 0.670000
vn 0.000000 0.000000 1.000000
f 556/1/146 557/2/146 558/3/146
usemtl white
v 0.608253 0.562500 0.670000
v 0.588388 0.588388 0.670000
v 0.500000 0.500000 0.670000
vn 0.000000 0.000000 1.000000
f 559/1/147 560/2/147 561/3/147
usemtl white
v 0.588388 0.588388 0.670000
v 0.562500 0.608253 0.670000
v 0.500000 0.500000 0.670000
vn 0.000000 0.000000 1.000000
f 562/1/148 563/2/148 564/3/148
usemtl white
v 0.562500 0.608253 0.670000
v 0.532352 0.620741 0.670000
v 0.500000 0.500000 0.670000
vn 0.000000 0.000000 1.000000
f 565/1/149 566/2/149 567/3/149
usemtl white
v 0.532352 0.620741 0.670000
v 0.500000 0.625000 0.670000
v 0.500000 0.500000 0.670000
vn 0.000000 0.000000 1.000000
f 568/1/150 569/2/150 570/3/150
usemtl white
v 0.500000 0.625000 0.670000
v 0.467648 0.620741 0.670000
v 0.500000 0.500000 0.670000
vn 0.000000 0.000000 1.000000
f 571/1/151 572/2/151 573/3/151
usemtl white
v 0.467648 0.620741 0.670000
v 0.437500 0.608253 0.670000
v 0.500000 0.500000 0.670000
vn 0.000000 0.000000 1.000000
f 574/1/152 575/2/152 576/3/152
usemtl white
v 0.437500 0.608253 0.670000
v 0.411612 0.588388 0.670000
v 0.500000 0.500000 0.670000
vn 0.000000 0.000000 1.000000
f 577/1/153 578/2/153 579/3/153
usemtl white
v 0.411612 0.588388 0.670000
v 0.391747 0.562500 0.670000
v 0.500000 0.500000 0.670000
vn 0.000000 0.000000 1.000000
f 580/1/154 581/2/154 582/3/154
usemtl white
v 0.391747 0.562500 0.670000
v 0.379259 0.532352 0.670000
v 0.500000 0.500000 0.670000
vn 0.000000 0.000000 1.000000
f 583/1/155 584/2/155 585/3/155
usemtl white
v 0.379259 0.532352 0.670000
v 0.375000 0.500000 0.670000
v 0.500000 0.500000 0.670000
vn 0.000000 0.000000 1.000000
f 586/1/156 587/2/156 588/3/156
usemtl white
v 0.375000 0.500000 0.670000
v 0.379259 0.467648 0.670000
v 0.500000 0.500000 0.670000
vn -0.000000 0.000000 1.000000
f 589/1/157 590/2/157 591/3/157
usemtl white
v 0.379259 0.467648 0.670000
v 0.391747 0.437500 0.670000
v 0.500000 0.500000 0.670000
vn -0.000000 0.000000 1.000000
f 592/1/158 593/2/158 594/3/158
usemtl white
v 0.391747 0.437500 0.670000
v 0.411612 0.411612 0.670000
v 0.500000 0.500000 0.670000
vn -0.000000 0.000000 1.000000
f 595/1/159 596/2/159 597/3/159
usemtl white
v 0.411612 0.411612 0.670000
v 0.437500 0.391747 0.670000
v 0.500000 0.500000 0.670000
vn -0.000000 0.000000 1.000000
f 598/1/160 599/2/160 600/3/160
usemtl white
v 0.437500 0.391747 0.670000
v 0.467648 0.379259 0.670000
v 0.500000 0.500000 0.670000
vn -0.000000 0.000000 1.000000
f 601/1/161 602/2/161 603/3/161
usemtl white
v 0.467648 0.379259 0.670000
v 0.500000 0.375000 0.670000
v 0.500000 0.500000 0.670000
vn -0.000000 0.000000 1.000000
f 604/1/162 605/2/162 606/3/162
usemtl white
v 0.500000 0.375000 0.670000
v 0.532352 0.379259 0.670000
v 0.500000 0.500000 0.670000
vn 0.000000 0.000000 1.000000
f 607/1/163 608/2/163 609/3/163
usemtl white
v 0.532352 0.379259 0.670000
v 0.562500 0.391747 0.670000
v 0.500000 0.500000 0.670000
vn 0.000000 -0.000000 1.000000
f 610/1/164 611/2/164 612/3/164
usemtl white
v 0.562500 0.391747 0.670000
v 0.588388 0.411612 0.670000
v 0.500000 0.500000 0.670000
vn 0.000000 -0.000000 1.000000
f 613/1/165 614/2/165 615/3/165
usemtl white
v 0.588388 0.411612 0.670000
v 0.608253 0.437500 0.670000
v 0.500000 0.500000 0.670000
vn 0.000000 -0.000000 1.000000
f 616/1/166 617/2/166 618/3/166
usemtl white
v 0.608253 0.437500 0.670000
v 0.620741 0.467648 0.670000
v 0.500000 0.500000 0.670000
vn 0.000000 -0.000000 1.000000
f 619/1/167 620/2/167 621/3/167
usemtl white
v 0.620741 0.467648 0.670000
v 0.625000 0.500000 0.670000
v 0.500000 0.500000 0.670000
vn 0.000000 -0.000000 1.000000
f 622/1/168 623/2/168 624/3/168
usemtl black
v 0.610000 0.500000 0.075000
v 0.606252 0.528470 0.075000
v 0.635230 0.536235 0.075000
v 0.640000 0.500000 0.075000
vn 0.000000 0.000000 -1.000000
f 625/1/169 626/2/169 627/3/169 628/4/169
usemtl black
v 0.606252 0.528470 0.075000
v 0.595263 0.555000 0.075000
v 0.621244 0.570000 0.075000
v 0.635230 0.536235 0.075000
vn 0.000000 0.000000 -1.000000
f 629/1/170 630/2/170 631/3/170 632/4/170
usemtl black
v 0.595263 0.555000 0.075000
v 0.577782 0.577782 0.075000
v 0.598995 0.598995 0.075000
v 0.621244 0.570000 0.075000
vn 0.000000 0.000000 -1.000000
f 633/1/171 634/2/171 635/3/171 636/4/171
usemtl black
v 0.577782 0.577782 0.075000
v 0.555000 0.595263 0.075000
v 0.570000 0.621244 0.075000
v 0.598995 0.598995 0.075000
vn 0.000000 0.000000 -1.000000
f 637/1/172 638/2/172 639/3/172 640/4/172
usemtl black
v 0.555000 0.595263 0.075000
v 0.528470 0.606252 0.075000
v 0.536235 0.635230 0.075000
v 0.570000 0.621244 0.075000
vn 0.000000 0.000000 -1.000000
f 641/1/173 642/2/173 643/3/173 644/4/173
usemtl black
v 0.528470 0.606252 0.075000
v 0.500000 0.610000 0.075000
v 0.500000 0.640000 0.075000
v 0.536235 0.635230 0.075000
vn 0.000000 0.000000 -1.000000
f 645/1/174 646/2/174 647/3/174 648/4/174
usemtl black
v 0.500000 0.610000 0.075000
v 0.471530 0.606252 0.075000
v 0.463765 0.635230 0.075000
v 0.500000 0.640000 0.075000
vn -0.000000 0.000000 -1.000000
f 649/1/175 650/2/175 651/3/175 652/4/175
usemtl black
v 0.471530 0.606252 0.075000
v 0.445000 0.595263 0.075000
v 0.430000 0.621244 0.075000
v 0.463765 0.635230 0.075000
vn -0.000000 0.000000 -1.000000
f 653/1/176 654/2/176 655/3/176 656/4/176
usemtl black
v 0.445000 0.595263 0.075000
v 0.422218 0.577782 0.075000
v 0.401005 0.598995 0.075000
v 0.430000 0.621244 0.075000
vn -0.000000 0.000000 -1.000000
f 657/1/177 658/2/177 659/3/177 660/4/177
usemtl black
v 0.422218 0.577782 0.075000
v 0.404737 0.555000 0.075000
v 0.378756 0.570000 0.075000
v 0.401005 0.598995 0.075000
vn 0.000000 0.000000 -1.000000
f 661/1/178 662/2/178 663/3/178 664/4/178
usemtl black
v 0.404737 0.555000 0.075000
v 0.393748 0.528470 0.075000
v 0.364770 0.536235 0.075000
v 0.378756 0.570000 0.075000
vn 0.000000 0.000000 -1.000000
f 665/1/179 666/2/179 667/3/179 668/4/179
usemtl black
v 0.393748 0.528470 0.075000
v 0.390000 0.500000 0.075000
v 0.360000 0.500000 0.075000
v 0.364770 0.536235 0.075000
vn 0.000000 0.000000 -1.000000
f 669/1/180 670/2/180 671/3/180 672/4/180
usemtl black
v 0.390000 0.500000 0.075000
v 0.393748 0.471530 0.075000
v 0.364770 0.463765 0.075000
v 0.360000 0.500000 0.075000
vn 0.000000 -0.000000 -1.000000
f 673/1/181 674/2/181 675/3/181 676/4/181
usemtl black
v 0.393748 0.471530 0.075000
v 0.404737 0.445000 0.075000
v 0.378756 0.430000 0.075000
v 0.364770 0.463765 0.075000
vn 0.000000 -0.000000 -1.000000
f 677/1/182 678/2/182 679/3/182 680/4/182
usemtl black
v 0.404737 0.445000 0.075000
v 0.422218 0.422218 0.075000
v 0.401005 0.401005 0.075000
v 0.378756 0.430000 0.075000
vn 0.000000 -0.000000 -1.000000
f 681/1/183 682/2/183 683/3/183 684/4/183
usemtl black
v 0.422218 0.422218 0.075000
v 0.445000 0.404737 0.075000
v 0.430000 0.378756 0.075000
v 0.401005 0.401005 0.075000
vn 0.000000 0.000000 -1.000000
f 685/1/184 686/2/184 687/3/184 688/4/184
usemtl black
v 0.445000 0.404737 0.075000
v 0.471530 0.393748 0.075000
v 0.463765 0.364770 0.075000
v 0.430000 0.378756 0.075000
vn 0.000000 0.000000 -1.000000
f 689/1/185 690/2/185 691/3/185 692/4/185
usemtl black
v 0.471530 0.393748 0.075000
v 0.500000 0.390000 0.075000
v 0.500000 0.360000 0.075000
v 0.463765 0.364770 0.075000
vn 0.000000 0.000000 -1.000000
f 693/1/186 694/2/186 695/3/186 696/4/186
usemtl black
v 0.500000 0.390000 0.075000
v 0.528470 0.393748 0.075000
v 0.536235 0.364770 0.075000
v 0.500000 0.360000 0.075000
vn 0.000000 0.000000 -1.000000
f 697/1/187 698/2/187 699/3/187 700/4/187
usemtl black
v 0.528470 0.393748 0.075000
v 0.555000 0.404737 0.075000
v 0.570000 0.378756 0.075000
v 0.536235 0.364770 0.075000
vn 0.000000 0.000000 -1.000000
f 701/1/188 702/2/188 703/3/188 704/4/188
usemtl black
v 0.555000 0.404737 0.075000
v 0.577782 0.422218 0.075000
v 0.598995 0.401005 0.075000
v 0.570000 0.378756 0.075000
vn 0.000000 0.000000 -1.000000
f 705/1/189 706/2/189 707/3/189 708/4/189
usemtl black
v 0.577782 0.422218 0.075000
v 0.595263 0.445000 0.075000
v 0.621244 0.430000 0.075000
v 0.598995 0.401005 0.075000
vn 0.000000 0.000000 -1.000000
f 709/1/190 710/2/190 711/3/190 712/4/190
usemtl black
v 0.595263 0.445000 0.075000
v 0.606252 0.471530 0.075000
v 0.635230 0.463765 0.075000
v 0.621244 0.430000 0.075000
vn 0.000000 0.000000 -1.000000
f 713/1/191 714/2/191 715/3/191 716/4/191
usemtl black
v 0.606252 0.471530 0.075000
v 0.610000 0.500000 0.075000
v 0.640000 0.500000 0.075000
v 0.635230 0.463765 0.075000
vn 0.000000 0.000000 -1.000000
f 717/1/192 718/2/192 719/3/192 720/4/192
usemtl black
v 0.640000 0.500000 0.075000
v 0.635230 0.536235 0.075000
v 0.654548 0.541411 0.180000
v 0.660000 0.500000 0.180000
vn 0.974225 0.128259 -0.185567
f 721/1/193 722/2/193 723/3/193 724/4/193
usemtl black
v 0.635230 0.536235 0.075000
v 0.621244 0.570000 0.075000
v 0.638564 0.580000 0.180000
v 0.654548 0.541411 0.180000
vn 0.907833 0.376037 -0.185567
f 725/1/194 726/2/194 727/3/194 728/4/194
usemtl black
v 0.621244 0.570000 0.075000
v 0.598995 0.598995 0.075000
v 0.613137 0.613137 0.180000
v 0.638564 0.580000 0.180000
vn 0.779574 0.598188 -0.185567
f 729/1/195 730/2/195 731/3/195 732/4/195
usemtl black
v 0.598995 0.598995 0.075000
v 0.570000 0.621244 0.075000
v 0.580000 0.638564 0.180000
v 0.613137 0.613137 0.180000
vn 0.598188 0.779574 -0.185567
f 733/1/196 734/2/196 735/3/196 736/4/196
usemtl black
v 0.570000 0.621244 0.075000
v 0.536235 0.635230 0.075000
v 0.541411 0.654548 0.180000
v 0.580000 0.638564 0.180000
vn 0.376037 0.907833 -0.185567
f 737/1/197 738/2/197 739/3/197 740/4/197
usemtl black
v 0.536235 0.635230 0.075000
v 0.500000 0.640000 0.075000
v 0.500000 0.660000 0.180000
v 0.541411 0.654548 0.180000
vn 0.128259 0.974225 -0.185567
f 741/1/198 742/2/198 743/3/198 744/4/198
usemtl black
v 0.500000 0.640000 0.075000
v 0.463765 0.635230 0.075000
v 0.458589 0.654548 0.180000
v 0.500000 0.660000 0.180000
vn -0.128259 0.974225 -0.185567
f 745/1/199 746/2/199 747/3/199 748/4/199
usemtl black
v 0.463765 0.635230 0.075000
v 0.430000 0.621244 0.075000
v 0.420000 0.638564 0.180000
v 0.458589 0.654548 0.180000
vn -0.376037 0.907833 -0.185567
f 749/1/200 750/2/200 751/3/200 752/4/200
usemtl black
v 0.430000 0.621244 0.075000
v 0.401005 0.598995 0.075000
v 0.386863 0.613137 0.180000
v 0.420000 0.638564 0.180000
vn -0.598188 0.779574 -0.185567
f 753/1/201 754/2/201 755/3/201 756/4/201
usemtl black
v 0.401005 0.598995 0.075000
v 0.378756 0.570000 0.075000
v 0.361436 0.580000 0.180000
v 0.386863 0.613137 0.180000
vn -0.779574 0.598188 -0.185567
f 757/1/202 758/2/202 759/3/202 760/4/202
usemtl black
v 0.378756 0.570000 0.075000
v 0.364770 0.536235 0.075000
v 0.345452 0.541411 0.180000
v 0.361436 0.580000 0.180000
vn -0.907833 0.376037 -0.185567
f 761/1/203 762/2/203 763/3/203 764/4/203
usemtl black
v 0.364770 0.536235 0.075000
v 0.360000 0.500000 0.075000
v 0.340000 0.500000 0.180000
v 0.345452 0.541411 0.180000
vn -0.974225 0.128259 -0.185567
f 765/1/204 766/2/204 767/3/204 768/4/204
usemtl black
v 0.360000 0.500000 0.075000
v 0.364770 0.463765 0.075000
v 0.345452 0.458589 0.180000
v 0.340000 0.500000 0.180000
vn -0.974225 -0.128259 -0.185567
f 769/1/205 770/2/205 771/3/205 772/4/205
usemtl black
v 0.364770 0.463765 0.075000
v 0.378756 0.430000 0.075000
v 0.361436 0.420000 0.180000
v 0.345452 0.458589 0.180000
vn -0.907833 -0.376037 -0.185567
f 773/1/206 774/2/206 775/3/206 776/4/206
usemtl black
v 0.378756 0.430000 0.075000
v 0.401005 0.401005 0.075000
v 0.386863 0.386863 0.180000
v 0.361436 0.420000 0.180000
vn -0.779574 -0.598188 -0.185567
f 777/1/207 778/2/207 779/3/207 780/4/207
usemtl black
v 0.401005 0.401005 0.075000
v 0.430000 0.378756 0.075000
v 0.420000 0.361436 0.180000
v 0.386863 0.386863 0.180000
vn -0.598188 -0.779574 -0.185567
f 781/1/208 782/2/208 783/3/208 784/4/208
usemtl black
v 0.430000 0.378756 0.075000
v 0.463765 0.364770 0.075000
v 0.458589 0.345452 0.180000
v 0.420000 0.361436 0.180000
vn -0.376037 -0.907833 -0.185567
f 785/1/209 786/2/209 787/3/209 788/4/209
usemtl black
v 0.463765 0.364770 0.075000
v 0.500000 0.360000 0.075000
v 0.500000 0.340000 0.180000
v 0.458589 0.345452 0.180000
vn -0.128259 -0.974225 -0.185567
f 789/1/210 790/2/210 791/3/210 792/4/210
usemtl black
v 0.500000 0.360000 0.075000
v 0.536235 0.364770 0.075000
v 0.541411 0.345452 0.180000
v 0.500000 0.340000 0.180000
vn 0.128259 -0.974225 -0.185567
f 793/1/211 794/2/211 795/3/211 796/4/211
usemtl black
v 0.536235 0.364770 0.075000
v 0.570000 0.378756 0.075000
v 0.580000 0.361436 0.180000
v 0.541411 0.345452 0.180000
vn 0.376037 -0.907833 -0.185567
f 797/1/212 798/2/212 799/3/212 800/4/212
usemtl black
v 0.570000 0.378756 0.075000
v 0.598995 0.401005 0.075000
v 0.613137 0.386863 0.180000
v 0.580000 0.361436 0.180000
vn 0.598188 -0.779574 -0.185567
f 801/1/213 802/2/213 803/3/213 804/4/213
usemtl black
v 0.598995 0.401005 0.075000
v 0.621244 0.430000 0.075000
v 0.638564 0.420000 0.180000
v 0.613137 0.386863 0.180000
vn 0.779574 -0.598188 -0.185567
f 805/1/214 806/2/214 807/3/214 808/4/214
usemtl black
v 0.621244 0.430000 0.075000
v 0.635230 0.463765 0.075000
v 0.654548 0.458589 0.180000
v 0.638564 0.420000 0.180000
vn 0.907833 -0.376037 -0.185567
f 809/1/215 810/2/215 811/3/215 812/4/215
usemtl black
v 0.635230 0.463765 0.075000
v 0.640000 0.500000 0.075000
v 0.660000 0.500000 0.180000
v 0.654548 0.458589 0.180000
vn 0.974225 -0.128259 -0.185567
f 813/1/216 814/2/216 815/3/216 816/4/216
usemtl black
v 0.660000 0.500000 0.180000
v 0.654548 0.541411 0.180000
v 0.615911 0.531058 0.180000
v 0.620000 0.500000 0.180000
vn 0.000000 0.000000 1.000000
f 817/1/217 818/2/217 819/3/217 820/4/217
usemtl black
v 0.654548 0.541411 0.180000
v 0.638564 0.580000 0.180000
v 0.603923 0.560000 0.180000
v 0.615911 0.531058 0.180000
vn 0.000000 0.000000 1.000000
f 821/1/218 822/2/218 823/3/218 824/4/218
usemtl black
v 0.638564 0.580000 0.180000
v 0.613137 0.613137 0.180000
v 0.584853 0.584853 0.180000
v 0.603923 0.560000 0.180000
vn 0.000000 0.000000 1.000000
f 825/1/219 826/2/219 827/3/219 828/4/219
usemtl black
v 0.613137 0.613137 0.180000
v 0.580000 0.638564 0.180000
v 0.560000 0.603923 0.180000
v 0.584853 0.584853 0.180000
vn 0.000000 0.000000 1.000000
f 829/1/220 830/2/220 831/3/220 832/4/220
usemtl black
v 0.580000 0.638564 0.180000
v 0.541411 0.654548 0.180000
v 0.531058 0.615911 0.180000
v 0.560000 0.603923 0.180000
vn 0.000000 0.000000 1.000000
f 833/1/221 834/2/221 835/3/221 836/4/221
usemtl black
v 0.541411 0.654548 0.180000
v 0.500000 0.660000 0.180000
v 0.500000 0.620000 0.180000
v 0.531058 0.615911 0.180000
vn 0.000000 0.000000 1.000000
f 837/1/222 838/2/222 839/3/222 840/4/222
usemtl black
v 0.500000 0.660000 0.180000
v 0.458589 0.654548 0.180000
v 0.468942 0.615911 0.180000
v 0.500000 0.620000 0.180000
vn 0.000000 0.000000 1.000000
f 841/1/223 842/2/223 843/3/223 844/4/223
usemtl black
v 0.458589 0.654548 0.180000
v 0.420000 0.638564 0.180000
v 0.440000 0.603923 0.180000
v 0.468942 0.615911 0.180000
vn 0.000000 0.000000 1.000000
f 845/1/224 846/2/224 847/3/224 848/4/224
usemtl black
v 0.420000 0.638564 0.180000
v 0.386863 0.613137 0.180000
v 0.415147 0.584853 0.180000
v 0.440000 0.603923 0.180000
vn 0.000000 0.000000 1.000000
f 849/1/225 850/2/225 851/3/225 852/4/225
usemtl black
v 0.386863 0.613137 0.180000
v 0.361436 0.580000 0.180000
v 0.396077 0.560000 0.180000
v 0.415147 0.584853 0.180000
vn 0.000000 0.000000 1.000000
f 853/1/226 854/2/226 855/3/226 856/4/226
usemtl black
v 0.361436 0.580000 0.180000
v 0.345452 0.541411 0.180000
v 0.384089 0.531058 0.180000
v 0.396077 0.560000 0.180000
vn 0.000000 0.000000 1.000000
f 857/1/227 858/2/227 859/3/227 860/4/227
usemtl black
v 0.345452 0.541411 0.180000
v 0.340000 0.500000 0.180000
v 0.380000 0.500000 0.180000
v 0.384089 0.531058 0.180000
vn 0.000000 0.000000 1.000000
f 861/1/228 862/2/228 863/3/228 864/4/228
usemtl black
v 0.340000 0.500000 0.180000
v 0.345452 0.458589 0.180000
v 0.384089 0.468942 0.180000
v 0.380000 0.500000 0.180000
vn 0.000000 0.000000 1.000000
f 865/1/229 866/2/229 867/3/229 868/4/229
usemtl black
v 0.345452 0.458589 0.180000
v 0.361436 0.420000 0.180000
v 0.396077 0.440000 0.180000
v 0.384089 0.468942 0.180000
vn 0.000000 0.000000 1.000000
f 869/1/230 870/2/230 871/3/230 872/4/230
usemtl black
v 0.361436 0.420000 0.180000
v 0.386863 0.386863 0.180000
v 0.415147 0.415147 0.180000
v 0.396077 0.440000 0.180000
vn 0.000000 0.000000 1.000000
f 873/1/231 874/2/231 875/3/231 876/4/231
usemtl black
v 0.386863 0.386863 0.180000
v 0.420000 0.361436 0.180000
v 0.440000 0.396077 0.180000
v 0.415147 0.415147 0.180000
vn -0.000000 0.000000 1.000000
f 877/1/232 878/2/232 879/3/232 880/4/232
usemtl black
v 0.420000 0.361436 0.180000
v 0.458589 0.345452 0.180000
v 0.468942 0.384089 0.180000
v 0.440000 0.396077 0.180000
vn -0.000000 0.000000 1.000000
f 881/1/233 882/2/233 883/3/233 884/4/233
usemtl black
v 0.458589 0.345452 0.180000
v 0.500000 0.340000 0.180000
v 0.500000 0.380000 0.180000
v 0.468942 0.384089 0.180000
vn -0.000000 0.000000 1.000000
f 885/1/234 886/2/234 887/3/234 888/4/234
usemtl black
v 0.500000 0.340000 0.180000
v 0.541411 0.345452 0.180000
v 0.531058 0.384089 0.180000
v 0.500000 0.380000 0.180000
vn 0.000000 0.000000 1.000000
f 889/1/235 890/2/235 891/3/235 892/4/235
usemtl black
v 0.541411 0.345452 0.180000
v 0.580000 0.361436 0.180000
v 0.560000 0.396077 0.180000
v 0.531058 0.384089 0.180000
vn 0.000000 0.000000 1.000000
f 893/1/236 894/2/236 895/3/236 896/4/236
usemtl black
v 0.580000 0.361436 0.180000
v 0.613137 0.386863 0.180000
v 0.584853 0.415147 0.180000
v 0.560000 0.396077 0.180000
vn 0.000000 0.000000 1.000000
f 897/1/237 898/2/237 899/3/237 900/4/237
usemtl black
v 0.613137 0.386863 0.180000
v 0.638564 0.420000 0.180000
v 0.603923 0.440000 0.180000
v 0.584853 0.415147 0.180000
vn 0.000000 -0.000000 1.000000
f 901/1/238 902/2/238 903/3/238 904/4/238
usemtl black
v 0.638564 0.420000 0.180000
v 0.654548 0.458589 0.180000
v 0.615911 0.468942 0.180000
v 0.603923 0.440000 0.180000
vn 0.000000 -0.000000 1.000000
f 905/1/239 906/2/239 907/3/239 908/4/239
usemtl black
v 0.654548 0.458589 0.180000
v 0.660000 0.500000 0.180000
v 0.620000 0.500000 0.180000
v 0.615911 0.468942 0.180000
vn 0.000000 -0.000000 1.000000
f 909/1/240 910/2/240 911/3/240 912/4/240
usemtl black
v 0.620000 0.500000 0.180000
v 0.615911 0.531058 0.180000
v 0.606252 0.528470 0.075000
v 0.610000 0.500000 0.075000
vn -0.987054 -0.129948 0.094005
f 913/1/241 914/2/241 915/3/241 916/4/241
usemtl black
v 0.615911 0.531058 0.180000
v 0.603923 0.560000 0.180000
v 0.595263 0.555000 0.075000
v 0.606252 0.528470 0.075000
vn -0.919788 -0.380989 0.094005
f 917/1/242 918/2/242 919/3/242 920/4/242
usemtl black
v 0.603923 0.560000 0.180000
v 0.584853 0.584853 0.180000
v 0.577782 0.577782 0.075000
v 0.595263 0.555000 0.075000
vn -0.789840 -0.606066 0.094005
f 921/1/243 922/2/243 923/3/243 924/4/243
usemtl black
v 0.584853 0.584853 0.180000
v 0.560000 0.603923 0.180000
v 0.555000 0.595263 0.075000
v 0.577782 0.577782 0.075000
vn -0.606066 -0.789840 0.094005
f 925/1/244 926/2/244 927/3/244 928/4/244
usemtl black
v 0.560000 0.603923 0.180000
v 0.531058 0.615911 0.180000
v 0.528470 0.606252 0.075000
v 0.555000 0.595263 0.075000
vn -0.380989 -0.919788 0.094005
f 929/1/245 930/2/245 931/3/245 932/4/245
usemtl black
v 0.531058 0.615911 0.180000
v 0.500000 0.620000 0.180000
v 0.500000 0.610000 0.075000
v 0.528470 0.606252 0.075000
vn -0.129948 -0.987054 0.094005
f 933/1/246 934/2/246 935/3/246 936/4/246
usemtl black
v 0.500000 0.620000 0.180000
v 0.468942 0.615911 0.180000
v 0.471530 0.606252 0.075000
v 0.500000 0.610000 0.075000
vn 0.129948 -0.987054 0.094005
f 937/1/247 938/2/247 939/3/247 940/4/247
usemtl black
v 0.468942 0.615911 0.180000
v 0.440000 0.603923 0.180000
v 0.445000 0.595263 0.075000
v 0.471530 0.606252 0.075000
vn 0.380989 -0.919788 0.094005
f 941/1/248 942/2/248 943/3/248 944/4/248
usemtl black
v 0.440000 0.603923 0.180000
v 0.415147 0.584853 0.180000
v 0.422218 0.577782 0.075000
v 0.445000 0.595263 0.075000
vn 0.606066 -0.789840 0.094005
f 945/1/249 946/2/249 947/3/249 948/4/249
usemtl black
v 0.415147 0.584853 0.180000
v 0.396077 0.560000 0.180000
v 0.404737 0.555000 0.075000
v 0.422218 0.577782 0.075000
vn 0.789840 -0.606066 0.094005
f 949/1/250 950/2/250 951/3/250 952/4/250
usemtl black
v 0.396077 0.560000 0.180000
v 0.384089 0.531058 0.180000
v 0.393748 0.528470 0.075000
v 0.404737 0.555000 0.075000
vn 0.919788 -0.380989 0.094005
f 953/1/251 954/2/251 955/3/251 956/4/251
usemtl black
v 0.384089 0.531058 0.180000
v 0.380000 0.500000 0.180000
v 0.390000 0.500000 0.075000
v 0.393748 0.528470 0.075000
vn 0.987054 -0.129948 0.094005
f 957/1/252 958/2/252 959/3/252 960/4/252
usemtl black
v 0.380000 0.500000 0.180000
v 0.384089 0.468942 0.180000
v 0.393748 0.471530 0.075000
v 0.390000 0.500000 0.075000
vn 0.987054 0.129948 0.094005
f 961/1/253 962/2/253 963/3/253 964/4/253
usemtl black
v 0.384089 0.468942 0.180000
v 0.396077 0.440000 0.180000
v 0.404737 0.445000 0.075000
v 0.393748 0.471530 0.075000
vn 0.919788 0.380989 0.094005
f 965/1/254 966/2/254 967/3/254 968/4/254
usemtl black
v 0.396077 0.440000 0.180000
v 0.415147 0.415147 0.180000
v 0.422218 0.422218 0.075000
v 0.404737 0.445000 0.075000
vn 0.789840 0.606066 0.094005
f 969/1/255 970/2/255 971/3/255 972/4/255
usemtl black
v 0.415147 0.415147 0.180000
v 0.440000 0.396077 0.180000
v 0.445000 0.404737 0.075000
v 0.422218 0.422218 0.075000
vn 0.606066 0.789840 0.094005
f 973/1/256 974/2/256 975/3/256 976/4/256
usemtl black
v 0.440000 0.396077 0.180000
v 0.468942 0.384089 0.180000
v 0.471530 0.393748 0.075000
v 0.445000 0.404737 0.075000
vn 0.380989 0.919788 0.094005
f 977/1/257 978/2/257 979/3/257 980/4/257
usemtl black
v 0.468942 0.384089 0.180000
v 0.500000 0.380000 0.180000
v 0.500000 0.390000 0.075000
v 0.471530 0.393748 0.075000
vn 0.129948 0.987054 0.094005
f 981/1/258 982/2/258 983/3/258 984/4/258
usemtl black
v 0.500000 0.380000 0.180000
v 0.531058 0.384089 0.180000
v 0.528470 0.393748 0.075000
v 0.500000 0.390000 0.075000
vn -0.129948 0.987054 0.094005
f 985/1/259 986/2/259 987/3/259 988/4/259
usemtl black
v 0.531058 0.384089 0.180000
v 0.560000 0.396077 0.180000
v 0.555000 0.404737 0.075000
v 0.528470 0.393748 0.075000
vn -0.380989 0.919788 0.094005
f 989/1/260 990/2/260 991/3/260 992/4/260
usemtl black
v 0.560000 0.396077 0.180000
v 0.584853 0.415147 0.180000
v 0.577782 0.422218 0.075000
v 0.555000 0.404737 0.075000
vn -0.606066 0.789840 0.094005
f 993/1/261 994/2/261 995/3/261 996/4/261
usemtl black
v 0.584853 0.415147 0.180000
v 0.603923 0.440000 0.180000
v 0.595263 0.445000 0.075000
v 0.577782 0.422218 0.075000
vn -0.789840 0.606066 0.094005
f 997/1/262 998/2/262 999/3/262 1000/4/262
usemtl black
v 0.603923 0.440000 0.180000
v 0.615911 0.468942 0.180000
v 0.606252 0.471530 0.075000
v 0.595263 0.445000 0.075000
vn -0.919788 0.380989 0.094005
f 1001/1/263 1002/2/263 1003/3/263 1004/4/263
usemtl black
v 0.615911 0.468942 0.180000
v 0.620000 0.500000 0.180000
v 0.610000 0.500000 0.075000
v 0.606252 0.471530 0.075000
vn -0.987054 0.129948 0.094005
f 1005/1/264 1006/2/264 1007/3/264 1008/4/264
usemtl white
v 0.646000 0.500000 0.075000
v 0.641025 0.537788 0.075000
v 0.637064 0.536726 0.084899
v 0.641899 0.500000 0.084899
vn 0.917120 0.120741 0.379884
f 1009/1/265 1010/2/265 1011/3/265 1012/4/265
usemtl white
v 0.641025 0.537788 0.075000
v 0.626440 0.573000 0.075000
v 0.622889 0.570950 0.084899
v 0.637064 0.536726 0.084899
vn 0.854620 0.353995 0.379884
f 1013/1/266 1014/2/266 1015/3/266 1016/4/266
usemtl white
v 0.626440 0.573000 0.075000
v 0.603238 0.603238 0.075000
v 0.600338 0.600338 0.084899
v 0.622889 0.570950 0.084899
vn 0.733879 0.563125 0.379884
f 1017/1/267 1018/2/267 1019/3/267 1020/4/267
usemtl white
v 0.603238 0.603238 0.075000
v 0.573000 0.626440 0.075000
v 0.570950 0.622889 0.084899
v 0.600338 0.600338 0.084899
vn 0.563125 0.733879 0.379884
f 1021/1/268 1022/2/268 1023/3/268 1024/4/268
usemtl white
v 0.573000 0.626440 0.075000
v 0.537788 0.641025 0.075000
v 0.536726 0.637064 0.084899
v 0.570950 0.622889 0.084899
vn 0.353995 0.854620 0.379884
f 1025/1/269 1026/2/269 1027/3/269 1028/4/269
usemtl white
v 0.537788 0.641025 0.075000
v 0.500000 0.646000 0.075000
v 0.500000 0.641899 0.084899
v 0.536726 0.637064 0.084899
vn 0.120741 0.917120 0.379884
f 1029/1/270 1030/2/270 1031/3/270 1032/4/270
usemtl white
v 0.500000 0.646000 0.075000
v 0.462212 0.641025 0.075000
v 0.463274 0.637064 0.084899
v 0.500000 0.641899 0.084899
vn -0.120741 0.917120 0.379884
f 1033/1/271 1034/2/271 1035/3/271 1036/4/271
usemtl white
v 0.462212 0.641025 0.075000
v 0.427000 0.626440 0.075000
v 0.429050 0.622889 0.084899
v 0.463274 0.637064 0.084899
vn -0.353995 0.854620 0.379884
f 1037/1/272 1038/2/272 1039/3/272 1040/4/272
usemtl white
v 0.427000 0.626440 0.075000
v 0.396762 0.603238 0.075000
v 0.399662 0.600338 0.084899
v 0.429050 0.622889 0.084899
vn -0.563125 0.733879 0.379884
f 1041/1/273 1042/2/273 1043/3/273 1044/4/273
usemtl white
v 0.396762 0.603238 0.075000
v 0.373560 0.573000 0.075000
v 0.377111 0.570950 0.084899
v 0.399662 0.600338 0.084899
vn -0.733879 0.563125 0.379884
f 1045/1/274 1046/2/274 1047/3/274 1048/4/274
usemtl white
v 0.373560 0.573000 0.075000
v 0.358975 0.537788 0.075000
v 0.362936 0.536726 0.084899
v 0.377111 0.570950 0.084899
vn -0.854620 0.353995 0.379884
f 1049/1/275 1050/2/275 1051/3/275 1052/4/275
usemtl white
v 0.358975 0.537788 0.075000
v 0.354000 0.500000 0.075000
v 0.358101 0.500000 0.084899
v 0.362936 0.536726 0.084899
vn -0.917120 0.120741 0.379884
f 1053/1/276 1054/2/276 1055/3/276 1056/4/276
usemtl white
v 0.354000 0.500000 0.075000
v 0.358975 0.462212 0.075000
v 0.362936 0.463274 0.084899
v 0.358101 0.500000 0.084899
vn -0.917120 -0.120741 0.379884
f 1057/1/277 1058/2/277 1059/3/277 1060/4/277
usemtl white
v 0.358975 0.462212 0.075000
v 0.373560 0.427000 0.075000
v 0.377111 0.429050 0.084899
v 0.362936 0.463274 0.084899
vn -0.854620 -0.353995 0.379884
f 1061/1/278 1062/2/278 1063/3/278 1064/4/278
usemtl white
v 0.373560 0.427000 0.075000
v 0.396762 0.396762 0.075000
v 0.399662 0.399662 0.084899
v 0.377111 0.429050 0.084899
vn -0.733879 -0.563125 0.379884
f 1065/1/279 1066/2/279 1067/3/279 1068/4/279
usemtl white
v 0.396762 0.396762 0.075000
v 0.427000 0.373560 0.075000
v 0.429050 0.377111 0.084899
v 0.399662 0.399662 0.084899
vn -0.563125 -0.733879 0.379884
f 1069/1/280 1070/2/280 1071/3/280 1072/4/280
usemtl white
v 0.427000 0.373560 0.075000
v 0.462212 0.358975 0.075000
v 0.463274 0.362936 0.084899
v 0.429050 0.377111 0.084899
vn -0.353995 -0.854620 0.379884
f 1073/1/281 1074/2/281 1075/3/281 1076/4/281
usemtl white
v 0.462212 0.358975 0.075000
v 0.500000 0.354000 0.075000
v 0.500000 0.358101 0.084899
v 0.463274 0.362936 0.084899
vn -0.120741 -0.917120 0.379884
f 1077/1/282 1078/2/282 1079/3/282 1080/4/282
usemtl white
v 0.500000 0.354000 0.075000
v 0.537788 0.358975 0.075000
v 0.536726 0.362936 0.084899
v 0.500000 0.358101 0.084899
vn 0.120741 -0.917120 0.379884
f 1081/1/283 1082/2/283 1083/3/283 1084/4/283
usemtl white
v 0.537788 0.358975 0.075000
v 0.573000 0.373560 0.075000
v 0.570950 0.377111 0.084899
v 0.536726 0.362936 0.084899
vn 0.353995 -0.854620 0.379884
f 1085/1/284 1086/2/284 1087/3/284 1088/4/284
usemtl white
v 0.573000 0.373560 0.075000
v 0.603238 0.396762 0.075000
v 0.600338 0.399662 0.084899
v 0.570950 0.377111 0.084899
vn 0.563125 -0.733879 0.379884
f 1089/1/285 1090/2/285 1091/3/285 1092/4/285
usemtl white
v 0.603238 0.396762 0.075000
v 0.626440 0.427000 0.075000
v 0.622889 0.429050 0.084899
v 0.600338 0.399662 0.084899
vn 0.733879 -0.563125 0.379884
f 1093/1/286 1094/2/286 1095/3/286 1096/4/286
usemtl white
v 0.626440 0.427000 0.075000
v 0.641025 0.462212 0.075000
v 0.637064 0.463274 0.084899
v 0.622889 0.429050 0.084899
vn 0.854620 -0.353995 0.379884
f 1097/1/287 1098/2/287 1099/3/287 1100/4/287
usemtl white
v 0.641025 0.462212 0.075000
v 0.646000 0.500000 0.075000
v 0.641899 0.500000 0.084899
v 0.637064 0.463274 0.084899
vn 0.917120 -0.120741 0.379884
f 1101/1/288 1102/2/288 1103/3/288 1104/4/288
usemtl white
v 0.641899 0.500000 0.084899
v 0.637064 0.536726 0.084899
v 0.627502 0.534164 0.089000
v 0.632000 0.500000 0.089000
vn 0.382199 0.050317 0.922709
f 1105/1/289 1106/2/289 1107/3/289 1108/4/289
usemtl white
v 0.637064 0.536726 0.084899
v 0.622889 0.570950 0.084899
v 0.614315 0.566000 0.089000
v 0.627502 0.534164 0.089000
vn 0.356152 0.147523 0.922709
f 1109/1/290 1110/2/290 1111/3/290 1112/4/290
usemtl white
v 0.622889 0.570950 0.084899
v 0.600338 0.600338 0.084899
v 0.593338 0.593338 0.089000
v 0.614315 0.566000 0.089000
vn 0.305835 0.234675 0.922709
f 1113/1/291 1114/2/291 1115/3/291 1116/4/291
usemtl white
v 0.600338 0.600338 0.084899
v 0.570950 0.622889 0.084899
v 0.566000 0.614315 0.089000
v 0.593338 0.593338 0.089000
vn 0.234675 0.305835 0.922709
f 1117/1/292 1118/2/292 1119/3/292 1120/4/292
usemtl white
v 0.570950 0.622889 0.084899
v 0.536726 0.637064 0.084899
v 0.534164 0.627502 0.089000
v 0.566000 0.614315 0.089000
vn 0.147523 0.356152 0.922709
f 1121/1/293 1122/2/293 1123/3/293 1124/4/293
usemtl white
v 0.536726 0.637064 0.084899
v 0.500000 0.641899 0.084899
v 0.500000 0.632000 0.089000
v 0.534164 0.627502 0.089000
vn 0.050317 0.382199 0.922709
f 1125/1/294 1126/2/294 1127/3/294 1128/4/294
usemtl white
v 0.500000 0.641899 0.084899
v 0.463274 0.637064 0.084899
v 0.465836 0.627502 0.089000
v 0.500000 0.632000 0.089000
vn -0.050317 0.382199 0.922709
f 1129/1/295 1130/2/295 1131/3/295 1132/4/295
usemtl white
v 0.463274 0.637064 0.084899
v 0.429050 0.622889 0.084899
v 0.434000 0.614315 0.089000
v 0.465836 0.627502 0.089000
vn -0.147523 0.356152 0.922709
f 1133/1/296 1134/2/296 1135/3/296 1136/4/296
usemtl white
v 0.429050 0.622889 0.084899
v 0.399662 0.600338 0.084899
v 0.406662 0.593338 0.089000
v 0.434000 0.614315 0.089000
vn -0.234675 0.305835 0.922709
f 1137/1/297 1138/2/297 1139/3/297 1140/4/297
usemtl white
v 0.399662 0.600338 0.084899
v 0.377111 0.570950 0.084899
v 0.385685 0.566000 0.089000
v 0.406662 0.593338 0.089000
vn -0.305835 0.234675 0.922709
f 1141/1/298 1142/2/298 1143/3/298 1144/4/298
usemtl white
v 0.377111 0.570950 0.084899
v 0.362936 0.536726 0.084899
v 0.372498 0.534164 0.089000
v 0.385685 0.566000 0.089000
vn -0.356152 0.147523 0.922709
f 1145/1/299 1146/2/299 1147/3/299 1148/4/299
usemtl white
v 0.362936 0.536726 0.084899
v 0.358101 0.500000 0.084899
v 0.368000 0.500000 0.089000
v 0.372498 0.534164 0.089000
vn -0.382199 0.050317 0.922709
f 1149/1/300 1150/2/300 1151/3/300 1152/4/300
usemtl white
v 0.358101 0.500000 0.084899
v 0.362936 0.463274 0.084899
v 0.372498 0.465836 0.089000
v 0.368000 0.500000 0.089000
vn -0.382199 -0.050317 0.922709
f 1153/1/301 1154/2/301 1155/3/301 1156/4/301
usemtl white
v 0.362936 0.463274 0.084899
v 0.377111 0.429050 0.084899
v 0.385685 0.434000 0.089000
v 0.372498 0.465836 0.089000
vn -0.356152 -0.147523 0.922709
f 1157/1/302 1158/2/302 1159/3/302 1160/4/302
usemtl white
v 0.377111 0.429050 0.084899
v 0.399662 0.399662 0.084899
v 0.406662 0.406662 0.089000
v 0.385685 0.434000 0.089000
vn -0.305835 -0.234675 0.922709
f 1161/1/303 1162/2/303 1163/3/303 1164/4/303
usemtl white
v 0.399662 0.399662 0.084899
v 0.429050 0.377111 0.084899
v 0.434000 0.385685 0.089000
v 0.406662 0.406662 0.089000
vn -0.234675 -0.305835 0.922709
f 1165/1/304 1166/2/304 1167/3/304 1168/4/304
usemtl white
v 0.429050 0.377111 0.084899
v 0.463274 0.362936 0.084899
v 0.465836 0.372498 0.089000
v 0.434000 0.385685 0.089000
vn -0.147523 -0.356152 0.922709
f 1169/1/305 1170/2/305 1171/3/305 1172/4/305
usemtl white
v 0.463274 0.362936 0.084899
v 0.500000 0.358101 0.084899
v 0.500000 0.368000 0.089000
v 0.465836 0.372498 0.089000
vn -0.050317 -0.382199 0.922709
f 1173/1/306 1174/2/306 1175/3/306 1176/4/306
usemtl white
v 0.500000 0.358101 0.084899
v 0.536726 0.362936 0.084899
v 0.534164 0.372498 0.089000
v 0.500000 0.368000 0.089000
vn 0.050317 -0.382199 0.922709
f 1177/1/307 1178/2/307 1179/3/307 1180/4/307
usemtl white
v 0.536726 0.362936 0.084899
v 0.570950 0.377111 0.084899
v 0.566000 0.385685 0.089000
v 0.534164 0.372498 0.089000
vn 0.147523 -0.356152 0.922709
f 1181/1/308 1182/2/308 1183/3/308 1184/4/308
usemtl white
v 0.570950 0.377111 0.084899
v 0.600338 0.399662 0.084899
v 0.593338 0.406662 0.089000
v 0.566000 0.385685 0.089000
vn 0.234675 -0.305835 0.922709
f 1185/1/309 1186/2/309 1187/3/309 1188/4/309
usemtl white
v 0.600338 0.399662 0.084899
v 0.622889 0.429050 0.084899
v 0.614315 0.434000 0.089000
v 0.593338 0.406662 0.089000
vn 0.305835 -0.234675 0.922709
f 1189/1/310 1190/2/310 1191/3/310 1192/4/310
usemtl white
v 0.622889 0.429050 0.084899
v 0.637064 0.463274 0.084899
v 0.627502 0.465836 0.089000
v 0.614315 0.434000 0.089000
vn 0.356152 -0.147523 0.922709
f 1193/1/311 1194/2/311 1195/3/311 1196/4/311
usemtl white
v 0.637064 0.463274 0.084899
v 0.641899 0.500000 0.084899
v 0.632000 0.500000 0.089000
v 0.627502 0.465836 0.089000
vn 0.382199 -0.050317 0.922709
f 1197/1/312 1198/2/312 1199/3/312 1200/4/312
usemtl white
v 0.632000 0.500000 0.089000
v 0.627502 0.534164 0.089000
v 0.617940 0.531602 0.084899
v 0.622101 0.500000 0.084899
vn -0.382199 -0.050317 0.922709
f 1201/1/313 1202/2/313 1203/3/313 1204/4/313
usemtl white
v 0.627502 0.534164 0.089000
v 0.614315 0.566000 0.089000
v 0.605742 0.561050 0.084899
v 0.617940 0.531602 0.084899
vn -0.356152 -0.147523 0.922709
f 1205/1/314 1206/2/314 1207/3/314 1208/4/314
usemtl white
v 0.614315 0.566000 0.089000
v 0.593338 0.593338 0.089000
v 0.586338 0.586338 0.084899
v 0.605742 0.561050 0.084899
vn -0.305835 -0.234675 0.922709
f 1209/1/315 1210/2/315 1211/3/315 1212/4/315
usemtl white
v 0.593338 0.593338 0.089000
v 0.566000 0.614315 0.089000
v 0.561050 0.605742 0.084899
v 0.586338 0.586338 0.084899
vn -0.234675 -0.305835 0.922709
f 1213/1/316 1214/2/316 1215/3/316 1216/4/316
usemtl white
v 0.566000 0.614315 0.089000
v 0.534164 0.627502 0.089000
v 0.531602 0.617940 0.084899
v 0.561050 0.605742 0.084899
vn -0.147523 -0.356152 0.922709
f 1217/1/317 1218/2/317 1219/3/317 1220/4/317
usemtl white
v 0.534164 0.627502 0.089000
v 0.500000 0.632000 0.089000
v 0.500000 0.622101 0.084899
v 0.531602 0.617940 0.084899
vn -0.050317 -0.382199 0.922709
f 1221/1/318 1222/2/318 1223/3/318 1224/4/318
usemtl white
v 0.500000 0.632000 0.089000
v 0.465836 0.627502 0.089000
v 0.468398 0.617940 0.084899
v 0.500000 0.622101 0.084899
vn 0.050317 -0.382199 0.922709
f 1225/1/319 1226/2/319 1227/3/319 1228/4/319
usemtl white
v 0.465836 0.627502 0.089000
v 0.434000 0.614315 0.089000
v 0.438950 0.605742 0.084899
v 0.468398 0.617940 0.084899
vn 0.147523 -0.356152 0.922709
f 1229/1/320 1230/2/320 1231/3/320 1232/4/320
usemtl white
v 0.434000 0.614315 0.089000
v 0.406662 0.593338 0.089000
v 0.413662 0.586338 0.084899
v 0.438950 0.605742 0.084899
vn 0.234675 -0.305835 0.922709
f 1233/1/321 1234/2/321 1235/3/321 1236/4/321
usemtl white
v 0.406662 0.593338 0.089000
v 0.385685 0.566000 0.089000
v 0.394258 0.561050 0.084899
v 0.413662 0.586338 0.084899
vn 0.305835 -0.234675 0.922709
f 1237/1/322 1238/2/322 1239/3/322 1240/4/322
usemtl white
v 0.385685 0.566000 0.089000
v 0.372498 0.534164 0.089000
v 0.382060 0.531602 0.084899
v 0.394258 0.561050 0.084899
vn 0.356152 -0.147523 0.922709
f 1241/1/323 1242/2/323 1243/3/323 1244/4/323
usemtl white
v 0.372498 0.534164 0.089000
v 0.368000 0.500000 0.089000
v 0.377899 0.500000 0.084899
v 0.382060 0.531602 0.084899
vn 0.382199 -0.050317 0.922709
f 1245/1/324 1246/2/324 1247/3/324 1248/4/324
usemtl white
v 0.368000 0.500000 0.089000
v 0.372498 0.465836 0.089000
v 0.382060 0.468398 0.084899
v 0.377899 0.500000 0.084899
vn 0.382199 0.050317 0.922709
f 1249/1/325 1250/2/325 1251/3/325 1252/4/325
usemtl white
v 0.372498 0.465836 0.089000
v 0.385685 0.434000 0.089000
v 0.394258 0.438950 0.084899
v 0.382060 0.468398 0.084899
vn 0.356152 0.147523 0.922709
f 1253/1/326 1254/2/326 1255/3/326 1256/4/326
usemtl white
v 0.385685 0.434000 0.089000
v 0.406662 0.406662 0.089000
v 0.413662 0.413662 0.084899
v 0.394258 0.438950 0.084899
vn 0.305835 0.234675 0.922709
f 1257/1/327 1258/2/327 1259/3/327 1260/4/327
usemtl white
v 0.406662 0.406662 0.089000
v 0.434000 0.385685 0.089000
v 0.438950 0.394258 0.084899
v 0.413662 0.413662 0.084899
vn 0.234675 0.305835 0.922709
f 1261/1/328 1262/2/328 1263/3/328 1264/4/328
usemtl white
v 0.434000 0.385685 0.089000
v 0.465836 0.372498 0.089000
v 0.468398 0.382060 0.084899
v 0.438950 0.394258 0.084899
vn 0.147523 0.356152 0.922709
f 1265/1/329 1266/2/329 1267/3/329 1268/4/329
usemtl white
v 0.465836 0.372498 0.089000
v 0.500000 0.368000 0.089000
v 0.500000 0.377899 0.084899
v 0.468398 0.382060 0.084899
vn 0.050317 0.382199 0.922709
f 1269/1/330 1270/2/330 1271/3/330 1272/4/330
usemtl white
v 0.500000 0.368000 0.089000
v 0.534164 0.372498 0.089000
v 0.531602 0.382060 0.084899
v 0.500000 0.377899 0.084899
vn -0.050317 0.382199 0.922709
f 1273/1/331 1274/2/331 1275/3/331 1276/4/331
usemtl white
v 0.534164 0.372498 0.089000
v 0.566000 0.385685 0.089000
v 0.561050 0.394258 0.084899
v 0.531602 0.382060 0.084899
vn -0.147523 0.356152 0.922709
f 1277/1/332 1278/2/332 1279/3/332 1280/4/332
usemtl white
v 0.566000 0.385685 0.089000
v 0.593338 0.406662 0.089000
v 0.586338 0.413662 0.084899
v 0.561050 0.394258 0.084899
vn -0.234675 0.305835 0.922709
f 1281/1/333 1282/2/333 1283/3/333 1284/4/333
usemtl white
v 0.593338 0.406662 0.089000
v 0.614315 0.434000 0.089000
v 0.605742 0.438950 0.084899
v 0.586338 0.413662 0.084899
vn -0.305835 0.234675 0.922709
f 1285/1/334 1286/2/334 1287/3/334 1288/4/334
usemtl white
v 0.614315 0.434000 0.089000
v 0.627502 0.465836 0.089000
v 0.617940 0.468398 0.084899
v 0.605742 0.438950 0.084899
vn -0.356152 0.147523 0.922709
f 1289/1/335 1290/2/335 1291/3/335 1292/4/335
usemtl white
v 0.627502 0.465836 0.089000
v 0.632000 0.500000 0.089000
v 0.622101 0.500000 0.084899
v 0.617940 0.468398 0.084899
vn -0.382199 0.050317 0.922709
f 1293/1/336 1294/2/336 1295/3/336 1296/4/336
usemtl white
v 0.622101 0.500000 0.084899
v 0.617940 0.531602 0.084899
v 0.613979 0.530541 0.075000
v 0.618000 0.500000 0.075000
vn -0.917120 -0.120741 0.379884
f 1297/1/337 1298/2/337 1299/3/337 1300/4/337
usemtl white
v 0.617940 0.531602 0.084899
v 0.605742 0.561050 0.084899
v 0.602191 0.559000 0.075000
v 0.613979 0.530541 0.075000
vn -0.854620 -0.353995 0.379884
f 1301/1/338 1302/2/338 1303/3/338 1304/4/338
usemtl white
v 0.605742 0.561050 0.084899
v 0.586338 0.586338 0.084899
v 0.583439 0.583439 0.075000
v 0.602191 0.559000 0.075000
vn -0.733879 -0.563125 0.379884
f 1305/1/339 1306/2/339 1307/3/339 1308/4/339
usemtl white
v 0.586338 0.586338 0.084899
v 0.561050 0.605742 0.084899
v 0.559000 0.602191 0.075000
v 0.583439 0.583439 0.075000
vn -0.563125 -0.733879 0.379884
f 1309/1/340 1310/2/340 1311/3/340 1312/4/340
usemtl white
v 0.561050 0.605742 0.084899
v 0.531602 0.617940 0.084899
v 0.530541 0.613979 0.075000
v 0.559000 0.602191 0.075000
vn -0.353995 -0.854620 0.379884
f 1313/1/341 1314/2/341 1315/3/341 1316/4/341
usemtl white
v 0.531602 0.617940 0.084899
v 0.500000 0.622101 0.084899
v 0.500000 0.618000 0.075000
v 0.530541 0.613979 0.075000
vn -0.120741 -0.917120 0.379884
f 1317/1/342 1318/2/342 1319/3/342 1320/4/342
usemtl white
v 0.500000 0.622101 0.084899
v 0.468398 0.617940 0.084899
v 0.469459 0.613979 0.075000
v 0.500000 0.618000 0.075000
vn 0.120741 -0.917120 0.379884
f 1321/1/343 1322/2/343 1323/3/343 1324/4/343
usemtl white
v 0.468398 0.617940 0.084899
v 0.438950 0.605742 0.084899
v 0.441000 0.602191 0.075000
v 0.469459 0.613979 0.075000
vn 0.353995 -0.854620 0.379884
f 1325/1/344 1326/2/344 1327/3/344 1328/4/344
usemtl white
v 0.438950 0.605742 0.084899
v 0.413662 0.586338 0.084899
v 0.416561 0.583439 0.075000
v 0.441000 0.602191 0.075000
vn 0.563125 -0.733879 0.379884
f 1329/1/345 1330/2/345 1331/3/345 1332/4/345
usemtl white
v 0.413662 0.586338 0.084899
v 0.394258 0.561050 0.084899
v 0.397809 0.559000 0.075000
v 0.416561 0.583439 0.075000
vn 0.733879 -0.563125 0.379884
f 1333/1/346 1334/2/346 1335/3/346 1336/4/346
usemtl white
v 0.394258 0.561050 0.084899
v 0.382060 0.531602 0.084899
v 0.386021 0.530541 0.075000
v 0.397809 0.559000 0.075000
vn 0.854620 -0.353995 0.379884
f 1337/1/347 1338/2/347 1339/3/347 1340/4/347
usemtl white
v 0.382060 0.531602 0.084899
v 0.377899 0.500000 0.084899
v 0.382000 0.500000 0.075000
v 0.386021 0.530541 0.075000
vn 0.917120 -0.120741 0.379884
f 1341/1/348 1342/2/348 1343/3/348 1344/4/348
usemtl white
v 0.377899 0.500000 0.084899
v 0.382060 0.468398 0.084899
v 0.386021 0.469459 0.075000
v 0.382000 0.500000 0.075000
vn 0.917120 0.120741 0.379884
f 1345/1/349 1346/2/349 1347/3/349 1348/4/349
usemtl white
v 0.382060 0.468398 0.084899
v 0.394258 0.438950 0.084899
v 0.397809 0.441000 0.075000
v 0.386021 0.469459 0.075000
vn 0.854620 0.353995 0.379884
f 1349/1/350 1350/2/350 1351/3/350 1352/4/350
usemtl white
v 0.394258 0.438950 0.084899
v 0.413662 0.413662 0.084899
v 0.416561 0.416561 0.075000
v 0.397809 0.441000 0.075000
vn 0.733879 0.563125 0.379884
f 1353/1/351 1354/2/351 1355/3/351 1356/4/351
usemtl white
v 0.413662 0.413662 0.084899
v 0.438950 0.394258 0.084899
v 0.441000 0.397809 0.075000
v 0.416561 0.416561 0.075000
vn 0.563125 0.733879 0.379884
f 1357/1/352 1358/2/352 1359/3/352 1360/4/352
usemtl white
v 0.438950 0.394258 0.084899
v 0.468398 0.382060 0.084899
v 0.469459 0.386021 0.075000
v 0.441000 0.397809 0.075000
vn 0.353995 0.854620 0.379884
f 1361/1/353 1362/2/353 1363/3/353 1364/4/353
usemtl white
v 0.468398 0.382060 0.084899
v 0.500000 0.377899 0.084899
v 0.500000 0.382000 0.075000
v 0.469459 0.386021 0.075000
vn 0.120741 0.917120 0.379884
f 1365/1/354 1366/2/354 1367/3/354 1368/4/354
usemtl white
v 0.500000 0.377899 0.084899
v 0.531602 0.382060 0.084899
v 0.530541 0.386021 0.075000
v 0.500000 0.382000 0.075000
vn -0.120741 0.917120 0.379884
f 1369/1/355 1370/2/355 1371/3/355 1372/4/355
usemtl white
v 0.531602 0.382060 0.084899
v 0.561050 0.394258 0.084899
v 0.559000 0.397809 0.075000
v 0.530541 0.386021 0.075000
vn -0.353995 0.854620 0.379884
f 1373/1/356 1374/2/356 1375/3/356 1376/4/356
usemtl white
v 0.561050 0.394258 0.084899
v 0.586338 0.413662 0.084899
v 0.583439 0.416561 0.075000
v 0.559000 0.397809 0.075000
vn -0.563125 0.733879 0.379884
f 1377/1/357 1378/2/357 1379/3/357 1380/4/357
usemtl white
v 0.586338 0.413662 0.084899
v 0.605742 0.438950 0.084899
v 0.602191 0.441000 0.075000
v 0.583439 0.416561 0.075000
vn -0.733879 0.563125 0.379884
f 1381/1/358 1382/2/358 1383/3/358 1384/4/358
usemtl white
v 0.605742 0.438950 0.084899
v 0.617940 0.468398 0.084899
v 0.613979 0.469459 0.075000
v 0.602191 0.441000 0.075000
vn -0.854620 0.353995 0.379884
f 1385/1/359 1386/2/359 1387/3/359 1388/4/359
usemtl white
v 0.617940 0.468398 0.084899
v 0.622101 0.500000 0.084899
v 0.618000 0.500000 0.075000
v 0.613979 0.469459 0.075000
vn -0.917120 0.120741 0.379884
f 1389/1/360 1390/2/360 1391/3/360 1392/4/360
usemtl white
v 0.618000 0.500000 0.075000
v 0.613979 0.530541 0.075000
v 0.617940 0.531602 0.065101
v 0.622101 0.500000 0.065101
vn -0.917120 -0.120741 -0.379884
f 1393/1/361 1394/2/361 1395/3/361 1396/4/361
usemtl white
v 0.613979 0.530541 0.075000
v 0.602191 0.559000 0.075000
v 0.605742 0.561050 0.065101
v 0.617940 0.531602 0.065101
vn -0.854620 -0.353995 -0.379884
f 1397/1/362 1398/2/362 1399/3/362 1400/4/362
usemtl white
v 0.602191 0.559000 0.075000
v 0.583439 0.583439 0.075000
v 0.586338 0.586338 0.065101
v 0.605742 0.561050 0.065101
vn -0.733879 -0.563125 -0.379884
f 1401/1/363 1402/2/363 1403/3/363 1404/4/363
usemtl white
v 0.583439 0.583439 0.075000
v 0.559000 0.602191 0.075000
v 0.561050 0.605742 0.065101
v 0.586338 0.586338 0.065101
vn -0.563125 -0.733879 -0.379884
f 1405/1/364 1406/2/364 1407/3/364 1408/4/364
usemtl white
v 0.559000 0.602191 0.075000
v 0.530541 0.613979 0.075000
v 0.531602 0.617940 0.065101
v 0.561050 0.605742 0.065101
vn -0.353995 -0.854620 -0.379884
f 1409/1/365 1410/2/365 1411/3/365 1412/4/365
usemtl white
v 0.530541 0.613979 0.075000
v 0.500000 0.618000 0.075000
v 0.500000 0.622101 0.065101
v 0.531602 0.617940 0.065101
vn -0.120741 -0.917120 -0.379884
f 1413/1/366 1414/2/366 1415/3/366 1416/4/366
usemtl white
v 0.500000 0.618000 0.075000
v 0.469459 0.613979 0.075000
v 0.468398 0.617940 0.065101
v 0.500000 0.622101 0.065101
vn 0.120741 -0.917120 -0.379884
f 1417/1/367 1418/2/367 1419/3/367 1420/4/367
usemtl white
v 0.469459 0.613979 0.075000
v 0.441000 0.602191 0.075000
v 0.438950 0.605742 0.065101
v 0.468398 0.617940 0.065101
vn 0.353995 -0.854620 -0.379884
f 1421/1/368 1422/2/368 1423/3/368 1424/4/368
usemtl white
v 0.441000 0.602191 0.075000
v 0.416561 0.583439 0.075000
v 0.413662 0.586338 0.065101
v 0.438950 0.605742 0.065101
vn 0.563125 -0.733879 -0.379884
f 1425/1/369 1426/2/369 1427/3/369 1428/4/369
usemtl white
v 0.416561 0.583439 0.075000
v 0.397809 0.559000 0.075000
v 0.394258 0.561050 0.065101
v 0.413662 0.586338 0.065101
vn 0.733879 -0.563125 -0.379884
f 1429/1/370 1430/2/370 1431/3/370 1432/4/370
usemtl white
v 0.397809 0.559000 0.075000
v 0.386021 0.530541 0.075000
v 0.382060 0.531602 0.065101
v 0.394258 0.561050 0.065101
vn 0.854620 -0.353995 -0.379884
f 1433/1/371 1434/2/371 1435/3/371 1436/4/371
usemtl white
v 0.386021 0.530541 0.075000
v 0.382000 0.500000 0.075000
v 0.377899 0.500000 0.065101
v 0.382060 0.531602 0.065101
vn 0.917120 -0.120741 -0.379884
f 1437/1/372 1438/2/372 1439/3/372 1440/4/372
usemtl white
v 0.382000 0.500000 0.075000
v 0.386021 0.469459 0.075000
v 0.382060 0.468398 0.065101
v 0.377899 0.500000 0.065101
vn 0.917120 0.120741 -0.379884
f 1441/1/373 1442/2/373 1443/3/373 1444/4/373
usemtl white
v 0.386021 0.469459 0.075000
v 0.397809 0.441000 0.075000
v 0.394258 0.438950 0.065101
v 0.382060 0.468398 0.065101
vn 0.854620 0.353995 -0.379884
f 1445/1/374 1446/2/374 1447/3/374 1448/4/374
usemtl white
v 0.397809 0.441000 0.075000
v 0.416561 0.416561 0.075000
v 0.413662 0.413662 0.065101
v 0.394258 0.438950 0.065101
vn 0.733879 0.563125 -0.379884
f 1449/1/375 1450/2/375 1451/3/375 1452/4/375
usemtl white
v 0.416561 0.416561 0.075000
v 0.441000 0.397809 0.075000
v 0.438950 0.394258 0.065101
v 0.413662 0.413662 0.065101
vn 0.563125 0.733879 -0.379884
f 1453/1/376 1454/2/376 1455/3/376 1456/4/376
usemtl white
v 0.441000 0.397809 0.075000
v 0.469459 0.386021 0.075000
v 0.468398 0.382060 0.065101
v 0.438950 0.394258 0.065101
vn 0.353995 0.854620 -0.379884
f 1457/1/377 1458/2/377 1459/3/377 1460/4/377
usemtl white
v 0.469459 0.386021 0.075000
v 0.500000 0.382000 0.075000
v 0.500000 0.377899 0.065101
v 0.468398 0.382060 0.065101
vn 0.120741 0.917120 -0.379884
f 1461/1/378 1462/2/378 1463/3/378 1464/4/378
usemtl white
v 0.500000 0.382000 0.075000
v 0.530541 0.386021 0.075000
v 0.531602 0.382060 0.065101
v 0.500000 0.377899 0.065101
vn -0.120741 0.917120 -0.379884
f 1465/1/379 1466/2/379 1467/3/379 1468/4/379
usemtl white
v 0.530541 0.386021 0.075000
v 0.559000 0.397809 0.075000
v 0.561050 0.394258 0.065101
v 0.531602 0.382060 0.065101
vn -0.353995 0.854620 -0.379884
f 1469/1/380 1470/2/380 1471/3/380 1472/4/380
usemtl white
v 0.559000 0.397809 0.075000
v 0.583439 0.416561 0.075000
v 0.586338 0.413662 0.065101
v 0.561050 0.394258 0.065101
vn -0.563125 0.733879 -0.379884
f 1473/1/381 1474/2/381 1475/3/381 1476/4/381
usemtl white
v 0.583439 0.416561 0.075000
v 0.602191 0.441000 0.075000
v 0.605742 0.438950 0.065101
v 0.586338 0.413662 0.065101
vn -0.733879 0.563125 -0.379884
f 1477/1/382 1478/2/382 1479/3/382 1480/4/382
usemtl white
v 0.602191 0.441000 0.075000
v 0.613979 0.469459 0.075000
v 0.617940 0.468398 0.065101
v 0.605742 0.438950 0.065101
vn -0.854620 0.353995 -0.379884
f 1481/1/383 1482/2/383 1483/3/383 1484/4/383
usemtl white
v 0.613979 0.469459 0.075000
v 0.618000 0.500000 0.075000
v 0.622101 0.500000 0.065101
v 0.617940 0.468398 0.065101
vn -0.917120 0.120741 -0.379884
f 1485/1/384 1486/2/384 1487/3/384 1488/4/384
usemtl white
v 0.622101 0.500000 0.065101
v 0.617940 0.531602 0.065101
v 0.627502 0.534164 0.061000
v 0.632000 0.500000 0.061000
vn -0.382199 -0.050317 -0.922709
f 1489/1/385 1490/2/385 1491/3/385 1492/4/385
usemtl white
v 0.617940 0.531602 0.065101
v 0.605742 0.561050 0.065101
v 0.614315 0.566000 0.061000
v 0.627502 0.534164 0.061000
vn -0.356152 -0.147523 -0.922709
f 1493/1/386 1494/2/386 1495/3/386 1496/4/386
usemtl white
v 0.605742 0.561050 0.065101
v 0.586338 0.586338 0.065101
v 0.593338 0.593338 0.061000
v 0.614315 0.566000 0.061000
vn -0.305835 -0.234675 -0.922709
f 1497/1/387 1498/2/387 1499/3/387 1500/4/387
usemtl white
v 0.586338 0.586338 0.065101
v 0.561050 0.605742 0.065101
v 0.566000 0.614315 0.061000
v 0.593338 0.593338 0.061000
vn -0.234675 -0.305835 -0.922709
f 1501/1/388 1502/2/388 1503/3/388 1504/4/388
usemtl white
v 0.561050 0.605742 0.065101
v 0.531602 0.617940 0.065101
v 0.534164 0.627502 0.061000
v 0.566000 0.614315 0.061000
vn -0.147523 -0.356152 -0.922709
f 1505/1/389 1506/2/389 1507/3/389 1508/4/389
usemtl white
v 0.531602 0.617940 0.065101
v 0.500000 0.622101 0.065101
v 0.500000 0.632000 0.061000
v 0.534164 0.627502 0.061000
vn -0.050317 -0.382199 -0.922709
f 1509/1/390 1510/2/390 1511/3/390 1512/4/390
usemtl white
v 0.500000 0.622101 0.065101
v 0.468398 0.617940 0.065101
v 0.465836 0.627502 0.061000
v 0.500000 0.632000 0.061000
vn 0.050317 -0.382199 -0.922709
f 1513/1/391 1514/2/391 1515/3/391 1516/4/391
usemtl white
v 0.468398 0.617940 0.065101
v 0.438950 0.605742 0.065101
v 0.434000 0.614315 0.061000
v 0.465836 0.627502 0.061000
vn 0.147523 -0.356152 -0.922709
f 1517/1/392 1518/2/392 1519/3/392 1520/4/392
usemtl white
v 0.438950 0.605742 0.065101
v 0.413662 0.586338 0.065101
v 0.406662 0.593338 0.061000
v 0.434000 0.614315 0.061000
vn 0.234675 -0.305835 -0.922709
f 1521/1/393 1522/2/393 1523/3/393 1524/4/393
usemtl white
v 0.413662 0.586338 0.065101
v 0.394258 0.561050 0.065101
v 0.385685 0.566000 0.061000
v 0.406662 0.593338 0.061000
vn 0.305835 -0.234675 -0.922709
f 1525/1/394 1526/2/394 1527/3/394 1528/4/394
usemtl white
v 0.394258 0.561050 0.065101
v 0.382060 0.531602 0.065101
v 0.372498 0.534164 0.061000
v 0.385685 0.566000 0.061000
vn 0.356152 -0.147523 -0.922709
f 1529/1/395 1530/2/395 1531/3/395 1532/4/395
usemtl white
v 0.382060 0.531602 0.065101
v 0.377899 0.500000 0.065101
v 0.368000 0.500000 0.061000
v 0.372498 0.534164 0.061000
vn 0.382199 -0.050317 -0.922709
f 1533/1/396 1534/2/396 1535/3/396 1536/4/396
usemtl white
v 0.377899 0.500000 0.065101
v 0.382060 0.468398 0.065101
v 0.372498 0.465836 0.061000
v 0.368000 0.500000 0.061000
vn 0.382199 0.050317 -0.922709
f 1537/1/397 1538/2/397 1539/3/397 1540/4/397
usemtl white
v 0.382060 0.468398 0.065101
v 0.394258 0.438950 0.065101
v 0.385685 0.434000 0.061000
v 0.372498 0.465836 0.061000
vn 0.356152 0.147523 -0.922709
f 1541/1/398 1542/2/398 1543/3/398 1544/4/398
usemtl white
v 0.394258 0.438950 0.065101
v 0.413662 0.413662 0.065101
v 0.406662 0.406662 0.061000
v 0.385685 0.434000 0.061000
vn 0.305835 0.234675 -0.922709
f 1545/1/399 1546/2/399 1547/3/399 1548/4/399
usemtl white
v 0.413662 0.413662 0.065101
v 0.438950 0.394258 0.065101
v 0.434000 0.385685 0.061000
v 0.406662 0.406662 0.061000
vn 0.234675 0.305835 -0.922709
f 1549/1/400 1550/2/400 1551/3/400 1552/4/400
usemtl white
v 0.438950 0.394258 0.065101
v 0.468398 0.382060 0.065101
v 0.465836 0.372498 0.061000
v 0.434000 0.385685 0.061000
vn 0.147523 0.356152 -0.922709
f 1553/1/401 1554/2/401 1555/3/401 1556/4/401
usemtl white
v 0.468398 0.382060 0.065101
v 0.500000 0.377899 0.065101
v 0.500000 0.368000 0.061000
v 0.465836 0.372498 0.061000
vn 0.050317 0.382199 -0.922709
f 1557/1/402 1558/2/402 1559/3/402 1560/4/402
usemtl white
v 0.500000 0.377899 0.065101
v 0.531602 0.382060 0.065101
v 0.534164 0.372498 0.061000
v 0.500000 0.368000 0.061000
vn -0.050317 0.382199 -0.922709
f 1561/1/403 1562/2/403 1563/3/403 1564/4/403
usemtl white
v 0.531602 0.382060 0.065101
v 0.561050 0.394258 0.065101
v 0.566000 0.385685 0.061000
v 0.534164 0.372498 0.061000
vn -0.147523 0.356152 -0.922709
f 1565/1/404 1566/2/404 1567/3/404 1568/4/404
usemtl white
v 0.561050 0.394258 0.065101
v 0.586338 0.413662 0.065101
v 0.593338 0.406662 0.061000
v 0.566000 0.385685 0.061000
vn -0.234675 0.305835 -0.922709
f 1569/1/405 1570/2/405 1571/3/405 1572/4/405
usemtl white
v 0.586338 0.413662 0.065101
v 0.605742 0.438950 0.065101
v 0.614315 0.434000 0.061000
v 0.593338 0.406662 0.061000
vn -0.305835 0.234675 -0.922709
f 1573/1/406 1574/2/406 1575/3/406 1576/4/406
usemtl white
v 0.605742 0.438950 0.065101
v 0.617940 0.468398 0.065101
v 0.627502 0.465836 0.061000
v 0.614315 0.434000 0.061000
vn -0.356152 0.147523 -0.922709
f 1577/1/407 1578/2/407 1579/3/407 1580/4/407
usemtl white
v 0.617940 0.468398 0.065101
v 0.622101 0.500000 0.065101
v 0.632000 0.500000 0.061000
v 0.627502 0.465836 0.061000
vn -0.382199 0.050317 -0.922709
f 1581/1/408 1582/2/408 1583/3/408 1584/4/408
usemtl white
v 0.632000 0.500000 0.061000
v 0.627502 0.534164 0.061000
v 0.637064 0.536726 0.065101
v 0.641899 0.500000 0.065101
vn 0.382199 0.050317 -0.922709
f 1585/1/409 1586/2/409 1587/3/409 1588/4/409
usemtl white
v 0.627502 0.534164 0.061000
v 0.614315 0.566000 0.061000
v 0.622889 0.570950 0.065101
v 0.637064 0.536726 0.065101
vn 0.356152 0.147523 -0.922709
f 1589/1/410 1590/2/410 1591/3/410 1592/4/410
usemtl white
v 0.614315 0.566000 0.061000
v 0.593338 0.593338 0.061000
v 0.600338 0.600338 0.065101
v 0.622889 0.570950 0.065101
vn 0.305835 0.234675 -0.922709
f 1593/1/411 1594/2/411 1595/3/411 1596/4/411
usemtl white
v 0.593338 0.593338 0.061000
v 0.566000 0.614315 0.061000
v 0.570950 0.622889 0.065101
v 0.600338 0.600338 0.065101
vn 0.234675 0.305835 -0.922709
f 1597/1/412 1598/2/412 1599/3/412 1600/4/412
usemtl white
v 0.566000 0.614315 0.061000
v 0.534164 0.627502 0.061000
v 0.536726 0.637064 0.065101
v 0.570950 0.622889 0.065101
vn 0.147523 0.356152 -0.922709
f 1601/1/413 1602/2/413 1603/3/413 1604/4/413
usemtl white
v 0.534164 0.627502 0.061000
v 0.500000 0.632000 0.061000
v 0.500000 0.641899 0.065101
v 0.536726 0.637064 0.065101
vn 0.050317 0.382199 -0.922709
f 1605/1/414 1606/2/414 1607/3/414 1608/4/414
usemtl white
v 0.500000 0.632000 0.061000
v 0.465836 0.627502 0.061000
v 0.463274 0.637064 0.065101
v 0.500000 0.641899 0.065101
vn -0.050317 0.382199 -0.922709
f 1609/1/415 1610/2/415 1611/3/415 1612/4/415
usemtl white
v 0.465836 0.627502 0.061000
v 0.434000 0.614315 0.061000
v 0.429050 0.622889 0.065101
v 0.463274 0.637064 0.065101
vn -0.147523 0.356152 -0.922709
f 1613/1/416 1614/2/416 1615/3/416 1616/4/416
usemtl white
v 0.434000 0.614315 0.061000
v 0.406662 0.593338 0.061000
v 0.399662 0.600338 0.065101
v 0.429050 0.622889 0.065101
vn -0.234675 0.305835 -0.922709
f 1617/1/417 1618/2/417 1619/3/417 1620/4/417
usemtl white
v 0.406662 0.593338 0.061000
v 0.385685 0.566000 0.061000
v 0.377111 0.570950 0.065101
v 0.399662 0.600338 0.065101
vn -0.305835 0.234675 -0.922709
f 1621/1/418 1622/2/418 1623/3/418 1624/4/418
usemtl white
v 0.385685 0.566000 0.061000
v 0.372498 0.534164 0.061000
v 0.362936 0.536726 0.065101
v 0.377111 0.570950 0.065101
vn -0.356152 0.147523 -0.922709
f 1625/1/419 1626/2/419 1627/3/419 1628/4/419
usemtl white
v 0.372498 0.534164 0.061000
v 0.368000 0.500000 0.061000
v 0.358101 0.500000 0.065101
v 0.362936 0.536726 0.065101
vn -0.382199 0.050317 -0.922709
f 1629/1/420 1630/2/420 1631/3/420 1632/4/420
usemtl white
v 0.368000 0.500000 0.061000
v 0.372498 0.465836 0.061000
v 0.362936 0.463274 0.065101
v 0.358101 0.500000 0.065101
vn -0.382199 -0.050317 -0.922709
f 1633/1/421 1634/2/421 1635/3/421 1636/4/421
usemtl white
v 0.372498 0.465836 0.061000
v 0.385685 0.434000 0.061000
v 0.377111 0.429050 0.065101
v 0.362936 0.463274 0.065101
vn -0.356152 -0.147523 -0.922709
f 1637/1/422 1638/2/422 1639/3/422 1640/4/422
usemtl white
v 0.385685 0.434000 0.061000
v 0.406662 0.406662 0.061000
v 0.399662 0.399662 0.065101
v 0.377111 0.429050 0.065101
vn -0.305835 -0.234675 -0.922709
f 1641/1/423 1642/2/423 1643/3/423 1644/4/423
usemtl white
v 0.406662 0.406662 0.061000
v 0.434000 0.385685 0.061000
v 0.429050 0.377111 0.065101
v 0.399662 0.399662 0.065101
vn -0.234675 -0.305835 -0.922709
f 1645/1/424 1646/2/424 1647/3/424 1648/4/424
usemtl white
v 0.434000 0.385685 0.061000
v 0.465836 0.372498 0.061000
v 0.463274 0.362936 0.065101
v 0.429050 0.377111 0.065101
vn -0.147523 -0.356152 -0.922709
f 1649/1/425 1650/2/425 1651/3/425 1652/4/425
usemtl white
v 0.465836 0.372498 0.061000
v 0.500000 0.368000 0.061000
v 0.500000 0.358101 0.065101
v 0.463274 0.362936 0.065101
vn -0.050317 -0.382199 -0.922709
f 1653/1/426 1654/2/426 1655/3/426 1656/4/426
usemtl white
v 0.500000 0.368000 0.061000
v 0.534164 0.372498 0.061000
v 0.536726 0.362936 0.065101
v 0.500000 0.358101 0.065101
vn 0.050317 -0.382199 -0.922709
f 1657/1/427 1658/2/427 1659/3/427 1660/4/427
usemtl white
v 0.534164 0.372498 0.061000
v 0.566000 0.385685 0.061000
v 0.570950 0.377111 0.065101
v 0.536726 0.362936 0.065101
vn 0.147523 -0.356152 -0.922709
f 1661/1/428 1662/2/428 1663/3/428 1664/4/428
usemtl white
v 0.566000 0.385685 0.061000
v 0.593338 0.406662 0.061000
v 0.600338 0.399662 0.065101
v 0.570950 0.377111 0.065101
vn 0.234675 -0.305835 -0.922709
f 1665/1/429 1666/2/429 1667/3/429 1668/4/429
usemtl white
v 0.593338 0.406662 0.061000
v 0.614315 0.434000 0.061000
v 0.622889 0.429050 0.065101
v 0.600338 0.399662 0.065101
vn 0.305835 -0.234675 -0.922709
f 1669/1/430 1670/2/430 1671/3/430 1672/4/430
usemtl white
v 0.614315 0.434000 0.061000
v 0.627502 0.465836 0.061000
v 0.637064 0.463274 0.065101
v 0.622889 0.429050 0.065101
vn 0.356152 -0.147523 -0.922709
f 1673/1/431 1674/2/431 1675/3/431 1676/4/431
usemtl white
v 0.627502 0.465836 0.061000
v 0.632000 0.500000 0.061000
v 0.641899 0.500000 0.065101
v 0.637064 0.463274 0.065101
vn 0.382199 -0.050317 -0.922709
f 1677/1/432 1678/2/432 1679/3/432 1680/4/432
usemtl white
v 0.641899 0.500000 0.065101
v 0.637064 0.536726 0.065101
v 0.641025 0.537788 0.075000
v 0.646000 0.500000 0.075000
vn 0.917120 0.120741 -0.379884
f 1681/1/433 1682/2/433 1683/3/433 1684/4/433
usemtl white
v 0.637064 0.536726 0.065101
v 0.622889 0.570950 0.065101
v 0.626440 0.573000 0.075000
v 0.641025 0.537788 0.075000
vn 0.854620 0.353995 -0.379884
f 1685/1/434 1686/2/434 1687/3/434 1688/4/434
usemtl white
v 0.622889 0.570950 0.065101
v 0.600338 0.600338 0.065101
v 0.603238 0.603238 0.075000
v 0.626440 0.573000 0.075000
vn 0.733879 0.563125 -0.379884
f 1689/1/435 1690/2/435 1691/3/435 1692/4/435
usemtl white
v 0.600338 0.600338 0.065101
v 0.570950 0.622889 0.065101
v 0.573000 0.626440 0.075000
v 0.603238 0.603238 0.075000
vn 0.563125 0.733879 -0.379884
f 1693/1/436 1694/2/436 1695/3/436 1696/4/436
usemtl white
v 0.570950 0.622889 0.065101
v 0.536726 0.637064 0.065101
v 0.537788 0.641025 0.075000
v 0.573000 0.626440 0.075000
vn 0.353995 0.854620 -0.379884
f 1697/1/437 1698/2/437 1699/3/437 1700/4/437
usemtl white
v 0.536726 0.637064 0.065101
v 0.500000 0.641899 0.065101
v 0.500000 0.646000 0.075000
v 0.537788 0.641025 0.075000
vn 0.120741 0.917120 -0.379884
f 1701/1/438 1702/2/438 1703/3/438 1704/4/438
usemtl white
v 0.500000 0.641899 0.065101
v 0.463274 0.637064 0.065101
v 0.462212 0.641025 0.075000
v 0.500000 0.646000 0.075000
vn -0.120741 0.917120 -0.379884
f 1705/1/439 1706/2/439 1707/3/439 1708/4/439
usemtl white
v 0.463274 0.637064 0.065101
v 0.429050 0.622889 0.065101
v 0.427000 0.626440 0.075000
v 0.462212 0.641025 0.075000
vn -0.353995 0.854620 -0.379884
f 1709/1/440 1710/2/440 1711/3/440 1712/4/440
usemtl white
v 0.429050 0.622889 0.065101
v 0.399662 0.600338 0.065101
v 0.396762 0.603238 0.075000
v 0.427000 0.626440 0.075000
vn -0.563125 0.733879 -0.379884
f 1713/1/441 1714/2/441 1715/3/441 1716/4/441
usemtl white
v 0.399662 0.600338 0.065101
v 0.377111 0.570950 0.065101
v 0.373560 0.573000 0.075000
v 0.396762 0.603238 0.075000
vn -0.733879 0.563125 -0.379884
f 1717/1/442 1718/2/442 1719/3/442 1720/4/442
usemtl white
v 0.377111 0.570950 0.065101
v 0.362936 0.536726 0.065101
v 0.358975 0.537788 0.075000
v 0.373560 0.573000 0.075000
vn -0.854620 0.353995 -0.379884
f 1721/1/443 1722/2/443 1723/3/443 1724/4/443
usemtl white
v 0.362936 0.536726 0.065101
v 0.358101 0.500000 0.065101
v 0.354000 0.500000 0.075000
v 0.358975 0.537788 0.075000
vn -0.917120 0.120741 -0.379884
f 1725/1/444 1726/2/444 1727/3/444 1728/4/444
usemtl white
v 0.358101 0.500000 0.065101
v 0.362936 0.463274 0.065101
v 0.358975 0.462212 0.075000
v 0.354000 0.500000 0.075000
vn -0.917120 -0.120741 -0.379884
f 1729/1/445 1730/2/445 1731/3/445 1732/4/445
usemtl white
v 0.362936 0.463274 0.065101
v 0.377111 0.429050 0.065101
v 0.373560 0.427000 0.075000
v 0.358975 0.462212 0.075000
vn -0.854620 -0.353995 -0.379884
f 1733/1/446 1734/2/446 1735/3/446 1736/4/446
usemtl white
v 0.377111 0.429050 0.065101
v 0.399662 0.399662 0.065101
v 0.396762 0.396762 0.075000
v 0.373560 0.427000 0.075000
vn -0.733879 -0.563125 -0.379884
f 1737/1/447 1738/2/447 1739/3/447 1740/4/447
usemtl white
v 0.399662 0.399662 0.065101
v 0.429050 0.377111 0.065101
v 0.427000 0.373560 0.075000
v 0.396762 0.396762 0.075000
vn -0.563125 -0.733879 -0.379884
f 1741/1/448 1742/2/448 1743/3/448 1744/4/448
usemtl white
v 0.429050 0.377111 0.065101
v 0.463274 0.362936 0.065101
v 0.462212 0.358975 0.075000
v 0.427000 0.373560 0.075000
vn -0.353995 -0.854620 -0.379884
f 1745/1/449 1746/2/449 1747/3/449 1748/4/449
usemtl white
v 0.463274 0.362936 0.065101
v 0.500000 0.358101 0.065101
v 0.500000 0.354000 0.075000
v 0.462212 0.358975 0.075000
vn -0.120741 -0.917120 -0.379884
f 1749/1/450 1750/2/450 1751/3/450 1752/4/450
usemtl white
v 0.500000 0.358101 0.065101
v 0.536726 0.362936 0.065101
v 0.537788 0.358975 0.075000
v 0.500000 0.354000 0.075000
vn 0.120741 -0.917120 -0.379884
f 1753/1/451 1754/2/451 1755/3/451 1756/4/451
usemtl white
v 0.536726 0.362936 0.065101
v 0.570950 0.377111 0.065101
v 0.573000 0.373560 0.075000
v 0.537788 0.358975 0.075000
vn 0.353995 -0.854620 -0.379884
f 1757/1/452 1758/2/452 1759/3/452 1760/4/452
usemtl white
v 0.570950 0.377111 0.065101
v 0.600338 0.399662 0.065101
v 0.603238 0.396762 0.075000
v 0.573000 0.373560 0.075000
vn 0.563125 -0.733879 -0.379884
f 1761/1/453 1762/2/453 1763/3/453 1764/4/453
usemtl white
v 0.600338 0.399662 0.065101
v 0.622889 0.429050 0.065101
v 0.626440 0.427000 0.075000
v 0.603238 0.396762 0.075000
vn 0.733879 -0.563125 -0.379884
f 1765/1/454 1766/2/454 1767/3/454 1768/4/454
usemtl white
v 0.622889 0.429050 0.065101
v 0.637064 0.463274 0.065101
v 0.641025 0.462212 0.075000
v 0.626440 0.427000 0.075000
vn 0.854620 -0.353995 -0.379884
f 1769/1/455 1770/2/455 1771/3/455 1772/4/455
usemtl white
v 0.637064 0.463274 0.065101
v 0.641899 0.500000 0.065101
v 0.646000 0.500000 0.075000
v 0.641025 0.462212 0.075000
vn 0.917120 -0.120741 -0.379884
f 1773/1/456 1774/2/456 1775/3/456 1776/4/456
usemtl black
v 0.678000 0.500000 0.190000
v 0.671935 0.546070 0.190000
v 0.668540 0.545160 0.198485
v 0.674485 0.500000 0.198485
vn 0.917120 0.120741 0.379884
f 1777/1/457 1778/2/457 1779/3/457 1780/4/457
usemtl black
v 0.671935 0.546070 0.190000
v 0.654153 0.589000 0.190000
v 0.651109 0.587243 0.198485
v 0.668540 0.545160 0.198485
vn 0.854620 0.353995 0.379884
f 1781/1/458 1782/2/458 1783/3/458 1784/4/458
usemtl black
v 0.654153 0.589000 0.190000
v 0.625865 0.625865 0.190000
v 0.623380 0.623380 0.198485
v 0.651109 0.587243 0.198485
vn 0.733879 0.563125 0.379884
f 1785/1/459 1786/2/459 1787/3/459 1788/4/459
usemtl black
v 0.625865 0.625865 0.190000
v 0.589000 0.654153 0.190000
v 0.587243 0.651109 0.198485
v 0.623380 0.623380 0.198485
vn 0.563125 0.733879 0.379884
f 1789/1/460 1790/2/460 1791/3/460 1792/4/460
usemtl black
v 0.589000 0.654153 0.190000
v 0.546070 0.671935 0.190000
v 0.545160 0.668540 0.198485
v 0.587243 0.651109 0.198485
vn 0.353995 0.854620 0.379884
f 1793/1/461 1794/2/461 1795/3/461 1796/4/461
usemtl black
v 0.546070 0.671935 0.190000
v 0.500000 0.678000 0.190000
v 0.500000 0.674485 0.198485
v 0.545160 0.668540 0.198485
vn 0.120741 0.917120 0.379884
f 1797/1/462 1798/2/462 1799/3/462 1800/4/462
usemtl black
v 0.500000 0.678000 0.190000
v 0.453930 0.671935 0.190000
v 0.454840 0.668540 0.198485
v 0.500000 0.674485 0.198485
vn -0.120741 0.917120 0.379884
f 1801/1/463 1802/2/463 1803/3/463 1804/4/463
usemtl black
v 0.453930 0.671935 0.190000
v 0.411000 0.654153 0.190000
v 0.412757 0.651109 0.198485
v 0.454840 0.668540 0.198485
vn -0.353995 0.854620 0.379884
f 1805/1/464 1806/2/464 1807/3/464 1808/4/464
usemtl black
v 0.411000 0.654153 0.190000
v 0.374135 0.625865 0.190000
v 0.376620 0.623380 0.198485
v 0.412757 0.651109 0.198485
vn -0.563125 0.733879 0.379884
f 1809/1/465 1810/2/465 1811/3/465 1812/4/465
usemtl black
v 0.374135 0.625865 0.190000
v 0.345847 0.589000 0.190000
v 0.348891 0.587243 0.198485
v 0.376620 0.623380 0.198485
vn -0.733879 0.563125 0.379884
f 1813/1/466 1814/2/466 1815/3/466 1816/4/466
usemtl black
v 0.345847 0.589000 0.190000
v 0.328065 0.546070 0.190000
v 0.331460 0.545160 0.198485
v 0.348891 0.587243 0.198485
vn -0.854620 0.353995 0.379884
f 1817/1/467 1818/2/467 1819/3/467 1820/4/467
usemtl black
v 0.328065 0.546070 0.190000
v 0.322000 0.500000 0.190000
v 0.325515 0.500000 0.198485
v 0.331460 0.545160 0.198485
vn -0.917120 0.120741 0.379884
f 1821/1/468 1822/2/468 1823/3/468 1824/4/468
usemtl black
v 0.322000 0.500000 0.190000
v 0.328065 0.453930 0.190000
v 0.331460 0.454840 0.198485
v 0.325515 0.500000 0.198485
vn -0.917120 -0.120741 0.379884
f 1825/1/469 1826/2/469 1827/3/469 1828/4/469
usemtl black
v 0.328065 0.453930 0.190000
v 0.345847 0.411000 0.190000
v 0.348891 0.412757 0.198485
v 0.331460 0.454840 0.198485
vn -0.854620 -0.353995 0.379884
f 1829/1/470 1830/2/470 1831/3/470 1832/4/470
usemtl black
v 0.345847 0.411000 0.190000
v 0.374135 0.374135 0.190000
v 0.376620 0.376620 0.198485
v 0.348891 0.412757 0.198485
vn -0.733879 -0.563125 0.379884
f 1833/1/471 1834/2/471 1835/3/471 1836/4/471
usemtl black
v 0.374135 0.374135 0.190000
v 0.411000 0.345847 0.190000
v 0.412757 0.348891 0.198485
v 0.376620 0.376620 0.198485
vn -0.563125 -0.733879 0.379884
f 1837/1/472 1838/2/472 1839/3/472 1840/4/472
usemtl black
v 0.411000 0.345847 0.190000
v 0.453930 0.328065 0.190000
v 0.454840 0.331460 0.198485
v 0.412757 0.348891 0.198485
vn -0.353995 -0.854620 0.379884
f 1841/1/473 1842/2/473 1843/3/473 1844/4/473
usemtl black
v 0.453930 0.328065 0.190000
v 0.500000 0.322000 0.190000
v 0.500000 0.325515 0.198485
v 0.454840 0.331460 0.198485
vn -0.120741 -0.917120 0.379884
f 1845/1/474 1846/2/474 1847/3/474 1848/4/474
usemtl black
v 0.500000 0.322000 0.190000
v 0.546070 0.328065 0.190000
v 0.545160 0.331460 0.198485
v 0.500000 0.325515 0.198485
vn 0.120741 -0.917120 0.379884
f 1849/1/475 1850/2/475 1851/3/475 1852/4/475
usemtl black
v 0.546070 0.328065 0.190000
v 0.589000 0.345847 0.190000
v 0.587243 0.348891 0.198485
v 0.545160 0.331460 0.198485
vn 0.353995 -0.854620 0.379884
f 1853/1/476 1854/2/476 1855/3/476 1856/4/476
usemtl black
v 0.589000 0.345847 0.190000
v 0.625865 0.374135 0.190000
v 0.623380 0.376620 0.198485
v 0.587243 0.348891 0.198485
vn 0.563125 -0.733879 0.379884
f 1857/1/477 1858/2/477 1859/3/477 1860/4/477
usemtl black
v 0.625865 0.374135 0.190000
v 0.654153 0.411000 0.190000
v 0.651109 0.412757 0.198485
v 0.623380 0.376620 0.198485
vn 0.733879 -0.563125 0.379884
f 1861/1/478 1862/2/478 1863/3/478 1864/4/478
usemtl black
v 0.654153 0.411000 0.190000
v 0.671935 0.453930 0.190000
v 0.668540 0.454840 0.198485
v 0.651109 0.412757 0.198485
vn 0.854620 -0.353995 0.379884
f 1865/1/479 1866/2/479 1867/3/479 1868/4/479
usemtl black
v 0.671935 0.453930 0.190000
v 0.678000 0.500000 0.190000
v 0.674485 0.500000 0.198485
v 0.668540 0.454840 0.198485
vn 0.917120 -0.120741 0.379884
f 1869/1/480 1870/2/480 1871/3/480 1872/4/480
usemtl black
v 0.674485 0.500000 0.198485
v 0.668540 0.545160 0.198485
v 0.660344 0.542964 0.202000
v 0.666000 0.500000 0.202000
vn 0.382199 0.050317 0.922709
f 1873/1/481 1874/2/481 1875/3/481 1876/4/481
usemtl black
v 0.668540 0.545160 0.198485
v 0.651109 0.587243 0.198485
v 0.643760 0.583000 0.202000
v 0.660344 0.542964 0.202000
vn 0.356152 0.147523 0.922709
f 1877/1/482 1878/2/482 1879/3/482 1880/4/482
usemtl black
v 0.651109 0.587243 0.198485
v 0.623380 0.623380 0.198485
v 0.617380 0.617380 0.202000
v 0.643760 0.583000 0.202000
vn 0.305835 0.234675 0.922709
f 1881/1/483 1882/2/483 1883/3/483 1884/4/483
usemtl black
v 0.623380 0.623380 0.198485
v 0.587243 0.651109 0.198485
v 0.583000 0.643760 0.202000
v 0.617380 0.617380 0.202000
vn 0.234675 0.305835 0.922709
f 1885/1/484 1886/2/484 1887/3/484 1888/4/484
usemtl black
v 0.587243 0.651109 0.198485
v 0.545160 0.668540 0.198485
v 0.542964 0.660344 0.202000
v 0.583000 0.643760 0.202000
vn 0.147523 0.356152 0.922709
f 1889/1/485 1890/2/485 1891/3/485 1892/4/485
usemtl black
v 0.545160 0.668540 0.198485
v 0.500000 0.674485 0.198485
v 0.500000 0.666000 0.202000
v 0.542964 0.660344 0.202000
vn 0.050317 0.382199 0.922709
f 1893/1/486 1894/2/486 1895/3/486 1896/4/486
usemtl black
v 0.500000 0.674485 0.198485
v 0.454840 0.668540 0.198485
v 0.457036 0.660344 0.202000
v 0.500000 0.666000 0.202000
vn -0.050317 0.382199 0.922709
f 1897/1/487 1898/2/487 1899/3/487 1900/4/487
usemtl black
v 0.454840 0.668540 0.198485
v 0.412757 0.651109 0.198485
v 0.417000 0.643760 0.202000
v 0.457036 0.660344 0.202000
vn -0.147523 0.356152 0.922709
f 1901/1/488 1902/2/488 1903/3/488 1904/4/488
usemtl black
v 0.412757 0.651109 0.198485
v 0.376620 0.623380 0.198485
v 0.382620 0.617380 0.202000
v 0.417000 0.643760 0.202000
vn -0.234675 0.305835 0.922709
f 1905/1/489 1906/2/489 1907/3/489 1908/4/489
usemtl black
v 0.376620 0.623380 0.198485
v 0.348891 0.587243 0.198485
v 0.356240 0.583000 0.202000
v 0.382620 0.617380 0.202000
vn -0.305835 0.234675 0.922709
f 1909/1/490 1910/2/490 1911/3/490 1912/4/490
usemtl black
v 0.348891 0.587243 0.198485
v 0.331460 0.545160 0.198485
v 0.339656 0.542964 0.202000
v 0.356240 0.583000 0.202000
vn -0.356152 0.147523 0.922709
f 1913/1/491 1914/2/491 1915/3/491 1916/4/491
usemtl black
v 0.331460 0.545160 0.198485
v 0.325515 0.500000 0.198485
v 0.334000 0.500000 0.202000
v 0.339656 0.542964 0.202000
vn -0.382199 0.050317 0.922709
f 1917/1/492 1918/2/492 1919/3/492 1920/4/492
usemtl black
v 0.325515 0.500000 0.198485
v 0.331460 0.454840 0.198485
v 0.339656 0.457036 0.202000
v 0.334000 0.500000 0.202000
vn -0.382199 -0.050317 0.922709
f 1921/1/493 1922/2/493 1923/3/493 1924/4/493
usemtl black
v 0.331460 0.454840 0.198485
v 0.348891 0.412757 0.198485
v 0.356240 0.417000 0.202000
v 0.339656 0.457036 0.202000
vn -0.356152 -0.147523 0.922709
f 1925/1/494 1926/2/494 1927/3/494 1928/4/494
usemtl black
v 0.348891 0.412757 0.198485
v 0.376620 0.376620 0.198485
v 0.382620 0.382620 0.202000
v 0.356240 0.417000 0.202000
vn -0.305835 -0.234675 0.922709
f 1929/1/495 1930/2/495 1931/3/495 1932/4/495
usemtl black
v 0.376620 0.376620 0.198485
v 0.412757 0.348891 0.198485
v 0.417000 0.356240 0.202000
v 0.382620 0.382620 0.202000
vn -0.234675 -0.305835 0.922709
f 1933/1/496 1934/2/496 1935/3/496 1936/4/496
usemtl black
v 0.412757 0.348891 0.198485
v 0.454840 0.331460 0.198485
v 0.457036 0.339656 0.202000
v 0.417000 0.356240 0.202000
vn -0.147523 -0.356152 0.922709
f 1937/1/497 1938/2/497 1939/3/497 1940/4/497
usemtl black
v 0.454840 0.331460 0.198485
v 0.500000 0.325515 0.198485
v 0.500000 0.334000 0.202000
v 0.457036 0.339656 0.202000
vn -0.050317 -0.382199 0.922709
f 1941/1/498 1942/2/498 1943/3/498 1944/4/498
usemtl black
v 0.500000 0.325515 0.198485
v 0.545160 0.331460 0.198485
v 0.542964 0.339656 0.202000
v 0.500000 0.334000 0.202000
vn 0.050317 -0.382199 0.922709
f 1945/1/499 1946/2/499 1947/3/499 1948/4/499
usemtl black
v 0.545160 0.331460 0.198485
v 0.587243 0.348891 0.198485
v 0.583000 0.356240 0.202000
v 0.542964 0.339656 0.202000
vn 0.147523 -0.356152 0.922709
f 1949/1/500 1950/2/500 1951/3/500 1952/4/500
usemtl black
v 0.587243 0.348891 0.198485
v 0.623380 0.376620 0.198485
v 0.617380 0.382620 0.202000
v 0.583000 0.356240 0.202000
vn 0.234675 -0.305835 0.922709
f 1953/1/501 1954/2/501 1955/3/501 1956/4/501
usemtl black
v 0.623380 0.376620 0.198485
v 0.651109 0.412757 0.198485
v 0.643760 0.417000 0.202000
v 0.617380 0.382620 0.202000
vn 0.305835 -0.234675 0.922709
f 1957/1/502 1958/2/502 1959/3/502 1960/4/502
usemtl black
v 0.651109 0.412757 0.198485
v 0.668540 0.454840 0.198485
v 0.660344 0.457036 0.202000
v 0.643760 0.417000 0.202000
vn 0.356152 -0.147523 0.922709
f 1961/1/503 1962/2/503 1963/3/503 1964/4/503
usemtl black
v 0.668540 0.454840 0.198485
v 0.674485 0.500000 0.198485
v 0.666000 0.500000 0.202000
v 0.660344 0.457036 0.202000
vn 0.382199 -0.050317 0.922709
f 1965/1/504 1966/2/504 1967/3/504 1968/4/504
usemtl black
v 0.666000 0.500000 0.202000
v 0.660344 0.542964 0.202000
v 0.652148 0.540768 0.198485
v 0.657515 0.500000 0.198485
vn -0.382199 -0.050317 0.922709
f 1969/1/505 1970/2/505 1971/3/505 1972/4/505
usemtl black
v 0.660344 0.542964 0.202000
v 0.643760 0.583000 0.202000
v 0.636412 0.578757 0.198485
v 0.652148 0.540768 0.198485
vn -0.356152 -0.147523 0.922709
f 1973/1/506 1974/2/506 1975/3/506 1976/4/506
usemtl black
v 0.643760 0.583000 0.202000
v 0.617380 0.617380 0.202000
v 0.611380 0.611380 0.198485
v 0.636412 0.578757 0.198485
vn -0.305835 -0.234675 0.922709
f 1977/1/507 1978/2/507 1979/3/507 1980/4/507
usemtl black
v 0.617380 0.617380 0.202000
v 0.583000 0.643760 0.202000
v 0.578757 0.636412 0.198485
v 0.611380 0.611380 0.198485
vn -0.234675 -0.305835 0.922709
f 1981/1/508 1982/2/508 1983/3/508 1984/4/508
usemtl black
v 0.583000 0.643760 0.202000
v 0.542964 0.660344 0.202000
v 0.540768 0.652148 0.198485
v 0.578757 0.636412 0.198485
vn -0.147523 -0.356152 0.922709
f 1985/1/509 1986/2/509 1987/3/509 1988/4/509
usemtl black
v 0.542964 0.660344 0.202000
v 0.500000 0.666000 0.202000
v 0.500000 0.657515 0.198485
v 0.540768 0.652148 0.198485
vn -0.050317 -0.382199 0.922709
f 1989/1/510 1990/2/510 1991/3/510 1992/4/510
usemtl black
v 0.500000 0.666000 0.202000
v 0.457036 0.660344 0.202000
v 0.459232 0.652148 0.198485
v 0.500000 0.657515 0.198485
vn 0.050317 -0.382199 0.922709
f 1993/1/511 1994/2/511 1995/3/511 1996/4/511
usemtl black
v 0.457036 0.660344 0.202000
v 0.417000 0.643760 0.202000
v 0.421243 0.636412 0.198485
v 0.459232 0.652148 0.198485
vn 0.147523 -0.356152 0.922709
f 1997/1/512 1998/2/512 1999/3/512 2000/4/512
usemtl black
v 0.417000 0.643760 0.202000
v 0.382620 0.617380 0.202000
v 0.388620 0.611380 0.198485
v 0.421243 0.636412 0.198485
vn 0.234675 -0.305835 0.922709
f 2001/1/513 2002/2/513 2003/3/513 2004/4/513
usemtl black
v 0.382620 0.617380 0.202000
v 0.356240 0.583000 0.202000
v 0.363588 0.578757 0.198485
v 0.388620 0.611380 0.198485
vn 0.305835 -0.234675 0.922709
f 2005/1/514 2006/2/514 2007/3/514 2008/4/514
usemtl black
v 0.356240 0.583000 0.202000
v 0.339656 0.542964 0.202000
v 0.347852 0.540768 0.198485
v 0.363588 0.578757 0.198485
vn 0.356152 -0.147523 0.922709
f 2009/1/515 2010/2/515 2011/3/515 2012/4/515
usemtl black
v 0.339656 0.542964 0.202000
v 0.334000 0.500000 0.202000
v 0.342485 0.500000 0.198485
v 0.347852 0.540768 0.198485
vn 0.382199 -0.050317 0.922709
f 2013/1/516 2014/2/516 2015/3/516 2016/4/516
usemtl black
v 0.334000 0.500000 0.202000
v 0.339656 0.457036 0.202000
v 0.347852 0.459232 0.198485
v 0.342485 0.500000 0.198485
vn 0.382199 0.050317 0.922709
f 2017/1/517 2018/2/517 2019/3/517 2020/4/517
usemtl black
v 0.339656 0.457036 0.202000
v 0.356240 0.417000 0.202000
v 0.363588 0.421243 0.198485
v 0.347852 0.459232 0.198485
vn 0.356152 0.147523 0.922709
f 2021/1/518 2022/2/518 2023/3/518 2024/4/518
usemtl black
v 0.356240 0.417000 0.202000
v 0.382620 0.382620 0.202000
v 0.388620 0.388620 0.198485
v 0.363588 0.421243 0.198485
vn 0.305835 0.234675 0.922709
f 2025/1/519 2026/2/519 2027/3/519 2028/4/519
usemtl black
v 0.382620 0.382620 0.202000
v 0.417000 0.356240 0.202000
v 0.421243 0.363588 0.198485
v 0.388620 0.388620 0.198485
vn 0.234675 0.305835 0.922709
f 2029/1/520 2030/2/520 2031/3/520 2032/4/520
usemtl black
v 0.417000 0.356240 0.202000
v 0.457036 0.339656 0.202000
v 0.459232 0.347852 0.198485
v 0.421243 0.363588 0.198485
vn 0.147523 0.356152 0.922709
f 2033/1/521 2034/2/521 2035/3/521 2036/4/521
usemtl black
v 0.457036 0.339656 0.202000
v 0.500000 0.334000 0.202000
v 0.500000 0.342485 0.198485
v 0.459232 0.347852 0.198485
vn 0.050317 0.382199 0.922709
f 2037/1/522 2038/2/522 2039/3/522 2040/4/522
usemtl black
v 0.500000 0.334000 0.202000
v 0.542964 0.339656 0.202000
v 0.540768 0.347852 0.198485
v 0.500000 0.342485 0.198485
vn -0.050317 0.382199 0.922709
f 2041/1/523 2042/2/523 2043/3/523 2044/4/523
usemtl black
v 0.542964 0.339656 0.202000
v 0.583000 0.356240 0.202000
v 0.578757 0.363588 0.198485
v 0.540768 0.347852 0.198485
vn -0.147523 0.356152 0.922709
f 2045/1/524 2046/2/524 2047/3/524 2048/4/524
usemtl black
v 0.583000 0.356240 0.202000
v 0.617380 0.382620 0.202000
v 0.611380 0.388620 0.198485
v 0.578757 0.363588 0.198485
vn -0.234675 0.305835 0.922709
f 2049/1/525 2050/2/525 2051/3/525 2052/4/525
usemtl black
v 0.617380 0.382620 0.202000
v 0.643760 0.417000 0.202000
v 0.636412 0.421243 0.198485
v 0.611380 0.388620 0.198485
vn -0.305835 0.234675 0.922709
f 2053/1/526 2054/2/526 2055/3/526 2056/4/526
usemtl black
v 0.643760 0.417000 0.202000
v 0.660344 0.457036 0.202000
v 0.652148 0.459232 0.198485
v 0.636412 0.421243 0.198485
vn -0.356152 0.147523 0.922709
f 2057/1/527 2058/2/527 2059/3/527 2060/4/527
usemtl black
v 0.660344 0.457036 0.202000
v 0.666000 0.500000 0.202000
v 0.657515 0.500000 0.198485
v 0.652148 0.459232 0.198485
vn -0.382199 0.050317 0.922709
f 2061/1/528 2062/2/528 2063/3/528 2064/4/528
usemtl black
v 0.657515 0.500000 0.198485
v 0.652148 0.540768 0.198485
v 0.648753 0.539858 0.190000
v 0.654000 0.500000 0.190000
vn -0.917120 -0.120741 0.379884
f 2065/1/529 2066/2/529 2067/3/529 2068/4/529
usemtl black
v 0.652148 0.540768 0.198485
v 0.636412 0.578757 0.198485
v 0.633368 0.577000 0.190000
v 0.648753 0.539858 0.190000
vn -0.854620 -0.353995 0.379884
f 2069/1/530 2070/2/530 2071/3/530 2072/4/530
usemtl black
v 0.636412 0.578757 0.198485
v 0.611380 0.611380 0.198485
v 0.608894 0.608894 0.190000
v 0.633368 0.577000 0.190000
vn -0.733879 -0.563125 0.379884
f 2073/1/531 2074/2/531 2075/3/531 2076/4/531
usemtl black
v 0.611380 0.611380 0.198485
v 0.578757 0.636412 0.198485
v 0.577000 0.633368 0.190000
v 0.608894 0.608894 0.190000
vn -0.563125 -0.733879 0.379884
f 2077/1/532 2078/2/532 2079/3/532 2080/4/532
usemtl black
v 0.578757 0.636412 0.198485
v 0.540768 0.652148 0.198485
v 0.539858 0.648753 0.190000
v 0.577000 0.633368 0.190000
vn -0.353995 -0.854620 0.379884
f 2081/1/533 2082/2/533 2083/3/533 2084/4/533
usemtl black
v 0.540768 0.652148 0.198485
v 0.500000 0.657515 0.198485
v 0.500000 0.654000 0.190000
v 0.539858 0.648753 0.190000
vn -0.120741 -0.917120 0.379884
f 2085/1/534 2086/2/534 2087/3/534 2088/4/534
usemtl black
v 0.500000 0.657515 0.198485
v 0.459232 0.652148 0.198485
v 0.460142 0.648753 0.190000
v 0.500000 0.654000 0.190000
vn 0.120741 -0.917120 0.379884
f 2089/1/535 2090/2/535 2091/3/535 2092/4/535
usemtl black
v 0.459232 0.652148 0.198485
v 0.421243 0.636412 0.198485
v 0.423000 0.633368 0.190000
v 0.460142 0.648753 0.190000
vn 0.353995 -0.854620 0.379884
f 2093/1/536 2094/2/536 2095/3/536 2096/4/536
usemtl black
v 0.421243 0.636412 0.198485
v 0.388620 0.611380 0.198485
v 0.391106 0.608894 0.190000
v 0.423000 0.633368 0.190000
vn 0.563125 -0.733879 0.379884
f 2097/1/537 2098/2/537 2099/3/537 2100/4/537
usemtl black
v 0.388620 0.611380 0.198485
v 0.363588 0.578757 0.198485
v 0.366632 0.577000 0.190000
v 0.391106 0.608894 0.190000
vn 0.733879 -0.563125 0.379884
f 2101/1/538 2102/2/538 2103/3/538 2104/4/538
usemtl black
v 0.363588 0.578757 0.198485
v 0.347852 0.540768 0.198485
v 0.351247 0.539858 0.190000
v 0.366632 0.577000 0.190000
vn 0.854620 -0.353995 0.379884
f 2105/1/539 2106/2/539 2107/3/539 2108/4/539
usemtl black
v 0.347852 0.540768 0.198485
v 0.342485 0.500000 0.198485
v 0.346000 0.500000 0.190000
v 0.351247 0.539858 0.190000
vn 0.917120 -0.120741 0.379884
f 2109/1/540 2110/2/540 2111/3/540 2112/4/540
usemtl black
v 0.342485 0.500000 0.198485
v 0.347852 0.459232 0.198485
v 0.351247 0.460142 0.190000
v 0.346000 0.500000 0.190000
vn 0.917120 0.120741 0.379884
f 2113/1/541 2114/2/541 2115/3/541 2116/4/541
usemtl black
v 0.347852 0.459232 0.198485
v 0.363588 0.421243 0.198485
v 0.366632 0.423000 0.190000
v 0.351247 0.460142 0.190000
vn 0.854620 0.353995 0.379884
f 2117/1/542 2118/2/542 2119/3/542 2120/4/542
usemtl black
v 0.363588 0.421243 0.198485
v 0.388620 0.388620 0.198485
v 0.391106 0.391106 0.190000
v 0.366632 0.423000 0.190000
vn 0.733879 0.563125 0.379884
f 2121/1/543 2122/2/543 2123/3/543 2124/4/543
usemtl black
v 0.388620 0.388620 0.198485
v 0.421243 0.363588 0.198485
v 0.423000 0.366632 0.190000
v 0.391106 0.391106 0.190000
vn 0.563125 0.733879 0.379884
f 2125/1/544 2126/2/544 2127/3/544 2128/4/544
usemtl black
v 0.421243 0.363588 0.198485
v 0.459232 0.347852 0.198485
v 0.460142 0.351247 0.190000
v 0.423000 0.366632 0.190000
vn 0.353995 0.854620 0.379884
f 2129/1/545 2130/2/545 2131/3/545 2132/4/545
usemtl black
v 0.459232 0.347852 0.198485
v 0.500000 0.342485 0.198485
v 0.500000 0.346000 0.190000
v 0.460142 0.351247 0.190000
vn 0.120741 0.917120 0.379884
f 2133/1/546 2134/2/546 2135/3/546 2136/4/546
usemtl black
v 0.500000 0.342485 0.198485
v 0.540768 0.347852 0.198485
v 0.539858 0.351247 0.190000
v 0.500000 0.346000 0.190000
vn -0.120741 0.917120 0.379884
f 2137/1/547 2138/2/547 2139/3/547 2140/4/547
usemtl black
v 0.540768 0.347852 0.198485
v 0.578757 0.363588 0.198485
v 0.577000 0.366632 0.190000
v 0.539858 0.351247 0.190000
vn -0.353995 0.854620 0.379884
f 2141/1/548 2142/2/548 2143/3/548 2144/4/548
usemtl black
v 0.578757 0.363588 0.198485
v 0.611380 0.388620 0.198485
v 0.608894 0.391106 0.190000
v 0.577000 0.366632 0.190000
vn -0.563125 0.733879 0.379884
f 2145/1/549 2146/2/549 2147/3/549 2148/4/549
usemtl black
v 0.611380 0.388620 0.198485
v 0.636412 0.421243 0.198485
v 0.633368 0.423000 0.190000
v 0.608894 0.391106 0.190000
vn -0.733879 0.563125 0.379884
f 2149/1/550 2150/2/550 2151/3/550 2152/4/550
usemtl black
v 0.636412 0.421243 0.198485
v 0.652148 0.459232 0.198485
v 0.648753 0.460142 0.190000
v 0.633368 0.423000 0.190000
vn -0.854620 0.353995 0.379884
f 2153/1/551 2154/2/551 2155/3/551 2156/4/551
usemtl black
v 0.652148 0.459232 0.198485
v 0.657515 0.500000 0.198485
v 0.654000 0.500000 0.190000
v 0.648753 0.460142 0.190000
vn -0.917120 0.120741 0.379884
f 2157/1/552 2158/2/552 2159/3/552 2160/4/552
usemtl black
v 0.654000 0.500000 0.190000
v 0.648753 0.539858 0.190000
v 0.652148 0.540768 0.181515
v 0.657515 0.500000 0.181515
vn -0.917120 -0.120741 -0.379884
f 2161/1/553 2162/2/553 2163/3/553 2164/4/553
usemtl black
v 0.648753 0.539858 0.190000
v 0.633368 0.577000 0.190000
v 0.636412 0.578757 0.181515
v 0.652148 0.540768 0.181515
vn -0.854620 -0.353995 -0.379884
f 2165/1/554 2166/2/554 2167/3/554 2168/4/554
usemtl black
v 0.633368 0.577000 0.190000
v 0.608894 0.608894 0.190000
v 0.611380 0.611380 0.181515
v 0.636412 0.578757 0.181515
vn -0.733879 -0.563125 -0.379884
f 2169/1/555 2170/2/555 2171/3/555 2172/4/555
usemtl black
v 0.608894 0.608894 0.190000
v 0.577000 0.633368 0.190000
v 0.578757 0.636412 0.181515
v 0.611380 0.611380 0.181515
vn -0.563125 -0.733879 -0.379884
f 2173/1/556 2174/2/556 2175/3/556 2176/4/556
usemtl black
v 0.577000 0.633368 0.190000
v 0.539858 0.648753 0.190000
v 0.540768 0.652148 0.181515
v 0.578757 0.636412 0.181515
vn -0.353995 -0.854620 -0.379884
f 2177/1/557 2178/2/557 2179/3/557 2180/4/557
usemtl black
v 0.539858 0.648753 0.190000
v 0.500000 0.654000 0.190000
v 0.500000 0.657515 0.181515
v 0.540768 0.652148 0.181515
vn -0.120741 -0.917120 -0.379884
f 2181/1/558 2182/2/558 2183/3/558 2184/4/558
usemtl black
v 0.500000 0.654000 0.190000
v 0.460142 0.648753 0.190000
v 0.459232 0.652148 0.181515
v 0.500000 0.657515 0.181515
vn 0.120741 -0.917120 -0.379884
f 2185/1/559 2186/2/559 2187/3/559 2188/4/559
usemtl black
v 0.460142 0.648753 0.190000
v 0.423000 0.633368 0.190000
v 0.421243 0.636412 0.181515
v 0.459232 0.652148 0.181515
vn 0.353995 -0.854620 -0.379884
f 2189/1/560 2190/2/560 2191/3/560 2192/4/560
usemtl black
v 0.423000 0.633368 0.190000
v 0.391106 0.608894 0.190000
v 0.388620 0.611380 0.181515
v 0.421243 0.636412 0.181515
vn 0.563125 -0.733879 -0.379884
f 2193/1/561 2194/2/561 2195/3/561 2196/4/561
usemtl black
v 0.391106 0.608894 0.190000
v 0.366632 0.577000 0.190000
v 0.363588 0.578757 0.181515
v 0.388620 0.611380 0.181515
vn 0.733879 -0.563125 -0.379884
f 2197/1/562 2198/2/562 2199/3/562 2200/4/562
usemtl black
v 0.366632 0.577000 0.190000
v 0.351247 0.539858 0.190000
v 0.347852 0.540768 0.181515
v 0.363588 0.578757 0.181515
vn 0.854620 -0.353995 -0.379884
f 2201/1/563 2202/2/563 2203/3/563 2204/4/563
usemtl black
v 0.351247 0.539858 0.190000
v 0.346000 0.500000 0.190000
v 0.342485 0.500000 0.181515
v 0.347852 0.540768 0.181515
vn 0.917120 -0.120741 -0.379884
f 2205/1/564 2206/2/564 2207/3/564 2208/4/564
usemtl black
v 0.346000 0.500000 0.190000
v 0.351247 0.460142 0.190000
v 0.347852 0.459232 0.181515
v 0.342485 0.500000 0.181515
vn 0.917120 0.120741 -0.379884
f 2209/1/565 2210/2/565 2211/3/565 2212/4/565
usemtl black
v 0.351247 0.460142 0.190000
v 0.366632 0.423000 0.190000
v 0.363588 0.421243 0.181515
v 0.347852 0.459232 0.181515
vn 0.854620 0.353995 -0.379884
f 2213/1/566 2214/2/566 2215/3/566 2216/4/566
usemtl black
v 0.366632 0.423000 0.190000
v 0.391106 0.391106 0.190000
v 0.388620 0.388620 0.181515
v 0.363588 0.421243 0.181515
vn 0.733879 0.563125 -0.379884
f 2217/1/567 2218/2/567 2219/3/567 2220/4/567
usemtl black
v 0.391106 0.391106 0.190000
v 0.423000 0.366632 0.190000
v 0.421243 0.363588 0.181515
v 0.388620 0.388620 0.181515
vn 0.563125 0.733879 -0.379884
f 2221/1/568 2222/2/568 2223/3/568 2224/4/568
usemtl black
v 0.423000 0.366632 0.190000
v 0.460142 0.351247 0.190000
v 0.459232 0.347852 0.181515
v 0.421243 0.363588 0.181515
vn 0.353995 0.854620 -0.379884
f 2225/1/569 2226/2/569 2227/3/569 2228/4/569
usemtl black
v 0.460142 0.351247 0.190000
v 0.500000 0.346000 0.190000
v 0.500000 0.342485 0.181515
v 0.459232 0.347852 0.181515
vn 0.120741 0.917120 -0.379884
f 2229/1/570 2230/2/570 2231/3/570 2232/4/570
usemtl black
v 0.500000 0.346000 0.190000
v 0.539858 0.351247 0.190000
v 0.540768 0.347852 0.181515
v 0.500000 0.342485 0.181515
vn -0.120741 0.917120 -0.379884
f 2233/1/571 2234/2/571 2235/3/571 2236/4/571
usemtl black
v 0.539858 0.351247 0.190000
v 0.577000 0.366632 0.190000
v 0.578757 0.363588 0.181515
v 0.540768 0.347852 0.181515
vn -0.353995 0.854620 -0.379884
f 2237/1/572 2238/2/572 2239/3/572 2240/4/572
usemtl black
v 0.577000 0.366632 0.190000
v 0.608894 0.391106 0.190000
v 0.611380 0.388620 0.181515
v 0.578757 0.363588 0.181515
vn -0.563125 0.733879 -0.379884
f 2241/1/573 2242/2/573 2243/3/573 2244/4/573
usemtl black
v 0.608894 0.391106 0.190000
v 0.633368 0.423000 0.190000
v 0.636412 0.421243 0.181515
v 0.611380 0.388620 0.181515
vn -0.733879 0.563125 -0.379884
f 2245/1/574 2246/2/574 2247/3/574 2248/4/574
usemtl black
v 0.633368 0.423000 0.190000
v 0.648753 0.460142 0.190000
v 0.652148 0.459232 0.181515
v 0.636412 0.421243 0.181515
vn -0.854620 0.353995 -0.379884
f 2249/1/575 2250/2/575 2251/3/575 2252/4/575
usemtl black
v 0.648753 0.460142 0.190000
v 0.654000 0.500000 0.190000
v 0.657515 0.500000 0.181515
v 0.652148 0.459232 0.181515
vn -0.917120 0.120741 -0.379884
f 2253/1/576 2254/2/576 2255/3/576 2256/4/576
usemtl black
v 0.657515 0.500000 0.181515
v 0.652148 0.540768 0.181515
v 0.660344 0.542964 0.178000
v 0.666000 0.500000 0.178000
vn -0.382199 -0.050317 -0.922709
f 2257/1/577 2258/2/577 2259/3/577 2260/4/577
usemtl black
v 0.652148 0.540768 0.181515
v 0.636412 0.578757 0.181515
v 0.643760 0.583000 0.178000
v 0.660344 0.542964 0.178000
vn -0.356152 -0.147523 -0.922709
f 2261/1/578 2262/2/578 2263/3/578 2264/4/578
usemtl black
v 0.636412 0.578757 0.181515
v 0.611380 0.611380 0.181515
v 0.617380 0.617380 0.178000
v 0.643760 0.583000 0.178000
vn -0.305835 -0.234675 -0.922709
f 2265/1/579 2266/2/579 2267/3/579 2268/4/579
usemtl black
v 0.611380 0.611380 0.181515
v 0.578757 0.636412 0.181515
v 0.583000 0.643760 0.178000
v 0.617380 0.617380 0.178000
vn -0.234675 -0.305835 -0.922709
f 2269/1/580 2270/2/580 2271/3/580 2272/4/580
usemtl black
v 0.578757 0.636412 0.181515
v 0.540768 0.652148 0.181515
v 0.542964 0.660344 0.178000
v 0.583000 0.643760 0.178000
vn -0.147523 -0.356152 -0.922709
f 2273/1/581 2274/2/581 2275/3/581 2276/4/581
usemtl black
v 0.540768 0.652148 0.181515
v 0.500000 0.657515 0.181515
v 0.500000 0.666000 0.178000
v 0.542964 0.660344 0.178000
vn -0.050317 -0.382199 -0.922709
f 2277/1/582 2278/2/582 2279/3/582 2280/4/582
usemtl black
v 0.500000 0.657515 0.181515
v 0.459232 0.652148 0.181515
v 0.457036 0.660344 0.178000
v 0.500000 0.666000 0.178000
vn 0.050317 -0.382199 -0.922709
f 2281/1/583 2282/2/583 2283/3/583 2284/4/583
usemtl black
v 0.459232 0.652148 0.181515
v 0.421243 0.636412 0.181515
v 0.417000 0.643760 0.178000
v 0.457036 0.660344 0.178000
vn 0.147523 -0.356152 -0.922709
f 2285/1/584 2286/2/584 2287/3/584 2288/4/584
usemtl black
v 0.421243 0.636412 0.181515
v 0.388620 0.611380 0.181515
v 0.382620 0.617380 0.178000
v 0.417000 0.643760 0.178000
vn 0.234675 -0.305835 -0.922709
f 2289/1/585 2290/2/585 2291/3/585 2292/4/585
usemtl black
v 0.388620 0.611380 0.181515
v 0.363588 0.578757 0.181515
v 0.356240 0.583000 0.178000
v 0.382620 0.617380 0.178000
vn 0.305835 -0.234675 -0.922709
f 2293/1/586 2294/2/586 2295/3/586 2296/4/586
usemtl black
v 0.363588 0.578757 0.181515
v 0.347852 0.540768 0.181515
v 0.339656 0.542964 0.178000
v 0.356240 0.583000 0.178000
vn 0.356152 -0.147523 -0.922709
f 2297/1/587 2298/2/587 2299/3/587 2300/4/587
usemtl black
v 0.347852 0.540768 0.181515
v 0.342485 0.500000 0.181515
v 0.334000 0.500000 0.178000
v 0.339656 0.542964 0.178000
vn 0.382199 -0.050317 -0.922709
f 2301/1/588 2302/2/588 2303/3/588 2304/4/588
usemtl black
v 0.342485 0.500000 0.181515
v 0.347852 0.459232 0.181515
v 0.339656 0.457036 0.178000
v 0.334000 0.500000 0.178000
vn 0.382199 0.050317 -0.922709
f 2305/1/589 2306/2/589 2307/3/589 2308/4/589
usemtl black
v 0.347852 0.459232 0.181515
v 0.363588 0.421243 0.181515
v 0.356240 0.417000 0.178000
v 0.339656 0.457036 0.178000
vn 0.356152 0.147523 -0.922709
f 2309/1/590 2310/2/590 2311/3/590 2312/4/590
usemtl black
v 0.363588 0.421243 0.181515
v 0.388620 0.388620 0.181515
v 0.382620 0.382620 0.178000
v 0.356240 0.417000 0.178000
vn 0.305835 0.234675 -0.922709
f 2313/1/591 2314/2/591 2315/3/591 2316/4/591
usemtl black
v 0.388620 0.388620 0.181515
v 0.421243 0.363588 0.181515
v 0.417000 0.356240 0.178000
v 0.382620 0.382620 0.178000
vn 0.234675 0.305835 -0.922709
f 2317/1/592 2318/2/592 2319/3/592 2320/4/592
usemtl black
v 0.421243 0.363588 0.181515
v 0.459232 0.347852 0.181515
v 0.457036 0.339656 0.178000
v 0.417000 0.356240 0.178000
vn 0.147523 0.356152 -0.922709
f 2321/1/593 2322/2/593 2323/3/593 2324/4/593
usemtl black
v 0.459232 0.347852 0.181515
v 0.500000 0.342485 0.181515
v 0.500000 0.334000 0.178000
v 0.457036 0.339656 0.178000
vn 0.050317 0.382199 -0.922709
f 2325/1/594 2326/2/594 2327/3/594 2328/4/594
usemtl black
v 0.500000 0.342485 0.181515
v 0.540768 0.347852 0.181515
v 0.542964 0.339656 0.178000
v 0.500000 0.334000 0.178000
vn -0.050317 0.382199 -0.922709
f 2329/1/595 2330/2/595 2331/3/595 2332/4/595
usemtl black
v 0.540768 0.347852 0.181515
v 0.578757 0.363588 0.181515
v 0.583000 0.356240 0.178000
v 0.542964 0.339656 0.178000
vn -0.147523 0.356152 -0.922709
f 2333/1/596 2334/2/596 2335/3/596 2336/4/596
usemtl black
v 0.578757 0.363588 0.181515
v 0.611380 0.388620 0.181515
v 0.617380 0.382620 0.178000
v 0.583000 0.356240 0.178000
vn -0.234675 0.305835 -0.922709
f 2337/1/597 2338/2/597 2339/3/597 2340/4/597
usemtl black
v 0.611380 0.388620 0.181515
v 0.636412 0.421243 0.181515
v 0.643760 0.417000 0.178000
v 0.617380 0.382620 0.178000
vn -0.305835 0.234675 -0.922709
f 2341/1/598 2342/2/598 2343/3/598 2344/4/598
usemtl black
v 0.636412 0.421243 0.181515
v 0.652148 0.459232 0.181515
v 0.660344 0.457036 0.178000
v 0.643760 0.417000 0.178000
vn -0.356152 0.147523 -0.922709
f 2345/1/599 2346/2/599 2347/3/599 2348/4/599
usemtl black
v 0.652148 0.459232 0.181515
v 0.657515 0.500000 0.181515
v 0.666000 0.500000 0.178000
v 0.660344 0.457036 0.178000
vn -0.382199 0.050317 -0.922709
f 2349/1/600 2350/2/600 2351/3/600 2352/4/600
usemtl black
v 0.666000 0.500000 0.178000
v 0.660344 0.542964 0.178000
v 0.668540 0.545160 0.181515
v 0.674485 0.500000 0.181515
vn 0.382199 0.050317 -0.922709
f 2353/1/601 2354/2/601 2355/3/601 2356/4/601
usemtl black
v 0.660344 0.542964 0.178000
v 0.643760 0.583000 0.178000
v 0.651109 0.587243 0.181515
v 0.668540 0.545160 0.181515
vn 0.356152 0.147523 -0.922709
f 2357/1/602 2358/2/602 2359/3/602 2360/4/602
usemtl black
v 0.643760 0.583000 0.178000
v 0.617380 0.617380 0.178000
v 0.623380 0.623380 0.181515
v 0.651109 0.587243 0.181515
vn 0.305835 0.234675 -0.922709
f 2361/1/603 2362/2/603 2363/3/603 2364/4/603
usemtl black
v 0.617380 0.617380 0.178000
v 0.583000 0.643760 0.178000
v 0.587243 0.651109 0.181515
v 0.623380 0.623380 0.181515
vn 0.234675 0.305835 -0.922709
f 2365/1/604 2366/2/604 2367/3/604 2368/4/604
usemtl black
v 0.583000 0.643760 0.178000
v 0.542964 0.660344 0.178000
v 0.545160 0.668540 0.181515
v 0.587243 0.651109 0.181515
vn 0.147523 0.356152 -0.922709
f 2369/1/605 2370/2/605 2371/3/605 2372/4/605
usemtl black
v 0.542964 0.660344 0.178000
v 0.500000 0.666000 0.178000
v 0.500000 0.674485 0.181515
v 0.545160 0.668540 0.181515
vn 0.050317 0.382199 -0.922709
f 2373/1/606 2374/2/606 2375/3/606 2376/4/606
usemtl black
v 0.500000 0.666000 0.178000
v 0.457036 0.660344 0.178000
v 0.454840 0.668540 0.181515
v 0.500000 0.674485 0.181515
vn -0.050317 0.382199 -0.922709
f 2377/1/607 2378/2/607 2379/3/607 2380/4/607
usemtl black
v 0.457036 0.660344 0.178000
v 0.417000 0.643760 0.178000
v 0.412757 0.651109 0.181515
v 0.454840 0.668540 0.181515
vn -0.147523 0.356152 -0.922709
f 2381/1/608 2382/2/608 2383/3/608 2384/4/608
usemtl black
v 0.417000 0.643760 0.178000
v 0.382620 0.617380 0.178000
v 0.376620 0.623380 0.181515
v 0.412757 0.651109 0.181515
vn -0.234675 0.305835 -0.922709
f 2385/1/609 2386/2/609 2387/3/609 2388/4/609
usemtl black
v 0.382620 0.617380 0.178000
v 0.356240 0.583000 0.178000
v 0.348891 0.587243 0.181515
v 0.376620 0.623380 0.181515
vn -0.305835 0.234675 -0.922709
f 2389/1/610 2390/2/610 2391/3/610 2392/4/610
usemtl black
v 0.356240 0.583000 0.178000
v 0.339656 0.542964 0.178000
v 0.331460 0.545160 0.181515
v 0.348891 0.587243 0.181515
vn -0.356152 0.147523 -0.922709
f 2393/1/611 2394/2/611 2395/3/611 2396/4/611
usemtl black
v 0.339656 0.542964 0.178000
v 0.334000 0.500000 0.178000
v 0.325515 0.500000 0.181515
v 0.331460 0.545160 0.181515
vn -0.382199 0.050317 -0.922709
f 2397/1/612 2398/2/612 2399/3/612 2400/4/612
usemtl black
v 0.334000 0.500000 0.178000
v 0.339656 0.457036 0.178000
v 0.331460 0.454840 0.181515
v 0.325515 0.500000 0.181515
vn -0.382199 -0.050317 -0.922709
f 2401/1/613 2402/2/613 2403/3/613 2404/4/613
usemtl black
v 0.339656 0.457036 0.178000
v 0.356240 0.417000 0.178000
v 0.348891 0.412757 0.181515
v 0.331460 0.454840 0.181515
vn -0.356152 -0.147523 -0.922709
f 2405/1/614 2406/2/614 2407/3/614 2408/4/614
usemtl black
v 0.356240 0.417000 0.178000
v 0.382620 0.382620 0.178000
v 0.376620 0.376620 0.181515
v 0.348891 0.412757 0.181515
vn -0.305835 -0.234675 -0.922709
f 2409/1/615 2410/2/615 2411/3/615 2412/4/615
usemtl black
v 0.382620 0.382620 0.178000
v 0.417000 0.356240 0.178000
v 0.412757 0.348891 0.181515
v 0.376620 0.376620 0.181515
vn -0.234675 -0.305835 -0.922709
f 2413/1/616 2414/2/616 2415/3/616 2416/4/616
usemtl black
v 0.417000 0.356240 0.178000
v 0.457036 0.339656 0.178000
v 0.454840 0.331460 0.181515
v 0.412757 0.348891 0.181515
vn -0.147523 -0.356152 -0.922709
f 2417/1/617 2418/2/617 2419/3/617 2420/4/617
usemtl black
v 0.457036 0.339656 0.178000
v 0.500000 0.334000 0.178000
v 0.500000 0.325515 0.181515
v 0.454840 0.331460 0.181515
vn -0.050317 -0.382199 -0.922709
f 2421/1/618 2422/2/618 2423/3/618 2424/4/618
usemtl black
v 0.500000 0.334000 0.178000
v 0.542964 0.339656 0.178000
v 0.545160 0.331460 0.181515
v 0.500000 0.325515 0.181515
vn 0.050317 -0.382199 -0.922709
f 2425/1/619 2426/2/619 2427/3/619 2428/4/619
usemtl black
v 0.542964 0.339656 0.178000
v 0.583000 0.356240 0.178000
v 0.587243 0.348891 0.181515
v 0.545160 0.331460 0.181515
vn 0.147523 -0.356152 -0.922709
f 2429/1/620 2430/2/620 2431/3/620 2432/4/620
usemtl black
v 0.583000 0.356240 0.178000
v 0.617380 0.382620 0.178000
v 0.623380 0.376620 0.181515
v 0.587243 0.348891 0.181515
vn 0.234675 -0.305835 -0.922709
f 2433/1/621 2434/2/621 2435/3/621 2436/4/621
usemtl black
v 0.617380 0.382620 0.178000
v 0.643760 0.417000 0.178000
v 0.651109 0.412757 0.181515
v 0.623380 0.376620 0.181515
vn 0.305835 -0.234675 -0.922709
f 2437/1/622 2438/2/622 2439/3/622 2440/4/622
usemtl black
v 0.643760 0.417000 0.178000
v 0.660344 0.457036 0.178000
v 0.668540 0.454840 0.181515
v 0.651109 0.412757 0.181515
vn 0.356152 -0.147523 -0.922709
f 2441/1/623 2442/2/623 2443/3/623 2444/4/623
usemtl black
v 0.660344 0.457036 0.178000
v 0.666000 0.500000 0.178000
v 0.674485 0.500000 0.181515
v 0.668540 0.454840 0.181515
vn 0.382199 -0.050317 -0.922709
f 2445/1/624 2446/2/624 2447/3/624 2448/4/624
usemtl black
v 0.674485 0.500000 0.181515
v 0.668540 0.545160 0.181515
v 0.671935 0.546070 0.190000
v 0.678000 0.500000 0.190000
vn 0.917120 0.120741 -0.379884
f 2449/1/625 2450/2/625 2451/3/625 2452/4/625
usemtl black
v 0.668540 0.545160 0.181515
v 0.651109 0.587243 0.181515
v 0.654153 0.589000 0.190000
v 0.671935 0.546070 0.190000
vn 0.854620 0.353995 -0.379884
f 2453/1/626 2454/2/626 2455/3/626 2456/4/626
usemtl black
v 0.651109 0.587243 0.181515
v 0.623380 0.623380 0.181515
v 0.625865 0.625865 0.190000
v 0.654153 0.589000 0.190000
vn 0.733879 0.563125 -0.379884
f 2457/1/627 2458/2/627 2459/3/627 2460/4/627
usemtl black
v 0.623380 0.623380 0.181515
v 0.587243 0.651109 0.181515
v 0.589000 0.654153 0.190000
v 0.625865 0.625865 0.190000
vn 0.563125 0.733879 -0.379884
f 2461/1/628 2462/2/628 2463/3/628 2464/4/628
usemtl black
v 0.587243 0.651109 0.181515
v 0.545160 0.668540 0.181515
v 0.546070 0.671935 0.190000
v 0.589000 0.654153 0.190000
vn 0.353995 0.854620 -0.379884
f 2465/1/629 2466/2/629 2467/3/629 2468/4/629
usemtl black
v 0.545160 0.668540 0.181515
v 0.500000 0.674485 0.181515
v 0.500000 0.678000 0.190000
v 0.546070 0.671935 0.190000
vn 0.120741 0.917120 -0.379884
f 2469/1/630 2470/2/630 2471/3/630 2472/4/630
usemtl black
v 0.500000 0.674485 0.181515
v 0.454840 0.668540 0.181515
v 0.453930 0.671935 0.190000
v 0.500000 0.678000 0.190000
vn -0.120741 0.917120 -0.379884
f 2473/1/631 2474/2/631 2475/3/631 2476/4/631
usemtl black
v 0.454840 0.668540 0.181515
v 0.412757 0.651109 0.181515
v 0.411000 0.654153 0.190000
v 0.453930 0.671935 0.190000
vn -0.353995 0.854620 -0.379884
f 2477/1/632 2478/2/632 2479/3/632 2480/4/632
usemtl black
v 0.412757 0.651109 0.181515
v 0.376620 0.623380 0.181515
v 0.374135 0.625865 0.190000
v 0.411000 0.654153 0.190000
vn -0.563125 0.733879 -0.379884
f 2481/1/633 2482/2/633 2483/3/633 2484/4/633
usemtl black
v 0.376620 0.623380 0.181515
v 0.348891 0.587243 0.181515
v 0.345847 0.589000 0.190000
v 0.374135 0.625865 0.190000
vn -0.733879 0.563125 -0.379884
f 2485/1/634 2486/2/634 2487/3/634 2488/4/634
usemtl black
v 0.348891 0.587243 0.181515
v 0.331460 0.545160 0.181515
v 0.328065 0.546070 0.190000
v 0.345847 0.589000 0.190000
vn -0.854620 0.353995 -0.379884
f 2489/1/635 2490/2/635 2491/3/635 2492/4/635
usemtl black
v 0.331460 0.545160 0.181515
v 0.325515 0.500000 0.181515
v 0.322000 0.500000 0.190000
v 0.328065 0.546070 0.190000
vn -0.917120 0.120741 -0.379884
f 2493/1/636 2494/2/636 2495/3/636 2496/4/636
usemtl black
v 0.325515 0.500000 0.181515
v 0.331460 0.454840 0.181515
v 0.328065 0.453930 0.190000
v 0.322000 0.500000 0.190000
vn -0.917120 -0.120741 -0.379884
f 2497/1/637 2498/2/637 2499/3/637 2500/4/637
usemtl black
v 0.331460 0.454840 0.181515
v 0.348891 0.412757 0.181515
v 0.345847 0.411000 0.190000
v 0.328065 0.453930 0.190000
vn -0.854620 -0.353995 -0.379884
f 2501/1/638 2502/2/638 2503/3/638 2504/4/638
usemtl black
v 0.348891 0.412757 0.181515
v 0.376620 0.376620 0.181515
v 0.374135 0.374135 0.190000
v 0.345847 0.411000 0.190000
vn -0.733879 -0.563125 -0.379884
f 2505/1/639 2506/2/639 2507/3/639 2508/4/639
usemtl black
v 0.376620 0.376620 0.181515
v 0.412757 0.348891 0.181515
v 0.411000 0.345847 0.190000
v 0.374135 0.374135 0.190000
vn -0.563125 -0.733879 -0.379884
f 2509/1/640 2510/2/640 2511/3/640 2512/4/640
usemtl black
v 0.412757 0.348891 0.181515
v 0.454840 0.331460 0.181515
v 0.453930 0.328065 0.190000
v 0.411000 0.345847 0.190000
vn -0.353995 -0.854620 -0.379884
f 2513/1/641 2514/2/641 2515/3/641 2516/4/641
usemtl black
v 0.454840 0.331460 0.181515
v 0.500000 0.325515 0.181515
v 0.500000 0.322000 0.190000
v 0.453930 0.328065 0.190000
vn -0.120741 -0.917120 -0.379884
f 2517/1/642 2518/2/642 2519/3/642 2520/4/642
usemtl black
v 0.500000 0.325515 0.181515
v 0.545160 0.331460 0.181515
v 0.546070 0.328065 0.190000
v 0.500000 0.322000 0.190000
vn 0.120741 -0.917120 -0.379884
f 2521/1/643 2522/2/643 2523/3/643 2524/4/643
usemtl black
v 0.545160 0.331460 0.181515
v 0.587243 0.348891 0.181515
v 0.589000 0.345847 0.190000
v 0.546070 0.328065 0.190000
vn 0.353995 -0.854620 -0.379884
f 2525/1/644 2526/2/644 2527/3/644 2528/4/644
usemtl black
v 0.587243 0.348891 0.181515
v 0.623380 0.376620 0.181515
v 0.625865 0.374135 0.190000
v 0.589000 0.345847 0.190000
vn 0.563125 -0.733879 -0.379884
f 2529/1/645 2530/2/645 2531/3/645 2532/4/645
usemtl black
v 0.623380 0.376620 0.181515
v 0.651109 0.412757 0.181515
v 0.654153 0.411000 0.190000
v 0.625865 0.374135 0.190000
vn 0.733879 -0.563125 -0.379884
f 2533/1/646 2534/2/646 2535/3/646 2536/4/646
usemtl black
v 0.651109 0.412757 0.181515
v 0.668540 0.454840 0.181515
v 0.671935 0.453930 0.190000
v 0.654153 0.411000 0.190000
vn 0.854620 -0.353995 -0.379884
f 2537/1/647 2538/2/647 2539/3/647 2540/4/647
usemtl black
v 0.668540 0.454840 0.181515
v 0.674485 0.500000 0.181515
v 0.678000 0.500000 0.190000
v 0.671935 0.453930 0.190000
vn 0.917120 -0.120741 -0.379884
f 2541/1/648 2542/2/648 2543/3/648 2544/4/648
usemtl black
v 0.500000 0.500000 0.140000
v 0.609150 0.529247 0.140000
v 0.613000 0.500000 0.140000
vn 0.000000 0.000000 -1.000000
f 2545/1/649 2546/2/649 2547/3/649
usemtl black
v 0.500000 0.500000 0.140000
v 0.597861 0.556500 0.140000
v 0.609150 0.529247 0.140000
vn 0.000000 0.000000 -1.000000
f 2548/1/650 2549/2/650 2550/3/650
usemtl black
v 0.500000 0.500000 0.140000
v 0.579903 0.579903 0.140000
v 0.597861 0.556500 0.140000
vn 0.000000 0.000000 -1.000000
f 2551/1/651 2552/2/651 2553/3/651
usemtl black
v 0.500000 0.500000 0.140000
v 0.556500 0.597861 0.140000
v 0.579903 0.579903 0.140000
vn 0.000000 0.000000 -1.000000
f 2554/1/652 2555/2/652 2556/3/652
usemtl black
v 0.500000 0.500000 0.140000
v 0.529247 0.609150 0.140000
v 0.556500 0.597861 0.140000
vn 0.000000 0.000000 -1.000000
f 2557/1/653 2558/2/653 2559/3/653
usemtl black
v 0.500000 0.500000 0.140000
v 0.500000 0.613000 0.140000
v 0.529247 0.609150 0.140000
vn 0.000000 0.000000 -1.000000
f 2560/1/654 2561/2/654 2562/3/654
usemtl black
v 0.500000 0.500000 0.140000
v 0.470753 0.609150 0.140000
v 0.500000 0.613000 0.140000
vn 0.000000 0.000000 -1.000000
f 2563/1/655 2564/2/655 2565/3/655
usemtl black
v 0.500000 0.500000 0.140000
v 0.443500 0.597861 0.140000
v 0.470753 0.609150 0.140000
vn 0.000000 0.000000 -1.000000
f 2566/1/656 2567/2/656 2568/3/656
usemtl black
v 0.500000 0.500000 0.140000
v 0.420097 0.579903 0.140000
v 0.443500 0.597861 0.140000
vn 0.000000 0.000000 -1.000000
f 2569/1/657 2570/2/657 2571/3/657
usemtl black
v 0.500000 0.500000 0.140000
v 0.402139 0.556500 0.140000
v 0.420097 0.579903 0.140000
vn 0.000000 0.000000 -1.000000
f 2572/1/658 2573/2/658 2574/3/658
usemtl black
v 0.500000 0.500000 0.140000
v 0.390850 0.529247 0.140000
v 0.402139 0.556500 0.140000
vn 0.000000 0.000000 -1.000000
f 2575/1/659 2576/2/659 2577/3/659
usemtl black
v 0.500000 0.500000 0.140000
v 0.387000 0.500000 0.140000
v 0.390850 0.529247 0.140000
vn 0.000000 0.000000 -1.000000
f 2578/1/660 2579/2/660 2580/3/660
usemtl black
v 0.500000 0.500000 0.140000
v 0.390850 0.470753 0.140000
v 0.387000 0.500000 0.140000
vn -0.000000 0.000000 -1.000000
f 2581/1/661 2582/2/661 2583/3/661
usemtl black
v 0.500000 0.500000 0.140000
v 0.402139 0.443500 0.140000
v 0.390850 0.470753 0.140000
vn 0.000000 0.000000 -1.000000
f 2584/1/662 2585/2/662 2586/3/662
usemtl black
v 0.500000 0.500000 0.140000
v 0.420097 0.420097 0.140000
v 0.402139 0.443500 0.140000
vn 0.000000 0.000000 -1.000000
f 2587/1/663 2588/2/663 2589/3/663
usemtl black
v 0.500000 0.500000 0.140000
v 0.443500 0.402139 0.140000
v 0.420097 0.420097 0.140000
vn 0.000000 0.000000 -1.000000
f 2590/1/664 2591/2/664 2592/3/664
usemtl black
v 0.500000 0.500000 0.140000
v 0.470753 0.390850 0.140000
v 0.443500 0.402139 0.140000
vn 0.000000 0.000000 -1.000000
f 2593/1/665 2594/2/665 2595/3/665
usemtl black
v 0.500000 0.500000 0.140000
v 0.500000 0.387000 0.140000
v 0.470753 0.390850 0.140000
vn 0.000000 -0.000000 -1.000000
f 2596/1/666 2597/2/666 2598/3/666
usemtl black
v 0.500000 0.500000 0.140000
v 0.529247 0.390850 0.140000
v 0.500000 0.387000 0.140000
vn 0.000000 0.000000 -1.000000
f 2599/1/667 2600/2/667 2601/3/667
usemtl black
v 0.500000 0.500000 0.140000
v 0.556500 0.402139 0.140000
v 0.529247 0.390850 0.140000
vn 0.000000 0.000000 -1.000000
f 2602/1/668 2603/2/668 2604/3/668
usemtl black
v 0.500000 0.500000 0.140000
v 0.579903 0.420097 0.140000
v 0.556500 0.402139 0.140000
vn 0.000000 0.000000 -1.000000
f 2605/1/669 2606/2/669 2607/3/669
usemtl black
v 0.500000 0.500000 0.140000
v 0.597861 0.443500 0.140000
v 0.579903 0.420097 0.140000
vn 0.000000 0.000000 -1.000000
f 2608/1/670 2609/2/670 2610/3/670
usemtl black
v 0.500000 0.500000 0.140000
v 0.609150 0.470753 0.140000
v 0.597861 0.443500 0.140000
vn 0.000000 0.000000 -1.000000
f 2611/1/671 2612/2/671 2613/3/671
usemtl black
v 0.500000 0.500000 0.140000
v 0.613000 0.500000 0.140000
v 0.609150 0.470753 0.140000
vn 0.000000 0.000000 -1.000000
f 2614/1/672 2615/2/672 2616/3/672
usemtl silver
v 0.493000 0.390000 0.120000
v 0.493000 0.610000 0.120000
v 0.493000 0.610000 0.103000
v 0.493000 0.390000 0.103000
vn -1.000000 -0.000000 -0.000000
f 2617/1/673 2618/2/673 2619/3/673 2620/4/673
usemtl silver
v 0.507000 0.390000 0.103000
v 0.507000 0.610000 0.103000
v 0.507000 0.610000 0.120000
v 0.507000 0.390000 0.120000
vn 1.000000 0.000000 0.000000
f 2621/1/674 2622/2/674 2623/3/674 2624/4/674
usemtl silver
v 0.493000 0.390000 0.103000
v 0.507000 0.390000 0.103000
v 0.507000 0.390000 0.120000
v 0.493000 0.390000 0.120000
vn 0.000000 -1.000000 0.000000
f 2625/1/675 2626/2/675 2627/3/675 2628/4/675
usemtl silver
v 0.493000 0.610000 0.120000
v 0.507000 0.610000 0.120000
v 0.507000 0.610000 0.103000
v 0.493000 0.610000 0.103000
vn -0.000000 1.000000 -0.000000
f 2629/1/676 2630/2/676 2631/3/676 2632/4/676
usemtl silver
v 0.493000 0.610000 0.103000
v 0.507000 0.610000 0.103000
v 0.507000 0.390000 0.103000
v 0.493000 0.390000 0.103000
vn -0.000000 -0.000000 -1.000000
f 2633/1/677 2634/2/677 2635/3/677 2636/4/677
usemtl silver
v 0.493000 0.390000 0.120000
v 0.507000 0.390000 0.120000
v 0.507000 0.610000 0.120000
v 0.493000 0.610000 0.120000
vn 0.000000 0.000000 1.000000
f 2637/1/678 2638/2/678 2639/3/678 2640/4/678
usemtl silver
v 0.390000 0.493000 0.120000
v 0.390000 0.507000 0.120000
v 0.390000 0.507000 0.103000
v 0.390000 0.493000 0.103000
vn -1.000000 -0.000000 -0.000000
f 2641/1/679 2642/2/679 2643/3/679 2644/4/679
usemtl silver
v 0.610000 0.493000 0.103000
v 0.610000 0.507000 0.103000
v 0.610000 0.507000 0.120000
v 0.610000 0.493000 0.120000
vn 1.000000 0.000000 0.000000
f 2645/1/680 2646/2/680 2647/3/680 2648/4/680
usemtl silver
v 0.390000 0.493000 0.103000
v 0.610000 0.493000 0.103000
v 0.610000 0.493000 0.120000
v 0.390000 0.493000 0.120000
vn 0.000000 -1.000000 0.000000
f 2649/1/681 2650/2/681 2651/3/681 2652/4/681
usemtl silver
v 0.390000 0.507000 0.120000
v 0.610000 0.507000 0.120000
v 0.610000 0.507000 0.103000
v 0.390000 0.507000 0.103000
vn -0.000000 1.000000 -0.000000
f 2653/1/682 2654/2/682 2655/3/682 2656/4/682
usemtl silver
v 0.390000 0.507000 0.103000
v 0.610000 0.507000 0.103000
v 0.610000 0.493000 0.103000
v 0.390000 0.493000 0.103000
vn -0.000000 -0.000000 -1.000000
f 2657/1/683 2658/2/683 2659/3/683 2660/4/683
usemtl silver
v 0.390000 0.493000 0.120000
v 0.610000 0.493000 0.120000
v 0.610000 0.507000 0.120000
v 0.390000 0.507000 0.120000
vn 0.000000 0.000000 1.000000
f 2661/1/684 2662/2/684 2663/3/684 2664/4/684
usemtl white
v 0.500000 0.500000 0.097000
v 0.530910 0.508282 0.097000
v 0.532000 0.500000 0.097000
vn 0.000000 0.000000 -1.000000
f 2665/1/685 2666/2/685 2667/3/685
usemtl white
v 0.500000 0.500000 0.097000
v 0.527713 0.516000 0.097000
v 0.530910 0.508282 0.097000
vn 0.000000 0.000000 -1.000000
f 2668/1/686 2669/2/686 2670/3/686
usemtl white
v 0.500000 0.500000 0.097000
v 0.522627 0.522627 0.097000
v 0.527713 0.516000 0.097000
vn 0.000000 0.000000 -1.000000
f 2671/1/687 2672/2/687 2673/3/687
usemtl white
v 0.500000 0.500000 0.097000
v 0.516000 0.527713 0.097000
v 0.522627 0.522627 0.097000
vn 0.000000 0.000000 -1.000000
f 2674/1/688 2675/2/688 2676/3/688
usemtl white
v 0.500000 0.500000 0.097000
v 0.508282 0.530910 0.097000
v 0.516000 0.527713 0.097000
vn 0.000000 0.000000 -1.000000
f 2677/1/689 2678/2/689 2679/3/689
usemtl white
v 0.500000 0.500000 0.097000
v 0.500000 0.532000 0.097000
v 0.508282 0.530910 0.097000
vn 0.000000 0.000000 -1.000000
f 2680/1/690 2681/2/690 2682/3/690
usemtl white
v 0.500000 0.500000 0.097000
v 0.491718 0.530910 0.097000
v 0.500000 0.532000 0.097000
vn 0.000000 0.000000 -1.000000
f 2683/1/691 2684/2/691 2685/3/691
usemtl white
v 0.500000 0.500000 0.097000
v 0.484000 0.527713 0.097000
v 0.491718 0.530910 0.097000
vn 0.000000 0.000000 -1.000000
f 2686/1/692 2687/2/692 2688/3/692
usemtl white
v 0.500000 0.500000 0.097000
v 0.477373 0.522627 0.097000
v 0.484000 0.527713 0.097000
vn 0.000000 0.000000 -1.000000
f 2689/1/693 2690/2/693 2691/3/693
usemtl white
v 0.500000 0.500000 0.097000
v 0.472287 0.516000 0.097000
v 0.477373 0.522627 0.097000
vn 0.000000 0.000000 -1.000000
f 2692/1/694 2693/2/694 2694/3/694
usemtl white
v 0.500000 0.500000 0.097000
v 0.469090 0.508282 0.097000
v 0.472287 0.516000 0.097000
vn 0.000000 0.000000 -1.000000
f 2695/1/695 2696/2/695 2697/3/695
usemtl white
v 0.500000 0.500000 0.097000
v 0.468000 0.500000 0.097000
v 0.469090 0.508282 0.097000
vn 0.000000 0.000000 -1.000000
f 2698/1/696 2699/2/696 2700/3/696
usemtl white
v 0.500000 0.500000 0.097000
v 0.469090 0.491718 0.097000
v 0.468000 0.500000 0.097000
vn -0.000000 0.000000 -1.000000
f 2701/1/697 2702/2/697 2703/3/697
usemtl white
v 0.500000 0.500000 0.097000
v 0.472287 0.484000 0.097000
v 0.469090 0.491718 0.097000
vn 0.000000 0.000000 -1.000000
f 2704/1/698 2705/2/698 2706/3/698
usemtl white
v 0.500000 0.500000 0.097000
v 0.477373 0.477373 0.097000
v 0.472287 0.484000 0.097000
vn 0.000000 0.000000 -1.000000
f 2707/1/699 2708/2/699 2709/3/699
usemtl white
v 0.500000 0.500000 0.097000
v 0.484000 0.472287 0.097000
v 0.477373 0.477373 0.097000
vn 0.000000 0.000000 -1.000000
f 2710/1/700 2711/2/700 2712/3/700
usemtl white
v 0.500000 0.500000 0.097000
v 0.491718 0.469090 0.097000
v 0.484000 0.472287 0.097000
vn 0.000000 0.000000 -1.000000
f 2713/1/701 2714/2/701 2715/3/701
usemtl white
v 0.500000 0.500000 0.097000
v 0.500000 0.468000 0.097000
v 0.491718 0.469090 0.097000
vn 0.000000 -0.000000 -1.000000
f 2716/1/702 2717/2/702 2718/3/702
usemtl white
v 0.500000 0.500000 0.097000
v 0.508282 0.469090 0.097000
v 0.500000 0.468000 0.097000
vn 0.000000 0.000000 -1.000000
f 2719/1/703 2720/2/703 2721/3/703
usemtl white
v 0.500000 0.500000 0.097000
v 0.516000 0.472287 0.097000
v 0.508282 0.469090 0.097000
vn 0.000000 0.000000 -1.000000
f 2722/1/704 2723/2/704 2724/3/704
usemtl white
v 0.500000 0.500000 0.097000
v 0.522627 0.477373 0.097000
v 0.516000 0.472287 0.097000
vn 0.000000 0.000000 -1.000000
f 2725/1/705 2726/2/705 2727/3/705
usemtl white
v 0.500000 0.500000 0.097000
v 0.527713 0.484000 0.097000
v 0.522627 0.477373 0.097000
vn 0.000000 0.000000 -1.000000
f 2728/1/706 2729/2/706 2730/3/706
usemtl white
v 0.500000 0.500000 0.097000
v 0.530910 0.491718 0.097000
v 0.527713 0.484000 0.097000
vn 0.000000 0.000000 -1.000000
f 2731/1/707 2732/2/707 2733/3/707
usemtl white
v 0.500000 0.500000 0.097000
v 0.532000 0.500000 0.097000
v 0.530910 0.491718 0.097000
vn 0.000000 0.000000 -1.000000
f 2734/1/708 2735/2/708 2736/3/708
usemtl white
v 0.532000 0.500000 0.097000
v 0.530910 0.508282 0.097000
v 0.530910 0.508282 0.140000
v 0.532000 0.500000 0.140000
vn 0.991445 0.130526 0.000000
f 2737/1/709 2738/2/709 2739/3/709 2740/4/709
usemtl white
v 0.530910 0.508282 0.097000
v 0.527713 0.516000 0.097000
v 0.527713 0.516000 0.140000
v 0.530910 0.508282 0.140000
vn 0.923880 0.382683 0.000000
f 2741/1/710 2742/2/710 2743/3/710 2744/4/710
usemtl white
v 0.527713 0.516000 0.097000
v 0.522627 0.522627 0.097000
v 0.522627 0.522627 0.140000
v 0.527713 0.516000 0.140000
vn 0.793353 0.608761 0.000000
f 2745/1/711 2746/2/711 2747/3/711 2748/4/711
usemtl white
v 0.522627 0.522627 0.097000
v 0.516000 0.527713 0.097000
v 0.516000 0.527713 0.140000
v 0.522627 0.522627 0.140000
vn 0.608761 0.793353 0.000000
f 2749/1/712 2750/2/712 2751/3/712 2752/4/712
usemtl white
v 0.516000 0.527713 0.097000
v 0.508282 0.530910 0.097000
v 0.508282 0.530910 0.140000
v 0.516000 0.527713 0.140000
vn 0.382683 0.923880 0.000000
f 2753/1/713 2754/2/713 2755/3/713 2756/4/713
usemtl white
v 0.508282 0.530910 0.097000
v 0.500000 0.532000 0.097000
v 0.500000 0.532000 0.140000
v 0.508282 0.530910 0.140000
vn 0.130526 0.991445 0.000000
f 2757/1/714 2758/2/714 2759/3/714 2760/4/714
usemtl white
v 0.500000 0.532000 0.097000
v 0.491718 0.530910 0.097000
v 0.491718 0.530910 0.140000
v 0.500000 0.532000 0.140000
vn -0.130526 0.991445 0.000000
f 2761/1/715 2762/2/715 2763/3/715 2764/4/715
usemtl white
v 0.491718 0.530910 0.097000
v 0.484000 0.527713 0.097000
v 0.484000 0.527713 0.140000
v 0.491718 0.530910 0.140000
vn -0.382683 0.923880 0.000000
f 2765/1/716 2766/2/716 2767/3/716 2768/4/716
usemtl white
v 0.484000 0.527713 0.097000
v 0.477373 0.522627 0.097000
v 0.477373 0.522627 0.140000
v 0.484000 0.527713 0.140000
vn -0.608761 0.793353 0.000000
f 2769/1/717 2770/2/717 2771/3/717 2772/4/717
usemtl white
v 0.477373 0.522627 0.097000
v 0.472287 0.516000 0.097000
v 0.472287 0.516000 0.140000
v 0.477373 0.522627 0.140000
vn -0.793353 0.608761 0.000000
f 2773/1/718 2774/2/718 2775/3/718 2776/4/718
usemtl white
v 0.472287 0.516000 0.097000
v 0.469090 0.508282 0.097000
v 0.469090 0.508282 0.140000
v 0.472287 0.516000 0.140000
vn -0.923880 0.382683 0.000000
f 2777/1/719 2778/2/719 2779/3/719 2780/4/719
usemtl white
v 0.469090 0.508282 0.097000
v 0.468000 0.500000 0.097000
v 0.468000 0.500000 0.140000
v 0.469090 0.508282 0.140000
vn -0.991445 0.130526 0.000000
f 2781/1/720 2782/2/720 2783/3/720 2784/4/720
usemtl white
v 0.468000 0.500000 0.097000
v 0.469090 0.491718 0.097000
v 0.469090 0.491718 0.140000
v 0.468000 0.500000 0.140000
vn -0.991445 -0.130526 0.000000
f 2785/1/721 2786/2/721 2787/3/721 2788/4/721
usemtl white
v 0.469090 0.491718 0.097000
v 0.472287 0.484000 0.097000
v 0.472287 0.484000 0.140000
v 0.469090 0.491718 0.140000
vn -0.923880 -0.382683 0.000000
f 2789/1/722 2790/2/722 2791/3/722 2792/4/722
usemtl white
v 0.472287 0.484000 0.097000
v 0.477373 0.477373 0.097000
v 0.477373 0.477373 0.140000
v 0.472287 0.484000 0.140000
vn -0.793353 -0.608761 0.000000
f 2793/1/723 2794/2/723 2795/3/723 2796/4/723
usemtl white
v 0.477373 0.477373 0.097000
v 0.484000 0.472287 0.097000
v 0.484000 0.472287 0.140000
v 0.477373 0.477373 0.140000
vn -0.608761 -0.793353 0.000000
f 2797/1/724 2798/2/724 2799/3/724 2800/4/724
usemtl white
v 0.484000 0.472287 0.097000
v 0.491718 0.469090 0.097000
v 0.491718 0.469090 0.140000
v 0.484000 0.472287 0.140000
vn -0.382683 -0.923880 0.000000
f 2801/1/725 2802/2/725 2803/3/725 2804/4/725
usemtl white
v 0.491718 0.469090 0.097000
v 0.500000 0.468000 0.097000
v 0.500000 0.468000 0.140000
v 0.491718 0.469090 0.140000
vn -0.130526 -0.991445 0.000000
f 2805/1/726 2806/2/726 2807/3/726 2808/4/726
usemtl white
v 0.500000 0.468000 0.097000
v 0.508282 0.469090 0.097000
v 0.508282 0.469090 0.140000
v 0.500000 0.468000 0.140000
vn 0.130526 -0.991445 0.000000
f 2809/1/727 2810/2/727 2811/3/727 2812/4/727
usemtl white
v 0.508282 0.469090 0.097000
v 0.516000 0.472287 0.097000
v 0.516000 0.472287 0.140000
v 0.508282 0.469090 0.140000
vn 0.382683 -0.923880 0.000000
f 2813/1/728 2814/2/728 2815/3/728 2816/4/728
usemtl white
v 0.516000 0.472287 0.097000
v 0.522627 0.477373 0.097000
v 0.522627 0.477373 0.140000
v 0.516000 0.472287 0.140000
vn 0.608761 -0.793353 0.000000
f 2817/1/729 2818/2/729 2819/3/729 2820/4/729
usemtl white
v 0.522627 0.477373 0.097000
v 0.527713 0.484000 0.097000
v 0.527713 0.484000 0.140000
v 0.522627 0.477373 0.140000
vn 0.793353 -0.608761 0.000000
f 2821/1/730 2822/2/730 2823/3/730 2824/4/730
usemtl white
v 0.527713 0.484000 0.097000
v 0.530910 0.491718 0.097000
v 0.530910 0.491718 0.140000
v 0.527713 0.484000 0.140000
vn 0.923880 -0.382683 0.000000
f 2825/1/731 2826/2/731 2827/3/731 2828/4/731
usemtl white
v 0.530910 0.491718 0.097000
v 0.532000 0.500000 0.097000
v 0.532000 0.500000 0.140000
v 0.530910 0.491718 0.140000
vn 0.991445 -0.130526 0.000000
f 2829/1/732 2830/2/732 2831/3/732 2832/4/732
usemtl black
v 0.683000 0.500000 0.630000
v 0.676764 0.547364 0.630000
v 0.673087 0.546378 0.639192
v 0.679192 0.500000 0.639192
vn 0.917120 0.120741 0.379884
f 2833/1/733 2834/2/733 2835/3/733 2836/4/733
usemtl black
v 0.676764 0.547364 0.630000
v 0.658483 0.591500 0.630000
v 0.655185 0.589596 0.639192
v 0.673087 0.546378 0.639192
vn 0.854620 0.353995 0.379884
f 2837/1/734 2838/2/734 2839/3/734 2840/4/734
usemtl black
v 0.658483 0.591500 0.630000
v 0.629401 0.629401 0.630000
v 0.626708 0.626708 0.639192
v 0.655185 0.589596 0.639192
vn 0.733879 0.563125 0.379884
f 2841/1/735 2842/2/735 2843/3/735 2844/4/735
usemtl black
v 0.629401 0.629401 0.630000
v 0.591500 0.658483 0.630000
v 0.589596 0.655185 0.639192
v 0.626708 0.626708 0.639192
vn 0.563125 0.733879 0.379884
f 2845/1/736 2846/2/736 2847/3/736 2848/4/736
usemtl black
v 0.591500 0.658483 0.630000
v 0.547364 0.676764 0.630000
v 0.546378 0.673087 0.639192
v 0.589596 0.655185 0.639192
vn 0.353995 0.854620 0.379884
f 2849/1/737 2850/2/737 2851/3/737 2852/4/737
usemtl black
v 0.547364 0.676764 0.630000
v 0.500000 0.683000 0.630000
v 0.500000 0.679192 0.639192
v 0.546378 0.673087 0.639192
vn 0.120741 0.917120 0.379884
f 2853/1/738 2854/2/738 2855/3/738 2856/4/738
usemtl black
v 0.500000 0.683000 0.630000
v 0.452636 0.676764 0.630000
v 0.453622 0.673087 0.639192
v 0.500000 0.679192 0.639192
vn -0.120741 0.917120 0.379884
f 2857/1/739 2858/2/739 2859/3/739 2860/4/739
usemtl black
v 0.452636 0.676764 0.630000
v 0.408500 0.658483 0.630000
v 0.410404 0.655185 0.639192
v 0.453622 0.673087 0.639192
vn -0.353995 0.854620 0.379884
f 2861/1/740 2862/2/740 2863/3/740 2864/4/740
usemtl black
v 0.408500 0.658483 0.630000
v 0.370599 0.629401 0.630000
v 0.373292 0.626708 0.639192
v 0.410404 0.655185 0.639192
vn -0.563125 0.733879 0.379884
f 2865/1/741 2866/2/741 2867/3/741 2868/4/741
usemtl black
v 0.370599 0.629401 0.630000
v 0.341517 0.591500 0.630000
v 0.344815 0.589596 0.639192
v 0.373292 0.626708 0.639192
vn -0.733879 0.563125 0.379884
f 2869/1/742 2870/2/742 2871/3/742 2872/4/742
usemtl black
v 0.341517 0.591500 0.630000
v 0.323236 0.547364 0.630000
v 0.326913 0.546378 0.639192
v 0.344815 0.589596 0.639192
vn -0.854620 0.353995 0.379884
f 2873/1/743 2874/2/743 2875/3/743 2876/4/743
usemtl black
v 0.323236 0.547364 0.630000
v 0.317000 0.500000 0.630000
v 0.320808 0.500000 0.639192
v 0.326913 0.546378 0.639192
vn -0.917120 0.120741 0.379884
f 2877/1/744 2878/2/744 2879/3/744 2880/4/744
usemtl black
v 0.317000 0.500000 0.630000
v 0.323236 0.452636 0.630000
v 0.326913 0.453622 0.639192
v 0.320808 0.500000 0.639192
vn -0.917120 -0.120741 0.379884
f 2881/1/745 2882/2/745 2883/3/745 2884/4/745
usemtl black
v 0.323236 0.452636 0.630000
v 0.341517 0.408500 0.630000
v 0.344815 0.410404 0.639192
v 0.326913 0.453622 0.639192
vn -0.854620 -0.353995 0.379884
f 2885/1/746 2886/2/746 2887/3/746 2888/4/746
usemtl black
v 0.341517 0.408500 0.630000
v 0.370599 0.370599 0.630000
v 0.373292 0.373292 0.639192
v 0.344815 0.410404 0.639192
vn -0.733879 -0.563125 0.379884
f 2889/1/747 2890/2/747 2891/3/747 2892/4/747
usemtl black
v 0.370599 0.370599 0.630000
v 0.408500 0.341517 0.630000
v 0.410404 0.344815 0.639192
v 0.373292 0.373292 0.639192
vn -0.563125 -0.733879 0.379884
f 2893/1/748 2894/2/748 2895/3/748 2896/4/748
usemtl black
v 0.408500 0.341517 0.630000
v 0.452636 0.323236 0.630000
v 0.453622 0.326913 0.639192
v 0.410404 0.344815 0.639192
vn -0.353995 -0.854620 0.379884
f 2897/1/749 2898/2/749 2899/3/749 2900/4/749
usemtl black
v 0.452636 0.323236 0.630000
v 0.500000 0.317000 0.630000
v 0.500000 0.320808 0.639192
v 0.453622 0.326913 0.639192
vn -0.120741 -0.917120 0.379884
f 2901/1/750 2902/2/750 2903/3/750 2904/4/750
usemtl black
v 0.500000 0.317000 0.630000
v 0.547364 0.323236 0.630000
v 0.546378 0.326913 0.639192
v 0.500000 0.320808 0.639192
vn 0.120741 -0.917120 0.379884
f 2905/1/751 2906/2/751 2907/3/751 2908/4/751
usemtl black
v 0.547364 0.323236 0.630000
v 0.591500 0.341517 0.630000
v 0.589596 0.344815 0.639192
v 0.546378 0.326913 0.639192
vn 0.353995 -0.854620 0.379884
f 2909/1/752 2910/2/752 2911/3/752 2912/4/752
usemtl black
v 0.591500 0.341517 0.630000
v 0.629401 0.370599 0.630000
v 0.626708 0.373292 0.639192
v 0.589596 0.344815 0.639192
vn 0.563125 -0.733879 0.379884
f 2913/1/753 2914/2/753 2915/3/753 2916/4/753
usemtl black
v 0.629401 0.370599 0.630000
v 0.658483 0.408500 0.630000
v 0.655185 0.410404 0.639192
v 0.626708 0.373292 0.639192
vn 0.733879 -0.563125 0.379884
f 2917/1/754 2918/2/754 2919/3/754 2920/4/754
usemtl black
v 0.658483 0.408500 0.630000
v 0.676764 0.452636 0.630000
v 0.673087 0.453622 0.639192
v 0.655185 0.410404 0.639192
vn 0.854620 -0.353995 0.379884
f 2921/1/755 2922/2/755 2923/3/755 2924/4/755
usemtl black
v 0.676764 0.452636 0.630000
v 0.683000 0.500000 0.630000
v 0.679192 0.500000 0.639192
v 0.673087 0.453622 0.639192
vn 0.917120 -0.120741 0.379884
f 2925/1/756 2926/2/756 2927/3/756 2928/4/756
usemtl black
v 0.679192 0.500000 0.639192
v 0.673087 0.546378 0.639192
v 0.664207 0.543999 0.643000
v 0.670000 0.500000 0.643000
vn 0.382199 0.050317 0.922709
f 2929/1/757 2930/2/757 2931/3/757 2932/4/757
usemtl black
v 0.673087 0.546378 0.639192
v 0.655185 0.589596 0.639192
v 0.647224 0.585000 0.643000
v 0.664207 0.543999 0.643000
vn 0.356152 0.147523 0.922709
f 2933/1/758 2934/2/758 2935/3/758 2936/4/758
usemtl black
v 0.655185 0.589596 0.639192
v 0.626708 0.626708 0.639192
v 0.620208 0.620208 0.643000
v 0.647224 0.585000 0.643000
vn 0.305835 0.234675 0.922709
f 2937/1/759 2938/2/759 2939/3/759 2940/4/759
usemtl black
v 0.626708 0.626708 0.639192
v 0.589596 0.655185 0.639192
v 0.585000 0.647224 0.643000
v 0.620208 0.620208 0.643000
vn 0.234675 0.305835 0.922709
f 2941/1/760 2942/2/760 2943/3/760 2944/4/760
usemtl black
v 0.589596 0.655185 0.639192
v 0.546378 0.673087 0.639192
v 0.543999 0.664207 0.643000
v 0.585000 0.647224 0.643000
vn 0.147523 0.356152 0.922709
f 2945/1/761 2946/2/761 2947/3/761 2948/4/761
usemtl black
v 0.546378 0.673087 0.639192
v 0.500000 0.679192 0.639192
v 0.500000 0.670000 0.643000
v 0.543999 0.664207 0.643000
vn 0.050317 0.382199 0.922709
f 2949/1/762 2950/2/762 2951/3/762 2952/4/762
usemtl black
v 0.500000 0.679192 0.639192
v 0.453622 0.673087 0.639192
v 0.456001 0.664207 0.643000
v 0.500000 0.670000 0.643000
vn -0.050317 0.382199 0.922709
f 2953/1/763 2954/2/763 2955/3/763 2956/4/763
usemtl black
v 0.453622 0.673087 0.639192
v 0.410404 0.655185 0.639192
v 0.415000 0.647224 0.643000
v 0.456001 0.664207 0.643000
vn -0.147523 0.356152 0.922709
f 2957/1/764 2958/2/764 2959/3/764 2960/4/764
usemtl black
v 0.410404 0.655185 0.639192
v 0.373292 0.626708 0.639192
v 0.379792 0.620208 0.643000
v 0.415000 0.647224 0.643000
vn -0.234675 0.305835 0.922709
f 2961/1/765 2962/2/765 2963/3/765 2964/4/765
usemtl black
v 0.373292 0.626708 0.639192
v 0.344815 0.589596 0.639192
v 0.352776 0.585000 0.643000
v 0.379792 0.620208 0.643000
vn -0.305835 0.234675 0.922709
f 2965/1/766 2966/2/766 2967/3/766 2968/4/766
usemtl black
v 0.344815 0.589596 0.639192
v 0.326913 0.546378 0.639192
v 0.335793 0.543999 0.643000
v 0.352776 0.585000 0.643000
vn -0.356152 0.147523 0.922709
f 2969/1/767 2970/2/767 2971/3/767 2972/4/767
usemtl black
v 0.326913 0.546378 0.639192
v 0.320808 0.500000 0.639192
v 0.330000 0.500000 0.643000
v 0.335793 0.543999 0.643000
vn -0.382199 0.050317 0.922709
f 2973/1/768 2974/2/768 2975/3/768 2976/4/768
usemtl black
v 0.320808 0.500000 0.639192
v 0.326913 0.453622 0.639192
v 0.335793 0.456001 0.643000
v 0.330000 0.500000 0.643000
vn -0.382199 -0.050317 0.922709
f 2977/1/769 2978/2/769 2979/3/769 2980/4/769
usemtl black
v 0.326913 0.453622 0.639192
v 0.344815 0.410404 0.639192
v 0.352776 0.415000 0.643000
v 0.335793 0.456001 0.643000
vn -0.356152 -0.147523 0.922709
f 2981/1/770 2982/2/770 2983/3/770 2984/4/770
usemtl black
v 0.344815 0.410404 0.639192
v 0.373292 0.373292 0.639192
v 0.379792 0.379792 0.643000
v 0.352776 0.415000 0.643000
vn -0.305835 -0.234675 0.922709
f 2985/1/771 2986/2/771 2987/3/771 2988/4/771
usemtl black
v 0.373292 0.373292 0.639192
v 0.410404 0.344815 0.639192
v 0.415000 0.352776 0.643000
v 0.379792 0.379792 0.643000
vn -0.234675 -0.305835 0.922709
f 2989/1/772 2990/2/772 2991/3/772 2992/4/772
usemtl black
v 0.410404 0.344815 0.639192
v 0.453622 0.326913 0.639192
v 0.456001 0.335793 0.643000
v 0.415000 0.352776 0.643000
vn -0.147523 -0.356152 0.922709
f 2993/1/773 2994/2/773 2995/3/773 2996/4/773
usemtl black
v 0.453622 0.326913 0.639192
v 0.500000 0.320808 0.639192
v 0.500000 0.330000 0.643000
v 0.456001 0.335793 0.643000
vn -0.050317 -0.382199 0.922709
f 2997/1/774 2998/2/774 2999/3/774 3000/4/774
usemtl black
v 0.500000 0.320808 0.639192
v 0.546378 0.326913 0.639192
v 0.543999 0.335793 0.643000
v 0.500000 0.330000 0.643000
vn 0.050317 -0.382199 0.922709
f 3001/1/775 3002/2/775 3003/3/775 3004/4/775
usemtl black
v 0.546378 0.326913 0.639192
v 0.589596 0.344815 0.639192
v 0.585000 0.352776 0.643000
v 0.543999 0.335793 0.643000
vn 0.147523 -0.356152 0.922709
f 3005/1/776 3006/2/776 3007/3/776 3008/4/776
usemtl black
v 0.589596 0.344815 0.639192
v 0.626708 0.373292 0.639192
v 0.620208 0.379792 0.643000
v 0.585000 0.352776 0.643000
vn 0.234675 -0.305835 0.922709
f 3009/1/777 3010/2/777 3011/3/777 3012/4/777
usemtl black
v 0.626708 0.373292 0.639192
v 0.655185 0.410404 0.639192
v 0.647224 0.415000 0.643000
v 0.620208 0.379792 0.643000
vn 0.305835 -0.234675 0.922709
f 3013/1/778 3014/2/778 3015/3/778 3016/4/778
usemtl black
v 0.655185 0.410404 0.639192
v 0.673087 0.453622 0.639192
v 0.664207 0.456001 0.643000
v 0.647224 0.415000 0.643000
vn 0.356152 -0.147523 0.922709
f 3017/1/779 3018/2/779 3019/3/779 3020/4/779
usemtl black
v 0.673087 0.453622 0.639192
v 0.679192 0.500000 0.639192
v 0.670000 0.500000 0.643000
v 0.664207 0.456001 0.643000
vn 0.382199 -0.050317 0.922709
f 3021/1/780 3022/2/780 3023/3/780 3024/4/780
usemtl black
v 0.670000 0.500000 0.643000
v 0.664207 0.543999 0.643000
v 0.655328 0.541620 0.639192
v 0.660808 0.500000 0.639192
vn -0.382199 -0.050317 0.922709
f 3025/1/781 3026/2/781 3027/3/781 3028/4/781
usemtl black
v 0.664207 0.543999 0.643000
v 0.647224 0.585000 0.643000
v 0.639263 0.580404 0.639192
v 0.655328 0.541620 0.639192
vn -0.356152 -0.147523 0.922709
f 3029/1/782 3030/2/782 3031/3/782 3032/4/782
usemtl black
v 0.647224 0.585000 0.643000
v 0.620208 0.620208 0.643000
v 0.613708 0.613708 0.639192
v 0.639263 0.580404 0.639192
vn -0.305835 -0.234675 0.922709
f 3033/1/783 3034/2/783 3035/3/783 3036/4/783
usemtl black
v 0.620208 0.620208 0.643000
v 0.585000 0.647224 0.643000
v 0.580404 0.639263 0.639192
v 0.613708 0.613708 0.639192
vn -0.234675 -0.305835 0.922709
f 3037/1/784 3038/2/784 3039/3/784 3040/4/784
usemtl black
v 0.585000 0.647224 0.643000
v 0.543999 0.664207 0.643000
v 0.541620 0.655328 0.639192
v 0.580404 0.639263 0.639192
vn -0.147523 -0.356152 0.922709
f 3041/1/785 3042/2/785 3043/3/785 3044/4/785
usemtl black
v 0.543999 0.664207 0.643000
v 0.500000 0.670000 0.643000
v 0.500000 0.660808 0.639192
v 0.541620 0.655328 0.639192
vn -0.050317 -0.382199 0.922709
f 3045/1/786 3046/2/786 3047/3/786 3048/4/786
usemtl black
v 0.500000 0.670000 0.643000
v 0.456001 0.664207 0.643000
v 0.458380 0.655328 0.639192
v 0.500000 0.660808 0.639192
vn 0.050317 -0.382199 0.922709
f 3049/1/787 3050/2/787 3051/3/787 3052/4/787
usemtl black
v 0.456001 0.664207 0.643000
v 0.415000 0.647224 0.643000
v 0.419596 0.639263 0.639192
v 0.458380 0.655328 0.639192
vn 0.147523 -0.356152 0.922709
f 3053/1/788 3054/2/788 3055/3/788 3056/4/788
usemtl black
v 0.415000 0.647224 0.643000
v 0.379792 0.620208 0.643000
v 0.386292 0.613708 0.639192
v 0.419596 0.639263 0.639192
vn 0.234675 -0.305835 0.922709
f 3057/1/789 3058/2/789 3059/3/789 3060/4/789
usemtl black
v 0.379792 0.620208 0.643000
v 0.352776 0.585000 0.643000
v 0.360737 0.580404 0.639192
v 0.386292 0.613708 0.639192
vn 0.305835 -0.234675 0.922709
f 3061/1/790 3062/2/790 3063/3/790 3064/4/790
usemtl black
v 0.352776 0.585000 0.643000
v 0.335793 0.543999 0.643000
v 0.344672 0.541620 0.639192
v 0.360737 0.580404 0.639192
vn 0.356152 -0.147523 0.922709
f 3065/1/791 3066/2/791 3067/3/791 3068/4/791
usemtl black
v 0.335793 0.543999 0.643000
v 0.330000 0.500000 0.643000
v 0.339192 0.500000 0.639192
v 0.344672 0.541620 0.639192
vn 0.382199 -0.050317 0.922709
f 3069/1/792 3070/2/792 3071/3/792 3072/4/792
usemtl black
v 0.330000 0.500000 0.643000
v 0.335793 0.456001 0.643000
v 0.344672 0.458380 0.639192
v 0.339192 0.500000 0.639192
vn 0.382199 0.050317 0.922709
f 3073/1/793 3074/2/793 3075/3/793 3076/4/793
usemtl black
v 0.335793 0.456001 0.643000
v 0.352776 0.415000 0.643000
v 0.360737 0.419596 0.639192
v 0.344672 0.458380 0.639192
vn 0.356152 0.147523 0.922709
f 3077/1/794 3078/2/794 3079/3/794 3080/4/794
usemtl black
v 0.352776 0.415000 0.643000
v 0.379792 0.379792 0.643000
v 0.386292 0.386292 0.639192
v 0.360737 0.419596 0.639192
vn 0.305835 0.234675 0.922709
f 3081/1/795 3082/2/795 3083/3/795 3084/4/795
usemtl black
v 0.379792 0.379792 0.643000
v 0.415000 0.352776 0.643000
v 0.419596 0.360737 0.639192
v 0.386292 0.386292 0.639192
vn 0.234675 0.305835 0.922709
f 3085/1/796 3086/2/796 3087/3/796 3088/4/796
usemtl black
v 0.415000 0.352776 0.643000
v 0.456001 0.335793 0.643000
v 0.458380 0.344672 0.639192
v 0.419596 0.360737 0.639192
vn 0.147523 0.356152 0.922709
f 3089/1/797 3090/2/797 3091/3/797 3092/4/797
usemtl black
v 0.456001 0.335793 0.643000
v 0.500000 0.330000 0.643000
v 0.500000 0.339192 0.639192
v 0.458380 0.344672 0.639192
vn 0.050317 0.382199 0.922709
f 3093/1/798 3094/2/798 3095/3/798 3096/4/798
usemtl black
v 0.500000 0.330000 0.643000
v 0.543999 0.335793 0.643000
v 0.541620 0.344672 0.639192
v 0.500000 0.339192 0.639192
vn -0.050317 0.382199 0.922709
f 3097/1/799 3098/2/799 3099/3/799 3100/4/799
usemtl black
v 0.543999 0.335793 0.643000
v 0.585000 0.352776 0.643000
v 0.580404 0.360737 0.639192
v 0.541620 0.344672 0.639192
vn -0.147523 0.356152 0.922709
f 3101/1/800 3102/2/800 3103/3/800 3104/4/800
usemtl black
v 0.585000 0.352776 0.643000
v 0.620208 0.379792 0.643000
v 0.613708 0.386292 0.639192
v 0.580404 0.360737 0.639192
vn -0.234675 0.305835 0.922709
f 3105/1/801 3106/2/801 3107/3/801 3108/4/801
usemtl black
v 0.620208 0.379792 0.643000
v 0.647224 0.415000 0.643000
v 0.639263 0.419596 0.639192
v 0.613708 0.386292 0.639192
vn -0.305835 0.234675 0.922709
f 3109/1/802 3110/2/802 3111/3/802 3112/4/802
usemtl black
v 0.647224 0.415000 0.643000
v 0.664207 0.456001 0.643000
v 0.655328 0.458380 0.639192
v 0.639263 0.419596 0.639192
vn -0.356152 0.147523 0.922709
f 3113/1/803 3114/2/803 3115/3/803 3116/4/803
usemtl black
v 0.664207 0.456001 0.643000
v 0.670000 0.500000 0.643000
v 0.660808 0.500000 0.639192
v 0.655328 0.458380 0.639192
vn -0.382199 0.050317 0.922709
f 3117/1/804 3118/2/804 3119/3/804 3120/4/804
usemtl black
v 0.660808 0.500000 0.639192
v 0.655328 0.541620 0.639192
v 0.651650 0.540635 0.630000
v 0.657000 0.500000 0.630000
vn -0.917120 -0.120741 0.379884
f 3121/1/805 3122/2/805 3123/3/805 3124/4/805
usemtl black
v 0.655328 0.541620 0.639192
v 0.639263 0.580404 0.639192
v 0.635966 0.578500 0.630000
v 0.651650 0.540635 0.630000
vn -0.854620 -0.353995 0.379884
f 3125/1/806 3126/2/806 3127/3/806 3128/4/806
usemtl black
v 0.639263 0.580404 0.639192
v 0.613708 0.613708 0.639192
v 0.611016 0.611016 0.630000
v 0.635966 0.578500 0.630000
vn -0.733879 -0.563125 0.379884
f 3129/1/807 3130/2/807 3131/3/807 3132/4/807
usemtl black
v 0.613708 0.613708 0.639192
v 0.580404 0.639263 0.639192
v 0.578500 0.635966 0.630000
v 0.611016 0.611016 0.630000
vn -0.563125 -0.733879 0.379884
f 3133/1/808 3134/2/808 3135/3/808 3136/4/808
usemtl black
v 0.580404 0.639263 0.639192
v 0.541620 0.655328 0.639192
v 0.540635 0.651650 0.630000
v 0.578500 0.635966 0.630000
vn -0.353995 -0.854620 0.379884
f 3137/1/809 3138/2/809 3139/3/809 3140/4/809
usemtl black
v 0.541620 0.655328 0.639192
v 0.500000 0.660808 0.639192
v 0.500000 0.657000 0.630000
v 0.540635 0.651650 0.630000
vn -0.120741 -0.917120 0.379884
f 3141/1/810 3142/2/810 3143/3/810 3144/4/810
usemtl black
v 0.500000 0.660808 0.639192
v 0.458380 0.655328 0.639192
v 0.459365 0.651650 0.630000
v 0.500000 0.657000 0.630000
vn 0.120741 -0.917120 0.379884
f 3145/1/811 3146/2/811 3147/3/811 3148/4/811
usemtl black
v 0.458380 0.655328 0.639192
v 0.419596 0.639263 0.639192
v 0.421500 0.635966 0.630000
v 0.459365 0.651650 0.630000
vn 0.353995 -0.854620 0.379884
f 3149/1/812 3150/2/812 3151/3/812 3152/4/812
usemtl black
v 0.419596 0.639263 0.639192
v 0.386292 0.613708 0.639192
v 0.388984 0.611016 0.630000
v 0.421500 0.635966 0.630000
vn 0.563125 -0.733879 0.379884
f 3153/1/813 3154/2/813 3155/3/813 3156/4/813
usemtl black
v 0.386292 0.613708 0.639192
v 0.360737 0.580404 0.639192
v 0.364034 0.578500 0.630000
v 0.388984 0.611016 0.630000
vn 0.733879 -0.563125 0.379884
f 3157/1/814 3158/2/814 3159/3/814 3160/4/814
usemtl black
v 0.360737 0.580404 0.639192
v 0.344672 0.541620 0.639192
v 0.348350 0.540635 0.630000
v 0.364034 0.578500 0.630000
vn 0.854620 -0.353995 0.379884
f 3161/1/815 3162/2/815 3163/3/815 3164/4/815
usemtl black
v 0.344672 0.541620 0.639192
v 0.339192 0.500000 0.639192
v 0.343000 0.500000 0.630000
v 0.348350 0.540635 0.630000
vn 0.917120 -0.120741 0.379884
f 3165/1/816 3166/2/816 3167/3/816 3168/4/816
usemtl black
v 0.339192 0.500000 0.639192
v 0.344672 0.458380 0.639192
v 0.348350 0.459365 0.630000
v 0.343000 0.500000 0.630000
vn 0.917120 0.120741 0.379884
f 3169/1/817 3170/2/817 3171/3/817 3172/4/817
usemtl black
v 0.344672 0.458380 0.639192
v 0.360737 0.419596 0.639192
v 0.364034 0.421500 0.630000
v 0.348350 0.459365 0.630000
vn 0.854620 0.353995 0.379884
f 3173/1/818 3174/2/818 3175/3/818 3176/4/818
usemtl black
v 0.360737 0.419596 0.639192
v 0.386292 0.386292 0.639192
v 0.388984 0.388984 0.630000
v 0.364034 0.421500 0.630000
vn 0.733879 0.563125 0.379884
f 3177/1/819 3178/2/819 3179/3/819 3180/4/819
usemtl black
v 0.386292 0.386292 0.639192
v 0.419596 0.360737 0.639192
v 0.421500 0.364034 0.630000
v 0.388984 0.388984 0.630000
vn 0.563125 0.733879 0.379884
f 3181/1/820 3182/2/820 3183/3/820 3184/4/820
usemtl black
v 0.419596 0.360737 0.639192
v 0.458380 0.344672 0.639192
v 0.459365 0.348350 0.630000
v 0.421500 0.364034 0.630000
vn 0.353995 0.854620 0.379884
f 3185/1/821 3186/2/821 3187/3/821 3188/4/821
usemtl black
v 0.458380 0.344672 0.639192
v 0.500000 0.339192 0.639192
v 0.500000 0.343000 0.630000
v 0.459365 0.348350 0.630000
vn 0.120741 0.917120 0.379884
f 3189/1/822 3190/2/822 3191/3/822 3192/4/822
usemtl black
v 0.500000 0.339192 0.639192
v 0.541620 0.344672 0.639192
v 0.540635 0.348350 0.630000
v 0.500000 0.343000 0.630000
vn -0.120741 0.917120 0.379884
f 3193/1/823 3194/2/823 3195/3/823 3196/4/823
usemtl black
v 0.541620 0.344672 0.639192
v 0.580404 0.360737 0.639192
v 0.578500 0.364034 0.630000
v 0.540635 0.348350 0.630000
vn -0.353995 0.854620 0.379884
f 3197/1/824 3198/2/824 3199/3/824 3200/4/824
usemtl black
v 0.580404 0.360737 0.639192
v 0.613708 0.386292 0.639192
v 0.611016 0.388984 0.630000
v 0.578500 0.364034 0.630000
vn -0.563125 0.733879 0.379884
f 3201/1/825 3202/2/825 3203/3/825 3204/4/825
usemtl black
v 0.613708 0.386292 0.639192
v 0.639263 0.419596 0.639192
v 0.635966 0.421500 0.630000
v 0.611016 0.388984 0.630000
vn -0.733879 0.563125 0.379884
f 3205/1/826 3206/2/826 3207/3/826 3208/4/826
usemtl black
v 0.639263 0.419596 0.639192
v 0.655328 0.458380 0.639192
v 0.651650 0.459365 0.630000
v 0.635966 0.421500 0.630000
vn -0.854620 0.353995 0.379884
f 3209/1/827 3210/2/827 3211/3/827 3212/4/827
usemtl black
v 0.655328 0.458380 0.639192
v 0.660808 0.500000 0.639192
v 0.657000 0.500000 0.630000
v 0.651650 0.459365 0.630000
vn -0.917120 0.120741 0.379884
f 3213/1/828 3214/2/828 3215/3/828 3216/4/828
usemtl black
v 0.657000 0.500000 0.630000
v 0.651650 0.540635 0.630000
v 0.655328 0.541620 0.620808
v 0.660808 0.500000 0.620808
vn -0.917120 -0.120741 -0.379884
f 3217/1/829 3218/2/829 3219/3/829 3220/4/829
usemtl black
v 0.651650 0.540635 0.630000
v 0.635966 0.578500 0.630000
v 0.639263 0.580404 0.620808
v 0.655328 0.541620 0.620808
vn -0.854620 -0.353995 -0.379884
f 3221/1/830 3222/2/830 3223/3/830 3224/4/830
usemtl black
v 0.635966 0.578500 0.630000
v 0.611016 0.611016 0.630000
v 0.613708 0.613708 0.620808
v 0.639263 0.580404 0.620808
vn -0.733879 -0.563125 -0.379884
f 3225/1/831 3226/2/831 3227/3/831 3228/4/831
usemtl black
v 0.611016 0.611016 0.630000
v 0.578500 0.635966 0.630000
v 0.580404 0.639263 0.620808
v 0.613708 0.613708 0.620808
vn -0.563125 -0.733879 -0.379884
f 3229/1/832 3230/2/832 3231/3/832 3232/4/832
usemtl black
v 0.578500 0.635966 0.630000
v 0.540635 0.651650 0.630000
v 0.541620 0.655328 0.620808
v 0.580404 0.639263 0.620808
vn -0.353995 -0.854620 -0.379884
f 3233/1/833 3234/2/833 3235/3/833 3236/4/833
usemtl black
v 0.540635 0.651650 0.630000
v 0.500000 0.657000 0.630000
v 0.500000 0.660808 0.620808
v 0.541620 0.655328 0.620808
vn -0.120741 -0.917120 -0.379884
f 3237/1/834 3238/2/834 3239/3/834 3240/4/834
usemtl black
v 0.500000 0.657000 0.630000
v 0.459365 0.651650 0.630000
v 0.458380 0.655328 0.620808
v 0.500000 0.660808 0.620808
vn 0.120741 -0.917120 -0.379884
f 3241/1/835 3242/2/835 3243/3/835 3244/4/835
usemtl black
v 0.459365 0.651650 0.630000
v 0.421500 0.635966 0.630000
v 0.419596 0.639263 0.620808
v 0.458380 0.655328 0.620808
vn 0.353995 -0.854620 -0.379884
f 3245/1/836 3246/2/836 3247/3/836 3248/4/836
usemtl black
v 0.421500 0.635966 0.630000
v 0.388984 0.611016 0.630000
v 0.386292 0.613708 0.620808
v 0.419596 0.639263 0.620808
vn 0.563125 -0.733879 -0.379884
f 3249/1/837 3250/2/837 3251/3/837 3252/4/837
usemtl black
v 0.388984 0.611016 0.630000
v 0.364034 0.578500 0.630000
v 0.360737 0.580404 0.620808
v 0.386292 0.613708 0.620808
vn 0.733879 -0.563125 -0.379884
f 3253/1/838 3254/2/838 3255/3/838 3256/4/838
usemtl black
v 0.364034 0.578500 0.630000
v 0.348350 0.540635 0.630000
v 0.344672 0.541620 0.620808
v 0.360737 0.580404 0.620808
vn 0.854620 -0.353995 -0.379884
f 3257/1/839 3258/2/839 3259/3/839 3260/4/839
usemtl black
v 0.348350 0.540635 0.630000
v 0.343000 0.500000 0.630000
v 0.339192 0.500000 0.620808
v 0.344672 0.541620 0.620808
vn 0.917120 -0.120741 -0.379884
f 3261/1/840 3262/2/840 3263/3/840 3264/4/840
usemtl black
v 0.343000 0.500000 0.630000
v 0.348350 0.459365 0.630000
v 0.344672 0.458380 0.620808
v 0.339192 0.500000 0.620808
vn 0.917120 0.120741 -0.379884
f 3265/1/841 3266/2/841 3267/3/841 3268/4/841
usemtl black
v 0.348350 0.459365 0.630000
v 0.364034 0.421500 0.630000
v 0.360737 0.419596 0.620808
v 0.344672 0.458380 0.620808
vn 0.854620 0.353995 -0.379884
f 3269/1/842 3270/2/842 3271/3/842 3272/4/842
usemtl black
v 0.364034 0.421500 0.630000
v 0.388984 0.388984 0.630000
v 0.386292 0.386292 0.620808
v 0.360737 0.419596 0.620808
vn 0.733879 0.563125 -0.379884
f 3273/1/843 3274/2/843 3275/3/843 3276/4/843
usemtl black
v 0.388984 0.388984 0.630000
v 0.421500 0.364034 0.630000
v 0.419596 0.360737 0.620808
v 0.386292 0.386292 0.620808
vn 0.563125 0.733879 -0.379884
f 3277/1/844 3278/2/844 3279/3/844 3280/4/844
usemtl black
v 0.421500 0.364034 0.630000
v 0.459365 0.348350 0.630000
v 0.458380 0.344672 0.620808
v 0.419596 0.360737 0.620808
vn 0.353995 0.854620 -0.379884
f 3281/1/845 3282/2/845 3283/3/845 3284/4/845
usemtl black
v 0.459365 0.348350 0.630000
v 0.500000 0.343000 0.630000
v 0.500000 0.339192 0.620808
v 0.458380 0.344672 0.620808
vn 0.120741 0.917120 -0.379884
f 3285/1/846 3286/2/846 3287/3/846 3288/4/846
usemtl black
v 0.500000 0.343000 0.630000
v 0.540635 0.348350 0.630000
v 0.541620 0.344672 0.620808
v 0.500000 0.339192 0.620808
vn -0.120741 0.917120 -0.379884
f 3289/1/847 3290/2/847 3291/3/847 3292/4/847
usemtl black
v 0.540635 0.348350 0.630000
v 0.578500 0.364034 0.630000
v 0.580404 0.360737 0.620808
v 0.541620 0.344672 0.620808
vn -0.353995 0.854620 -0.379884
f 3293/1/848 3294/2/848 3295/3/848 3296/4/848
usemtl black
v 0.578500 0.364034 0.630000
v 0.611016 0.388984 0.630000
v 0.613708 0.386292 0.620808
v 0.580404 0.360737 0.620808
vn -0.563125 0.733879 -0.379884
f 3297/1/849 3298/2/849 3299/3/849 3300/4/849
usemtl black
v 0.611016 0.388984 0.630000
v 0.635966 0.421500 0.630000
v 0.639263 0.419596 0.620808
v 0.613708 0.386292 0.620808
vn -0.733879 0.563125 -0.379884
f 3301/1/850 3302/2/850 3303/3/850 3304/4/850
usemtl black
v 0.635966 0.421500 0.630000
v 0.651650 0.459365 0.630000
v 0.655328 0.458380 0.620808
v 0.639263 0.419596 0.620808
vn -0.854620 0.353995 -0.379884
f 3305/1/851 3306/2/851 3307/3/851 3308/4/851
usemtl black
v 0.651650 0.459365 0.630000
v 0.657000 0.500000 0.630000
v 0.660808 0.500000 0.620808
v 0.655328 0.458380 0.620808
vn -0.917120 0.120741 -0.379884
f 3309/1/852 3310/2/852 3311/3/852 3312/4/852
usemtl black
v 0.660808 0.500000 0.620808
v 0.655328 0.541620 0.620808
v 0.664207 0.543999 0.617000
v 0.670000 0.500000 0.617000
vn -0.382199 -0.050317 -0.922709
f 3313/1/853 3314/2/853 3315/3/853 3316/4/853
usemtl black
v 0.655328 0.541620 0.620808
v 0.639263 0.580404 0.620808
v 0.647224 0.585000 0.617000
v 0.664207 0.543999 0.617000
vn -0.356152 -0.147523 -0.922709
f 3317/1/854 3318/2/854 3319/3/854 3320/4/854
usemtl black
v 0.639263 0.580404 0.620808
v 0.613708 0.613708 0.620808
v 0.620208 0.620208 0.617000
v 0.647224 0.585000 0.617000
vn -0.305835 -0.234675 -0.922709
f 3321/1/855 3322/2/855 3323/3/855 3324/4/855
usemtl black
v 0.613708 0.613708 0.620808
v 0.580404 0.639263 0.620808
v 0.585000 0.647224 0.617000
v 0.620208 0.620208 0.617000
vn -0.234675 -0.305835 -0.922709
f 3325/1/856 3326/2/856 3327/3/856 3328/4/856
usemtl black
v 0.580404 0.639263 0.620808
v 0.541620 0.655328 0.620808
v 0.543999 0.664207 0.617000
v 0.585000 0.647224 0.617000
vn -0.147523 -0.356152 -0.922709
f 3329/1/857 3330/2/857 3331/3/857 3332/4/857
usemtl black
v 0.541620 0.655328 0.620808
v 0.500000 0.660808 0.620808
v 0.500000 0.670000 0.617000
v 0.543999 0.664207 0.617000
vn -0.050317 -0.382199 -0.922709
f 3333/1/858 3334/2/858 3335/3/858 3336/4/858
usemtl black
v 0.500000 0.660808 0.620808
v 0.458380 0.655328 0.620808
v 0.456001 0.664207 0.617000
v 0.500000 0.670000 0.617000
vn 0.050317 -0.382199 -0.922709
f 3337/1/859 3338/2/859 3339/3/859 3340/4/859
usemtl black
v 0.458380 0.655328 0.620808
v 0.419596 0.639263 0.620808
v 0.415000 0.647224 0.617000
v 0.456001 0.664207 0.617000
vn 0.147523 -0.356152 -0.922709
f 3341/1/860 3342/2/860 3343/3/860 3344/4/860
usemtl black
v 0.419596 0.639263 0.620808
v 0.386292 0.613708 0.620808
v 0.379792 0.620208 0.617000
v 0.415000 0.647224 0.617000
vn 0.234675 -0.305835 -0.922709
f 3345/1/861 3346/2/861 3347/3/861 3348/4/861
usemtl black
v 0.386292 0.613708 0.620808
v 0.360737 0.580404 0.620808
v 0.352776 0.585000 0.617000
v 0.379792 0.620208 0.617000
vn 0.305835 -0.234675 -0.922709
f 3349/1/862 3350/2/862 3351/3/862 3352/4/862
usemtl black
v 0.360737 0.580404 0.620808
v 0.344672 0.541620 0.620808
v 0.335793 0.543999 0.617000
v 0.352776 0.585000 0.617000
vn 0.356152 -0.147523 -0.922709
f 3353/1/863 3354/2/863 3355/3/863 3356/4/863
usemtl black
v 0.344672 0.541620 0.620808
v 0.339192 0.500000 0.620808
v 0.330000 0.500000 0.617000
v 0.335793 0.543999 0.617000
vn 0.382199 -0.050317 -0.922709
f 3357/1/864 3358/2/864 3359/3/864 3360/4/864
usemtl black
v 0.339192 0.500000 0.620808
v 0.344672 0.458380 0.620808
v 0.335793 0.456001 0.617000
v 0.330000 0.500000 0.617000
vn 0.382199 0.050317 -0.922709
f 3361/1/865 3362/2/865 3363/3/865 3364/4/865
usemtl black
v 0.344672 0.458380 0.620808
v 0.360737 0.419596 0.620808
v 0.352776 0.415000 0.617000
v 0.335793 0.456001 0.617000
vn 0.356152 0.147523 -0.922709
f 3365/1/866 3366/2/866 3367/3/866 3368/4/866
usemtl black
v 0.360737 0.419596 0.620808
v 0.386292 0.386292 0.620808
v 0.379792 0.379792 0.617000
v 0.352776 0.415000 0.617000
vn 0.305835 0.234675 -0.922709
f 3369/1/867 3370/2/867 3371/3/867 3372/4/867
usemtl black
v 0.386292 0.386292 0.620808
v 0.419596 0.360737 0.620808
v 0.415000 0.352776 0.617000
v 0.379792 0.379792 0.617000
vn 0.234675 0.305835 -0.922709
f 3373/1/868 3374/2/868 3375/3/868 3376/4/868
usemtl black
v 0.419596 0.360737 0.620808
v 0.458380 0.344672 0.620808
v 0.456001 0.335793 0.617000
v 0.415000 0.352776 0.617000
vn 0.147523 0.356152 -0.922709
f 3377/1/869 3378/2/869 3379/3/869 3380/4/869
usemtl black
v 0.458380 0.344672 0.620808
v 0.500000 0.339192 0.620808
v 0.500000 0.330000 0.617000
v 0.456001 0.335793 0.617000
vn 0.050317 0.382199 -0.922709
f 3381/1/870 3382/2/870 3383/3/870 3384/4/870
usemtl black
v 0.500000 0.339192 0.620808
v 0.541620 0.344672 0.620808
v 0.543999 0.335793 0.617000
v 0.500000 0.330000 0.617000
vn -0.050317 0.382199 -0.922709
f 3385/1/871 3386/2/871 3387/3/871 3388/4/871
usemtl black
v 0.541620 0.344672 0.620808
v 0.580404 0.360737 0.620808
v 0.585000 0.352776 0.617000
v 0.543999 0.335793 0.617000
vn -0.147523 0.356152 -0.922709
f 3389/1/872 3390/2/872 3391/3/872 3392/4/872
usemtl black
v 0.580404 0.360737 0.620808
v 0.613708 0.386292 0.620808
v 0.620208 0.379792 0.617000
v 0.585000 0.352776 0.617000
vn -0.234675 0.305835 -0.922709
f 3393/1/873 3394/2/873 3395/3/873 3396/4/873
usemtl black
v 0.613708 0.386292 0.620808
v 0.639263 0.419596 0.620808
v 0.647224 0.415000 0.617000
v 0.620208 0.379792 0.617000
vn -0.305835 0.234675 -0.922709
f 3397/1/874 3398/2/874 3399/3/874 3400/4/874
usemtl black
v 0.639263 0.419596 0.620808
v 0.655328 0.458380 0.620808
v 0.664207 0.456001 0.617000
v 0.647224 0.415000 0.617000
vn -0.356152 0.147523 -0.922709
f 3401/1/875 3402/2/875 3403/3/875 3404/4/875
usemtl black
v 0.655328 0.458380 0.620808
v 0.660808 0.500000 0.620808
v 0.670000 0.500000 0.617000
v 0.664207 0.456001 0.617000
vn -0.382199 0.050317 -0.922709
f 3405/1/876 3406/2/876 3407/3/876 3408/4/876
usemtl black
v 0.670000 0.500000 0.617000
v 0.664207 0.543999 0.617000
v 0.673087 0.546378 0.620808
v 0.679192 0.500000 0.620808
vn 0.382199 0.050317 -0.922709
f 3409/1/877 3410/2/877 3411/3/877 3412/4/877
usemtl black
v 0.664207 0.543999 0.617000
v 0.647224 0.585000 0.617000
v 0.655185 0.589596 0.620808
v 0.673087 0.546378 0.620808
vn 0.356152 0.147523 -0.922709
f 3413/1/878 3414/2/878 3415/3/878 3416/4/878
usemtl black
v 0.647224 0.585000 0.617000
v 0.620208 0.620208 0.617000
v 0.626708 0.626708 0.620808
v 0.655185 0.589596 0.620808
vn 0.305835 0.234675 -0.922709
f 3417/1/879 3418/2/879 3419/3/879 3420/4/879
usemtl black
v 0.620208 0.620208 0.617000
v 0.585000 0.647224 0.617000
v 0.589596 0.655185 0.620808
v 0.626708 0.626708 0.620808
vn 0.234675 0.305835 -0.922709
f 3421/1/880 3422/2/880 3423/3/880 3424/4/880
usemtl black
v 0.585000 0.647224 0.617000
v 0.543999 0.664207 0.617000
v 0.546378 0.673087 0.620808
v 0.589596 0.655185 0.620808
vn 0.147523 0.356152 -0.922709
f 3425/1/881 3426/2/881 3427/3/881 3428/4/881
usemtl black
v 0.543999 0.664207 0.617000
v 0.500000 0.670000 0.617000
v 0.500000 0.679192 0.620808
v 0.546378 0.673087 0.620808
vn 0.050317 0.382199 -0.922709
f 3429/1/882 3430/2/882 3431/3/882 3432/4/882
usemtl black
v 0.500000 0.670000 0.617000
v 0.456001 0.664207 0.617000
v 0.453622 0.673087 0.620808
v 0.500000 0.679192 0.620808
vn -0.050317 0.382199 -0.922709
f 3433/1/883 3434/2/883 3435/3/883 3436/4/883
usemtl black
v 0.456001 0.664207 0.617000
v 0.415000 0.647224 0.617000
v 0.410404 0.655185 0.620808
v 0.453622 0.673087 0.620808
vn -0.147523 0.356152 -0.922709
f 3437/1/884 3438/2/884 3439/3/884 3440/4/884
usemtl black
v 0.415000 0.647224 0.617000
v 0.379792 0.620208 0.617000
v 0.373292 0.626708 0.620808
v 0.410404 0.655185 0.620808
vn -0.234675 0.305835 -0.922709
f 3441/1/885 3442/2/885 3443/3/885 3444/4/885
usemtl black
v 0.379792 0.620208 0.617000
v 0.352776 0.585000 0.617000
v 0.344815 0.589596 0.620808
v 0.373292 0.626708 0.620808
vn -0.305835 0.234675 -0.922709
f 3445/1/886 3446/2/886 3447/3/886 3448/4/886
usemtl black
v 0.352776 0.585000 0.617000
v 0.335793 0.543999 0.617000
v 0.326913 0.546378 0.620808
v 0.344815 0.589596 0.620808
vn -0.356152 0.147523 -0.922709
f 3449/1/887 3450/2/887 3451/3/887 3452/4/887
usemtl black
v 0.335793 0.543999 0.617000
v 0.330000 0.500000 0.617000
v 0.320808 0.500000 0.620808
v 0.326913 0.546378 0.620808
vn -0.382199 0.050317 -0.922709
f 3453/1/888 3454/2/888 3455/3/888 3456/4/888
usemtl black
v 0.330000 0.500000 0.617000
v 0.335793 0.456001 0.617000
v 0.326913 0.453622 0.620808
v 0.320808 0.500000 0.620808
vn -0.382199 -0.050317 -0.922709
f 3457/1/889 3458/2/889 3459/3/889 3460/4/889
usemtl black
v 0.335793 0.456001 0.617000
v 0.352776 0.415000 0.617000
v 0.344815 0.410404 0.620808
v 0.326913 0.453622 0.620808
vn -0.356152 -0.147523 -0.922709
f 3461/1/890 3462/2/890 3463/3/890 3464/4/890
usemtl black
v 0.352776 0.415000 0.617000
v 0.379792 0.379792 0.617000
v 0.373292 0.373292 0.620808
v 0.344815 0.410404 0.620808
vn -0.305835 -0.234675 -0.922709
f 3465/1/891 3466/2/891 3467/3/891 3468/4/891
usemtl black
v 0.379792 0.379792 0.617000
v 0.415000 0.352776 0.617000
v 0.410404 0.344815 0.620808
v 0.373292 0.373292 0.620808
vn -0.234675 -0.305835 -0.922709
f 3469/1/892 3470/2/892 3471/3/892 3472/4/892
usemtl black
v 0.415000 0.352776 0.617000
v 0.456001 0.335793 0.617000
v 0.453622 0.326913 0.620808
v 0.410404 0.344815 0.620808
vn -0.147523 -0.356152 -0.922709
f 3473/1/893 3474/2/893 3475/3/893 3476/4/893
usemtl black
v 0.456001 0.335793 0.617000
v 0.500000 0.330000 0.617000
v 0.500000 0.320808 0.620808
v 0.453622 0.326913 0.620808
vn -0.050317 -0.382199 -0.922709
f 3477/1/894 3478/2/894 3479/3/894 3480/4/894
usemtl black
v 0.500000 0.330000 0.617000
v 0.543999 0.335793 0.617000
v 0.546378 0.326913 0.620808
v 0.500000 0.320808 0.620808
vn 0.050317 -0.382199 -0.922709
f 3481/1/895 3482/2/895 3483/3/895 3484/4/895
usemtl black
v 0.543999 0.335793 0.617000
v 0.585000 0.352776 0.617000
v 0.589596 0.344815 0.620808
v 0.546378 0.326913 0.620808
vn 0.147523 -0.356152 -0.922709
f 3485/1/896 3486/2/896 3487/3/896 3488/4/896
usemtl black
v 0.585000 0.352776 0.617000
v 0.620208 0.379792 0.617000
v 0.626708 0.373292 0.620808
v 0.589596 0.344815 0.620808
vn 0.234675 -0.305835 -0.922709
f 3489/1/897 3490/2/897 3491/3/897 3492/4/897
usemtl black
v 0.620208 0.379792 0.617000
v 0.647224 0.415000 0.617000
v 0.655185 0.410404 0.620808
v 0.626708 0.373292 0.620808
vn 0.305835 -0.234675 -0.922709
f 3493/1/898 3494/2/898 3495/3/898 3496/4/898
usemtl black
v 0.647224 0.415000 0.617000
v 0.664207 0.456001 0.617000
v 0.673087 0.453622 0.620808
v 0.655185 0.410404 0.620808
vn 0.356152 -0.147523 -0.922709
f 3497/1/899 3498/2/899 3499/3/899 3500/4/899
usemtl black
v 0.664207 0.456001 0.617000
v 0.670000 0.500000 0.617000
v 0.679192 0.500000 0.620808
v 0.673087 0.453622 0.620808
vn 0.382199 -0.050317 -0.922709
f 3501/1/900 3502/2/900 3503/3/900 3504/4/900
usemtl black
v 0.679192 0.500000 0.620808
v 0.673087 0.546378 0.620808
v 0.676764 0.547364 0.630000
v 0.683000 0.500000 0.630000
vn 0.917120 0.120741 -0.379884
f 3505/1/901 3506/2/901 3507/3/901 3508/4/901
usemtl black
v 0.673087 0.546378 0.620808
v 0.655185 0.589596 0.620808
v 0.658483 0.591500 0.630000
v 0.676764 0.547364 0.630000
vn 0.854620 0.353995 -0.379884
f 3509/1/902 3510/2/902 3511/3/902 3512/4/902
usemtl black
v 0.655185 0.589596 0.620808
v 0.626708 0.626708 0.620808
v 0.629401 0.629401 0.630000
v 0.658483 0.591500 0.630000
vn 0.733879 0.563125 -0.379884
f 3513/1/903 3514/2/903 3515/3/903 3516/4/903
usemtl black
v 0.626708 0.626708 0.620808
v 0.589596 0.655185 0.620808
v 0.591500 0.658483 0.630000
v 0.629401 0.629401 0.630000
vn 0.563125 0.733879 -0.379884
f 3517/1/904 3518/2/904 3519/3/904 3520/4/904
usemtl black
v 0.589596 0.655185 0.620808
v 0.546378 0.673087 0.620808
v 0.547364 0.676764 0.630000
v 0.591500 0.658483 0.630000
vn 0.353995 0.854620 -0.379884
f 3521/1/905 3522/2/905 3523/3/905 3524/4/905
usemtl black
v 0.546378 0.673087 0.620808
v 0.500000 0.679192 0.620808
v 0.500000 0.683000 0.630000
v 0.547364 0.676764 0.630000
vn 0.120741 0.917120 -0.379884
f 3525/1/906 3526/2/906 3527/3/906 3528/4/906
usemtl black
v 0.500000 0.679192 0.620808
v 0.453622 0.673087 0.620808
v 0.452636 0.676764 0.630000
v 0.500000 0.683000 0.630000
vn -0.120741 0.917120 -0.379884
f 3529/1/907 3530/2/907 3531/3/907 3532/4/907
usemtl black
v 0.453622 0.673087 0.620808
v 0.410404 0.655185 0.620808
v 0.408500 0.658483 0.630000
v 0.452636 0.676764 0.630000
vn -0.353995 0.854620 -0.379884
f 3533/1/908 3534/2/908 3535/3/908 3536/4/908
usemtl black
v 0.410404 0.655185 0.620808
v 0.373292 0.626708 0.620808
v 0.370599 0.629401 0.630000
v 0.408500 0.658483 0.630000
vn -0.563125 0.733879 -0.379884
f 3537/1/909 3538/2/909 3539/3/909 3540/4/909
usemtl black
v 0.373292 0.626708 0.620808
v 0.344815 0.589596 0.620808
v 0.341517 0.591500 0.630000
v 0.370599 0.629401 0.630000
vn -0.733879 0.563125 -0.379884
f 3541/1/910 3542/2/910 3543/3/910 3544/4/910
usemtl black
v 0.344815 0.589596 0.620808
v 0.326913 0.546378 0.620808
v 0.323236 0.547364 0.630000
v 0.341517 0.591500 0.630000
vn -0.854620 0.353995 -0.379884
f 3545/1/911 3546/2/911 3547/3/911 3548/4/911
usemtl black
v 0.326913 0.546378 0.620808
v 0.320808 0.500000 0.620808
v 0.317000 0.500000 0.630000
v 0.323236 0.547364 0.630000
vn -0.917120 0.120741 -0.379884
f 3549/1/912 3550/2/912 3551/3/912 3552/4/912
usemtl black
v 0.320808 0.500000 0.620808
v 0.326913 0.453622 0.620808
v 0.323236 0.452636 0.630000
v 0.317000 0.500000 0.630000
vn -0.917120 -0.120741 -0.379884
f 3553/1/913 3554/2/913 3555/3/913 3556/4/913
usemtl black
v 0.326913 0.453622 0.620808
v 0.344815 0.410404 0.620808
v 0.341517 0.408500 0.630000
v 0.323236 0.452636 0.630000
vn -0.854620 -0.353995 -0.379884
f 3557/1/914 3558/2/914 3559/3/914 3560/4/914
usemtl black
v 0.344815 0.410404 0.620808
v 0.373292 0.373292 0.620808
v 0.370599 0.370599 0.630000
v 0.341517 0.408500 0.630000
vn -0.733879 -0.563125 -0.379884
f 3561/1/915 3562/2/915 3563/3/915 3564/4/915
usemtl black
v 0.373292 0.373292 0.620808
v 0.410404 0.344815 0.620808
v 0.408500 0.341517 0.630000
v 0.370599 0.370599 0.630000
vn -0.563125 -0.733879 -0.379884
f 3565/1/916 3566/2/916 3567/3/916 3568/4/916
usemtl black
v 0.410404 0.344815 0.620808
v 0.453622 0.326913 0.620808
v 0.452636 0.323236 0.630000
v 0.408500 0.341517 0.630000
vn -0.353995 -0.854620 -0.379884
f 3569/1/917 3570/2/917 3571/3/917 3572/4/917
usemtl black
v 0.453622 0.326913 0.620808
v 0.500000 0.320808 0.620808
v 0.500000 0.317000 0.630000
v 0.452636 0.323236 0.630000
vn -0.120741 -0.917120 -0.379884
f 3573/1/918 3574/2/918 3575/3/918 3576/4/918
usemtl black
v 0.500000 0.320808 0.620808
v 0.546378 0.326913 0.620808
v 0.547364 0.323236 0.630000
v 0.500000 0.317000 0.630000
vn 0.120741 -0.917120 -0.379884
f 3577/1/919 3578/2/919 3579/3/919 3580/4/919
usemtl black
v 0.546378 0.326913 0.620808
v 0.589596 0.344815 0.620808
v 0.591500 0.341517 0.630000
v 0.547364 0.323236 0.630000
vn 0.353995 -0.854620 -0.379884
f 3581/1/920 3582/2/920 3583/3/920 3584/4/920
usemtl black
v 0.589596 0.344815 0.620808
v 0.626708 0.373292 0.620808
v 0.629401 0.370599 0.630000
v 0.591500 0.341517 0.630000
vn 0.563125 -0.733879 -0.379884
f 3585/1/921 3586/2/921 3587/3/921 3588/4/921
usemtl black
v 0.626708 0.373292 0.620808
v 0.655185 0.410404 0.620808
v 0.658483 0.408500 0.630000
v 0.629401 0.370599 0.630000
vn 0.733879 -0.563125 -0.379884
f 3589/1/922 3590/2/922 3591/3/922 3592/4/922
usemtl black
v 0.655185 0.410404 0.620808
v 0.673087 0.453622 0.620808
v 0.676764 0.452636 0.630000
v 0.658483 0.408500 0.630000
vn 0.854620 -0.353995 -0.379884
f 3593/1/923 3594/2/923 3595/3/923 3596/4/923
usemtl black
v 0.673087 0.453622 0.620808
v 0.679192 0.500000 0.620808
v 0.683000 0.500000 0.630000
v 0.676764 0.452636 0.630000
vn 0.917120 -0.120741 -0.379884
f 3597/1/924 3598/2/924 3599/3/924 3600/4/924
usemtl silver
v 0.556000 0.500000 0.650000
v 0.554092 0.514494 0.650000
v 0.554092 0.514494 0.830000
v 0.556000 0.500000 0.830000
vn 0.991445 0.130526 0.000000
f 3601/1/925 3602/2/925 3603/3/925 3604/4/925
usemtl silver
v 0.554092 0.514494 0.650000
v 0.548497 0.528000 0.650000
v 0.548497 0.528000 0.830000
v 0.554092 0.514494 0.830000
vn 0.923880 0.382683 0.000000
f 3605/1/926 3606/2/926 3607/3/926 3608/4/926
usemtl silver
v 0.548497 0.528000 0.650000
v 0.539598 0.539598 0.650000
v 0.539598 0.539598 0.830000
v 0.548497 0.528000 0.830000
vn 0.793353 0.608761 0.000000
f 3609/1/927 3610/2/927 3611/3/927 3612/4/927
usemtl silver
v 0.539598 0.539598 0.650000
v 0.528000 0.548497 0.650000
v 0.528000 0.548497 0.830000
v 0.539598 0.539598 0.830000
vn 0.608761 0.793353 0.000000
f 3613/1/928 3614/2/928 3615/3/928 3616/4/928
usemtl silver
v 0.528000 0.548497 0.650000
v 0.514494 0.554092 0.650000
v 0.514494 0.554092 0.830000
v 0.528000 0.548497 0.830000
vn 0.382683 0.923880 0.000000
f 3617/1/929 3618/2/929 3619/3/929 3620/4/929
usemtl silver
v 0.514494 0.554092 0.650000
v 0.500000 0.556000 0.650000
v 0.500000 0.556000 0.830000
v 0.514494 0.554092 0.830000
vn 0.130526 0.991445 0.000000
f 3621/1/930 3622/2/930 3623/3/930 3624/4/930
usemtl silver
v 0.500000 0.556000 0.650000
v 0.485506 0.554092 0.650000
v 0.485506 0.554092 0.830000
v 0.500000 0.556000 0.830000
vn -0.130526 0.991445 0.000000
f 3625/1/931 3626/2/931 3627/3/931 3628/4/931
usemtl silver
v 0.485506 0.554092 0.650000
v 0.472000 0.548497 0.650000
v 0.472000 0.548497 0.830000
v 0.485506 0.554092 0.830000
vn -0.382683 0.923880 0.000000
f 3629/1/932 3630/2/932 3631/3/932 3632/4/932
usemtl silver
v 0.472000 0.548497 0.650000
v 0.460402 0.539598 0.650000
v 0.460402 0.539598 0.830000
v 0.472000 0.548497 0.830000
vn -0.608761 0.793353 0.000000
f 3633/1/933 3634/2/933 3635/3/933 3636/4/933
usemtl silver
v 0.460402 0.539598 0.650000
v 0.451503 0.528000 0.650000
v 0.451503 0.528000 0.830000
v 0.460402 0.539598 0.830000
vn -0.793353 0.608761 0.000000
f 3637/1/934 3638/2/934 3639/3/934 3640/4/934
usemtl silver
v 0.451503 0.528000 0.650000
v 0.445908 0.514494 0.650000
v 0.445908 0.514494 0.830000
v 0.451503 0.528000 0.830000
vn -0.923880 0.382683 0.000000
f 3641/1/935 3642/2/935 3643/3/935 3644/4/935
usemtl silver
v 0.445908 0.514494 0.650000
v 0.444000 0.500000 0.650000
v 0.444000 0.500000 0.830000
v 0.445908 0.514494 0.830000
vn -0.991445 0.130526 0.000000
f 3645/1/936 3646/2/936 3647/3/936 3648/4/936
usemtl silver
v 0.444000 0.500000 0.650000
v 0.445908 0.485506 0.650000
v 0.445908 0.485506 0.830000
v 0.444000 0.500000 0.830000
vn -0.991445 -0.130526 0.000000
f 3649/1/937 3650/2/937 3651/3/937 3652/4/937
usemtl silver
v 0.445908 0.485506 0.650000
v 0.451503 0.472000 0.650000
v 0.451503 0.472000 0.830000
v 0.445908 0.485506 0.830000
vn -0.923880 -0.382683 0.000000
f 3653/1/938 3654/2/938 3655/3/938 3656/4/938
usemtl silver
v 0.451503 0.472000 0.650000
v 0.460402 0.460402 0.650000
v 0.460402 0.460402 0.830000
v 0.451503 0.472000 0.830000
vn -0.793353 -0.608761 0.000000
f 3657/1/939 3658/2/939 3659/3/939 3660/4/939
usemtl silver
v 0.460402 0.460402 0.650000
v 0.472000 0.451503 0.650000
v 0.472000 0.451503 0.830000
v 0.460402 0.460402 0.830000
vn -0.608761 -0.793353 0.000000
f 3661/1/940 3662/2/940 3663/3/940 3664/4/940
usemtl silver
v 0.472000 0.451503 0.650000
v 0.485506 0.445908 0.650000
v 0.485506 0.445908 0.830000
v 0.472000 0.451503 0.830000
vn -0.382683 -0.923880 0.000000
f 3665/1/941 3666/2/941 3667/3/941 3668/4/941
usemtl silver
v 0.485506 0.445908 0.650000
v 0.500000 0.444000 0.650000
v 0.500000 0.444000 0.830000
v 0.485506 0.445908 0.830000
vn -0.130526 -0.991445 0.000000
f 3669/1/942 3670/2/942 3671/3/942 3672/4/942
usemtl silver
v 0.500000 0.444000 0.650000
v 0.514494 0.445908 0.650000
v 0.514494 0.445908 0.830000
v 0.500000 0.444000 0.830000
vn 0.130526 -0.991445 0.000000
f 3673/1/943 3674/2/943 3675/3/943 3676/4/943
usemtl silver
v 0.514494 0.445908 0.650000
v 0.528000 0.451503 0.650000
v 0.528000 0.451503 0.830000
v 0.514494 0.445908 0.830000
vn 0.382683 -0.923880 0.000000
f 3677/1/944 3678/2/944 3679/3/944 3680/4/944
usemtl silver
v 0.528000 0.451503 0.650000
v 0.539598 0.460402 0.650000
v 0.539598 0.460402 0.830000
v 0.528000 0.451503 0.830000
vn 0.608761 -0.793353 0.000000
f 3681/1/945 3682/2/945 3683/3/945 3684/4/945
usemtl silver
v 0.539598 0.460402 0.650000
v 0.548497 0.472000 0.650000
v 0.548497 0.472000 0.830000
v 0.539598 0.460402 0.830000
vn 0.793353 -0.608761 0.000000
f 3685/1/946 3686/2/946 3687/3/946 3688/4/946
usemtl silver
v 0.548497 0.472000 0.650000
v 0.554092 0.485506 0.650000
v 0.554092 0.485506 0.830000
v 0.548497 0.472000 0.830000
vn 0.923880 -0.382683 0.000000
f 3689/1/947 3690/2/947 3691/3/947 3692/4/947
usemtl silver
v 0.554092 0.485506 0.650000
v 0.556000 0.500000 0.650000
v 0.556000 0.500000 0.830000
v 0.554092 0.485506 0.830000
vn 0.991445 -0.130526 0.000000
f 3693/1/948 3694/2/948 3695/3/948 3696/4/948
usemtl black
v 0.580000 0.500000 0.650000
v 0.577274 0.520706 0.650000
v 0.577274 0.520706 0.710000
v 0.580000 0.500000 0.710000
vn 0.991445 0.130526 0.000000
f 3697/1/949 3698/2/949 3699/3/949 3700/4/949
usemtl black
v 0.577274 0.520706 0.650000
v 0.569282 0.540000 0.650000
v 0.569282 0.540000 0.710000
v 0.577274 0.520706 0.710000
vn 0.923880 0.382683 0.000000
f 3701/1/950 3702/2/950 3703/3/950 3704/4/950
usemtl black
v 0.569282 0.540000 0.650000
v 0.556569 0.556569 0.650000
v 0.556569 0.556569 0.710000
v 0.569282 0.540000 0.710000
vn 0.793353 0.608761 0.000000
f 3705/1/951 3706/2/951 3707/3/951 3708/4/951
usemtl black
v 0.556569 0.556569 0.650000
v 0.540000 0.569282 0.650000
v 0.540000 0.569282 0.710000
v 0.556569 0.556569 0.710000
vn 0.608761 0.793353 0.000000
f 3709/1/952 3710/2/952 3711/3/952 3712/4/952
usemtl black
v 0.540000 0.569282 0.650000
v 0.520706 0.577274 0.650000
v 0.520706 0.577274 0.710000
v 0.540000 0.569282 0.710000
vn 0.382683 0.923880 0.000000
f 3713/1/953 3714/2/953 3715/3/953 3716/4/953
usemtl black
v 0.520706 0.577274 0.650000
v 0.500000 0.580000 0.650000
v 0.500000 0.580000 0.710000
v 0.520706 0.577274 0.710000
vn 0.130526 0.991445 0.000000
f 3717/1/954 3718/2/954 3719/3/954 3720/4/954
usemtl black
v 0.500000 0.580000 0.650000
v 0.479294 0.577274 0.650000
v 0.479294 0.577274 0.710000
v 0.500000 0.580000 0.710000
vn -0.130526 0.991445 0.000000
f 3721/1/955 3722/2/955 3723/3/955 3724/4/955
usemtl black
v 0.479294 0.577274 0.650000
v 0.460000 0.569282 0.650000
v 0.460000 0.569282 0.710000
v 0.479294 0.577274 0.710000
vn -0.382683 0.923880 0.000000
f 3725/1/956 3726/2/956 3727/3/956 3728/4/956
usemtl black
v 0.460000 0.569282 0.650000
v 0.443431 0.556569 0.650000
v 0.443431 0.556569 0.710000
v 0.460000 0.569282 0.710000
vn -0.608761 0.793353 0.000000
f 3729/1/957 3730/2/957 3731/3/957 3732/4/957
usemtl black
v 0.443431 0.556569 0.650000
v 0.430718 0.540000 0.650000
v 0.430718 0.540000 0.710000
v 0.443431 0.556569 0.710000
vn -0.793353 0.608761 0.000000
f 3733/1/958 3734/2/958 3735/3/958 3736/4/958
usemtl black
v 0.430718 0.540000 0.650000
v 0.422726 0.520706 0.650000
v 0.422726 0.520706 0.710000
v 0.430718 0.540000 0.710000
vn -0.923880 0.382683 0.000000
f 3737/1/959 3738/2/959 3739/3/959 3740/4/959
usemtl black
v 0.422726 0.520706 0.650000
v 0.420000 0.500000 0.650000
v 0.420000 0.500000 0.710000
v 0.422726 0.520706 0.710000
vn -0.991445 0.130526 0.000000
f 3741/1/960 3742/2/960 3743/3/960 3744/4/960
usemtl black
v 0.420000 0.500000 0.650000
v 0.422726 0.479294 0.650000
v 0.422726 0.479294 0.710000
v 0.420000 0.500000 0.710000
vn -0.991445 -0.130526 0.000000
f 3745/1/961 3746/2/961 3747/3/961 3748/4/961
usemtl black
v 0.422726 0.479294 0.650000
v 0.430718 0.460000 0.650000
v 0.430718 0.460000 0.710000
v 0.422726 0.479294 0.710000
vn -0.923880 -0.382683 0.000000
f 3749/1/962 3750/2/962 3751/3/962 3752/4/962
usemtl black
v 0.430718 0.460000 0.650000
v 0.443431 0.443431 0.650000
v 0.443431 0.443431 0.710000
v 0.430718 0.460000 0.710000
vn -0.793353 -0.608761 0.000000
f 3753/1/963 3754/2/963 3755/3/963 3756/4/963
usemtl black
v 0.443431 0.443431 0.650000
v 0.460000 0.430718 0.650000
v 0.460000 0.430718 0.710000
v 0.443431 0.443431 0.710000
vn -0.608761 -0.793353 0.000000
f 3757/1/964 3758/2/964 3759/3/964 3760/4/964
usemtl black
v 0.460000 0.430718 0.650000
v 0.479294 0.422726 0.650000
v 0.479294 0.422726 0.710000
v 0.460000 0.430718 0.710000
vn -0.382683 -0.923880 0.000000
f 3761/1/965 3762/2/965 3763/3/965 3764/4/965
usemtl black
v 0.479294 0.422726 0.650000
v 0.500000 0.420000 0.650000
v 0.500000 0.420000 0.710000
v 0.479294 0.422726 0.710000
vn -0.130526 -0.991445 0.000000
f 3765/1/966 3766/2/966 3767/3/966 3768/4/966
usemtl black
v 0.500000 0.420000 0.650000
v 0.520706 0.422726 0.650000
v 0.520706 0.422726 0.710000
v 0.500000 0.420000 0.710000
vn 0.130526 -0.991445 0.000000
f 3769/1/967 3770/2/967 3771/3/967 3772/4/967
usemtl black
v 0.520706 0.422726 0.650000
v 0.540000 0.430718 0.650000
v 0.540000 0.430718 0.710000
v 0.520706 0.422726 0.710000
vn 0.382683 -0.923880 0.000000
f 3773/1/968 3774/2/968 3775/3/968 3776/4/968
usemtl black
v 0.540000 0.430718 0.650000
v 0.556569 0.443431 0.650000
v 0.556569 0.443431 0.710000
v 0.540000 0.430718 0.710000
vn 0.608761 -0.793353 0.000000
f 3777/1/969 3778/2/969 3779/3/969 3780/4/969
usemtl black
v 0.556569 0.443431 0.650000
v 0.569282 0.460000 0.650000
v 0.569282 0.460000 0.710000
v 0.556569 0.443431 0.710000
vn 0.793353 -0.608761 0.000000
f 3781/1/970 3782/2/970 3783/3/970 3784/4/970
usemtl black
v 0.569282 0.460000 0.650000
v 0.577274 0.479294 0.650000
v 0.577274 0.479294 0.710000
v 0.569282 0.460000 0.710000
vn 0.923880 -0.382683 0.000000
f 3785/1/971 3786/2/971 3787/3/971 3788/4/971
usemtl black
v 0.577274 0.479294 0.650000
v 0.580000 0.500000 0.650000
v 0.580000 0.500000 0.710000
v 0.577274 0.479294 0.710000
vn 0.991445 -0.130526 0.000000
f 3789/1/972 3790/2/972 3791/3/972 3792/4/972
usemtl black
v 0.297485 0.561139 0.423139
v 0.298184 0.561139 0.400000
v 0.289000 0.567000 0.400000
vn 0.537892 0.842857 0.016252
f 3793/1/973 3794/2/973 3795/3/973
usemtl black
v 0.295494 0.561139 0.442754
v 0.297485 0.561139 0.423139
v 0.289000 0.567000 0.400000
vn 0.475290 0.878506 0.048240
f 3796/1/974 3797/2/974 3798/3/974
usemtl black
v 0.292515 0.561139 0.455861
v 0.295494 0.561139 0.442754
v 0.289000 0.567000 0.400000
vn 0.338956 0.937641 0.077056
f 3799/1/975 3800/2/975 3801/3/975
usemtl black
v 0.289000 0.561139 0.460464
v 0.292515 0.561139 0.455861
v 0.289000 0.567000 0.400000
vn 0.125352 0.987483 0.095725
f 3802/1/976 3803/2/976 3804/3/976
usemtl black
v 0.285485 0.561139 0.455861
v 0.289000 0.561139 0.460464
v 0.289000 0.567000 0.400000
vn -0.125352 0.987483 0.095725
f 3805/1/977 3806/2/977 3807/3/977
usemtl black
v 0.282506 0.561139 0.442754
v 0.285485 0.561139 0.455861
v 0.289000 0.567000 0.400000
vn -0.338956 0.937641 0.077056
f 3808/1/978 3809/2/978 3810/3/978
usemtl black
v 0.280515 0.561139 0.423139
v 0.282506 0.561139 0.442754
v 0.289000 0.567000 0.400000
vn -0.475290 0.878506 0.048240
f 3811/1/979 3812/2/979 3813/3/979
usemtl black
v 0.279816 0.561139 0.400000
v 0.280515 0.561139 0.423139
v 0.289000 0.567000 0.400000
vn -0.537892 0.842857 0.016252
f 3814/1/980 3815/2/980 3816/3/980
usemtl black
v 0.280515 0.561139 0.376861
v 0.279816 0.561139 0.400000
v 0.289000 0.567000 0.400000
vn -0.537892 0.842857 -0.016252
f 3817/1/981 3818/2/981 3819/3/981
usemtl black
v 0.282506 0.561139 0.357246
v 0.280515 0.561139 0.376861
v 0.289000 0.567000 0.400000
vn -0.475290 0.878506 -0.048240
f 3820/1/982 3821/2/982 3822/3/982
usemtl black
v 0.285485 0.561139 0.344139
v 0.282506 0.561139 0.357246
v 0.289000 0.567000 0.400000
vn -0.338956 0.937641 -0.077056
f 3823/1/983 3824/2/983 3825/3/983
usemtl black
v 0.289000 0.561139 0.339536
v 0.285485 0.561139 0.344139
v 0.289000 0.567000 0.400000
vn -0.125352 0.987483 -0.095725
f 3826/1/984 3827/2/984 3828/3/984
usemtl black
v 0.292515 0.561139 0.344139
v 0.289000 0.561139 0.339536
v 0.289000 0.567000 0.400000
vn 0.125352 0.987483 -0.095725
f 3829/1/985 3830/2/985 3831/3/985
usemtl black
v 0.295494 0.561139 0.357246
v 0.292515 0.561139 0.344139
v 0.289000 0.567000 0.400000
vn 0.338956 0.937641 -0.077056
f 3832/1/986 3833/2/986 3834/3/986
usemtl black
v 0.297485 0.561139 0.376861
v 0.295494 0.561139 0.357246
v 0.289000 0.567000 0.400000
vn 0.475290 0.878506 -0.048240
f 3835/1/987 3836/2/987 3837/3/987
usemtl black
v 0.298184 0.561139 0.400000
v 0.297485 0.561139 0.376861
v 0.289000 0.567000 0.400000
vn 0.537892 0.842857 -0.016252
f 3838/1/988 3839/2/988 3840/3/988
usemtl black
v 0.297485 0.561139 0.423139
v 0.304679 0.544447 0.442754
v 0.305971 0.544447 0.400000
v 0.298184 0.561139 0.400000
vn 0.905910 0.422584 0.027372
f 3841/1/989 3842/2/989 3843/3/989 3844/4/989
usemtl black
v 0.295494 0.561139 0.442754
v 0.301000 0.544447 0.479000
v 0.304679 0.544447 0.442754
v 0.297485 0.561139 0.423139
vn 0.872682 0.480188 0.088573
f 3845/1/990 3846/2/990 3847/3/990 3848/4/990
usemtl black
v 0.292515 0.561139 0.455861
v 0.295494 0.544447 0.503218
v 0.301000 0.544447 0.479000
v 0.295494 0.561139 0.442754
vn 0.760323 0.626125 0.172846
f 3849/1/991 3850/2/991 3851/3/991 3852/4/991
usemtl black
v 0.289000 0.561139 0.460464
v 0.289000 0.544447 0.511723
v 0.295494 0.544447 0.503218
v 0.292515 0.561139 0.455861
vn 0.375749 0.881180 0.286940
f 3853/1/992 3854/2/992 3855/3/992 3856/4/992
usemtl black
v 0.285485 0.561139 0.455861
v 0.282506 0.544447 0.503218
v 0.289000 0.544447 0.511723
v 0.289000 0.561139 0.460464
vn -0.375749 0.881180 0.286940
f 3857/1/993 3858/2/993 3859/3/993 3860/4/993
usemtl black
v 0.282506 0.561139 0.442754
v 0.277000 0.544447 0.479000
v 0.282506 0.544447 0.503218
v 0.285485 0.561139 0.455861
vn -0.760323 0.626125 0.172846
f 3861/1/994 3862/2/994 3863/3/994 3864/4/994
usemtl black
v 0.280515 0.561139 0.423139
v 0.273321 0.544447 0.442754
v 0.277000 0.544447 0.479000
v 0.282506 0.561139 0.442754
vn -0.872682 0.480188 0.088573
f 3865/1/995 3866/2/995 3867/3/995 3868/4/995
usemtl black
v 0.279816 0.561139 0.400000
v 0.272029 0.544447 0.400000
v 0.273321 0.544447 0.442754
v 0.280515 0.561139 0.423139
vn -0.905910 0.422584 0.027372
f 3869/1/996 3870/2/996 3871/3/996 3872/4/996
usemtl black
v 0.280515 0.561139 0.376861
v 0.273321 0.544447 0.357246
v 0.272029 0.544447 0.400000
v 0.279816 0.561139 0.400000
vn -0.905910 0.422584 -0.027372
f 3873/1/997 3874/2/997 3875/3/997 3876/4/997
usemtl black
v 0.282506 0.561139 0.357246
v 0.277000 0.544447 0.321000
v 0.273321 0.544447 0.357246
v 0.280515 0.561139 0.376861
vn -0.872682 0.480188 -0.088573
f 3877/1/998 3878/2/998 3879/3/998 3880/4/998
usemtl black
v 0.285485 0.561139 0.344139
v 0.282506 0.544447 0.296782
v 0.277000 0.544447 0.321000
v 0.282506 0.561139 0.357246
vn -0.760323 0.626125 -0.172846
f 3881/1/999 3882/2/999 3883/3/999 3884/4/999
usemtl black
v 0.289000 0.561139 0.339536
v 0.289000 0.544447 0.288277
v 0.282506 0.544447 0.296782
v 0.285485 0.561139 0.344139
vn -0.375749 0.881180 -0.286940
f 3885/1/1000 3886/2/1000 3887/3/1000 3888/4/1000
usemtl black
v 0.292515 0.561139 0.344139
v 0.295494 0.544447 0.296782
v 0.289000 0.544447 0.288277
v 0.289000 0.561139 0.339536
vn 0.375749 0.881180 -0.286940
f 3889/1/1001 3890/2/1001 3891/3/1001 3892/4/1001
usemtl black
v 0.295494 0.561139 0.357246
v 0.301000 0.544447 0.321000
v 0.295494 0.544447 0.296782
v 0.292515 0.561139 0.344139
vn 0.760323 0.626125 -0.172846
f 3893/1/1002 3894/2/1002 3895/3/1002 3896/4/1002
usemtl black
v 0.297485 0.561139 0.376861
v 0.304679 0.544447 0.357246
v 0.301000 0.544447 0.321000
v 0.295494 0.561139 0.357246
vn 0.872682 0.480188 -0.088573
f 3897/1/1003 3898/2/1003 3899/3/1003 3900/4/1003
usemtl black
v 0.298184 0.561139 0.400000
v 0.305971 0.544447 0.400000
v 0.304679 0.544447 0.357246
v 0.297485 0.561139 0.376861
vn 0.905910 0.422584 -0.027372
f 3901/1/1004 3902/2/1004 3903/3/1004 3904/4/1004
usemtl black
v 0.304679 0.544447 0.442754
v 0.309485 0.519467 0.455861
v 0.311173 0.519467 0.400000
v 0.305971 0.544447 0.400000
vn 0.978566 0.203800 0.029567
f 3905/1/1005 3906/2/1005 3907/3/1005 3908/4/1005
usemtl black
v 0.301000 0.544447 0.479000
v 0.304679 0.519467 0.503218
v 0.309485 0.519467 0.455861
v 0.304679 0.544447 0.442754
vn 0.966442 0.237420 0.098090
f 3909/1/1006 3910/2/1006 3911/3/1006 3912/4/1006
usemtl black
v 0.295494 0.544447 0.503218
v 0.297485 0.519467 0.534861
v 0.304679 0.519467 0.503218
v 0.301000 0.544447 0.479000
vn 0.917912 0.337481 0.208671
f 3913/1/1007 3914/2/1007 3915/3/1007 3916/4/1007
usemtl black
v 0.289000 0.544447 0.511723
v 0.289000 0.519467 0.545973
v 0.297485 0.519467 0.534861
v 0.295494 0.544447 0.503218
vn 0.610917 0.639637 0.466525
f 3917/1/1008 3918/2/1008 3919/3/1008 3920/4/1008
usemtl black
v 0.282506 0.544447 0.503218
v 0.280515 0.519467 0.534861
v 0.289000 0.519467 0.545973
v 0.289000 0.544447 0.511723
vn -0.610917 0.639637 0.466525
f 3921/1/1009 3922/2/1009 3923/3/1009 3924/4/1009
usemtl black
v 0.277000 0.544447 0.479000
v 0.273321 0.519467 0.503218
v 0.280515 0.519467 0.534861
v 0.282506 0.544447 0.503218
vn -0.917912 0.337481 0.208671
f 3925/1/1010 3926/2/1010 3927/3/1010 3928/4/1010
usemtl black
v 0.273321 0.544447 0.442754
v 0.268515 0.519467 0.455861
v 0.273321 0.519467 0.503218
v 0.277000 0.544447 0.479000
vn -0.966442 0.237420 0.098090
f 3929/1/1011 3930/2/1011 3931/3/1011 3932/4/1011
usemtl black
v 0.272029 0.544447 0.400000
v 0.266827 0.519467 0.400000
v 0.268515 0.519467 0.455861
v 0.273321 0.544447 0.442754
vn -0.978566 0.203800 0.029567
f 3933/1/1012 3934/2/1012 3935/3/1012 3936/4/1012
usemtl black
v 0.273321 0.544447 0.357246
v 0.268515 0.519467 0.344139
v 0.266827 0.519467 0.400000
v 0.272029 0.544447 0.400000
vn -0.978566 0.203800 -0.029567
f 3937/1/1013 3938/2/1013 3939/3/1013 3940/4/1013
usemtl black
v 0.277000 0.544447 0.321000
v 0.273321 0.519467 0.296782
v 0.268515 0.519467 0.344139
v 0.273321 0.544447 0.357246
vn -0.966442 0.237420 -0.098090
f 3941/1/1014 3942/2/1014 3943/3/1014 3944/4/1014
usemtl black
v 0.282506 0.544447 0.296782
v 0.280515 0.519467 0.265139
v 0.273321 0.519467 0.296782
v 0.277000 0.544447 0.321000
vn -0.917912 0.337481 -0.208671
f 3945/1/1015 3946/2/1015 3947/3/1015 3948/4/1015
usemtl black
v 0.289000 0.544447 0.288277
v 0.289000 0.519467 0.254027
v 0.280515 0.519467 0.265139
v 0.282506 0.544447 0.296782
vn -0.610917 0.639637 -0.466525
f 3949/1/1016 3950/2/1016 3951/3/1016 3952/4/1016
usemtl black
v 0.295494 0.544447 0.296782
v 0.297485 0.519467 0.265139
v 0.289000 0.519467 0.254027
v 0.289000 0.544447 0.288277
vn 0.610917 0.639637 -0.466525
f 3953/1/1017 3954/2/1017 3955/3/1017 3956/4/1017
usemtl black
v 0.301000 0.544447 0.321000
v 0.304679 0.519467 0.296782
v 0.297485 0.519467 0.265139
v 0.295494 0.544447 0.296782
vn 0.917912 0.337481 -0.208671
f 3957/1/1018 3958/2/1018 3959/3/1018 3960/4/1018
usemtl black
v 0.304679 0.544447 0.357246
v 0.309485 0.519467 0.344139
v 0.304679 0.519467 0.296782
v 0.301000 0.544447 0.321000
vn 0.966442 0.237420 -0.098090
f 3961/1/1019 3962/2/1019 3963/3/1019 3964/4/1019
usemtl black
v 0.305971 0.544447 0.400000
v 0.311173 0.519467 0.400000
v 0.309485 0.519467 0.344139
v 0.304679 0.544447 0.357246
vn 0.978566 0.203800 -0.029567
f 3965/1/1020 3966/2/1020 3967/3/1020 3968/4/1020
usemtl black
v 0.309485 0.519467 0.455861
v 0.311173 0.490000 0.460464
v 0.313000 0.490000 0.400000
v 0.311173 0.519467 0.400000
vn 0.997630 0.061852 0.030143
f 3969/1/1021 3970/2/1021 3971/3/1021 3972/4/1021
usemtl black
v 0.304679 0.519467 0.503218
v 0.305971 0.490000 0.511723
v 0.311173 0.490000 0.460464
v 0.309485 0.519467 0.455861
vn 0.992266 0.072567 0.100711
f 3973/1/1022 3974/2/1022 3975/3/1022 3976/4/1022
usemtl black
v 0.297485 0.519467 0.534861
v 0.298184 0.490000 0.545973
v 0.305971 0.490000 0.511723
v 0.304679 0.519467 0.503218
vn 0.969614 0.106125 0.220425
f 3977/1/1023 3978/2/1023 3979/3/1023 3980/4/1023
usemtl black
v 0.289000 0.519467 0.545973
v 0.289000 0.490000 0.558000
v 0.298184 0.490000 0.545973
v 0.297485 0.519467 0.534861
vn 0.771447 0.240451 0.589112
f 3981/1/1024 3982/2/1024 3983/3/1024 3984/4/1024
usemtl black
v 0.280515 0.519467 0.534861
v 0.279816 0.490000 0.545973
v 0.289000 0.490000 0.558000
v 0.289000 0.519467 0.545973
vn -0.771447 0.240451 0.589112
f 3985/1/1025 3986/2/1025 3987/3/1025 3988/4/1025
usemtl black
v 0.273321 0.519467 0.503218
v 0.272029 0.490000 0.511723
v 0.279816 0.490000 0.545973
v 0.280515 0.519467 0.534861
vn -0.969614 0.106125 0.220425
f 3989/1/1026 3990/2/1026 3991/3/1026 3992/4/1026
usemtl black
v 0.268515 0.519467 0.455861
v 0.266827 0.490000 0.460464
v 0.272029 0.490000 0.511723
v 0.273321 0.519467 0.503218
vn -0.992266 0.072567 0.100711
f 3993/1/1027 3994/2/1027 3995/3/1027 3996/4/1027
usemtl black
v 0.266827 0.519467 0.400000
v 0.265000 0.490000 0.400000
v 0.266827 0.490000 0.460464
v 0.268515 0.519467 0.455861
vn -0.997630 0.061852 0.030143
f 3997/1/1028 3998/2/1028 3999/3/1028 4000/4/1028
usemtl black
v 0.268515 0.519467 0.344139
v 0.266827 0.490000 0.339536
v 0.265000 0.490000 0.400000
v 0.266827 0.519467 0.400000
vn -0.997630 0.061852 -0.030143
f 4001/1/1029 4002/2/1029 4003/3/1029 4004/4/1029
usemtl black
v 0.273321 0.519467 0.296782
v 0.272029 0.490000 0.288277
v 0.266827 0.490000 0.339536
v 0.268515 0.519467 0.344139
vn -0.992266 0.072567 -0.100711
f 4005/1/1030 4006/2/1030 4007/3/1030 4008/4/1030
usemtl black
v 0.280515 0.519467 0.265139
v 0.279816 0.490000 0.254027
v 0.272029 0.490000 0.288277
v 0.273321 0.519467 0.296782
vn -0.969614 0.106125 -0.220425
f 4009/1/1031 4010/2/1031 4011/3/1031 4012/4/1031
usemtl black
v 0.289000 0.519467 0.254027
v 0.289000 0.490000 0.242000
v 0.279816 0.490000 0.254027
v 0.280515 0.519467 0.265139
vn -0.771447 0.240451 -0.589112
f 4013/1/1032 4014/2/1032 4015/3/1032 4016/4/1032
usemtl black
v 0.297485 0.519467 0.265139
v 0.298184 0.490000 0.254027
v 0.289000 0.490000 0.242000
v 0.289000 0.519467 0.254027
vn 0.771447 0.240451 -0.589112
f 4017/1/1033 4018/2/1033 4019/3/1033 4020/4/1033
usemtl black
v 0.304679 0.519467 0.296782
v 0.305971 0.490000 0.288277
v 0.298184 0.490000 0.254027
v 0.297485 0.519467 0.265139
vn 0.969614 0.106125 -0.220425
f 4021/1/1034 4022/2/1034 4023/3/1034 4024/4/1034
usemtl black
v 0.309485 0.519467 0.344139
v 0.311173 0.490000 0.339536
v 0.305971 0.490000 0.288277
v 0.304679 0.519467 0.296782
vn 0.992266 0.072567 -0.100711
f 4025/1/1035 4026/2/1035 4027/3/1035 4028/4/1035
usemtl black
v 0.311173 0.519467 0.400000
v 0.313000 0.490000 0.400000
v 0.311173 0.490000 0.339536
v 0.309485 0.519467 0.344139
vn 0.997630 0.061852 -0.030143
f 4029/1/1036 4030/2/1036 4031/3/1036 4032/4/1036
usemtl black
v 0.311173 0.490000 0.460464
v 0.309485 0.460533 0.455861
v 0.311173 0.460533 0.400000
v 0.313000 0.490000 0.400000
vn 0.997630 -0.061852 0.030143
f 4033/1/1037 4034/2/1037 4035/3/1037 4036/4/1037
usemtl black
v 0.305971 0.490000 0.511723
v 0.304679 0.460533 0.503218
v 0.309485 0.460533 0.455861
v 0.311173 0.490000 0.460464
vn 0.992266 -0.072567 0.100711
f 4037/1/1038 4038/2/1038 4039/3/1038 4040/4/1038
usemtl black
v 0.298184 0.490000 0.545973
v 0.297485 0.460533 0.534861
v 0.304679 0.460533 0.503218
v 0.305971 0.490000 0.511723
vn 0.969614 -0.106125 0.220425
f 4041/1/1039 4042/2/1039 4043/3/1039 4044/4/1039
usemtl black
v 0.289000 0.490000 0.558000
v 0.289000 0.460533 0.545973
v 0.297485 0.460533 0.534861
v 0.298184 0.490000 0.545973
vn 0.771447 -0.240451 0.589112
f 4045/1/1040 4046/2/1040 4047/3/1040 4048/4/1040
usemtl black
v 0.279816 0.490000 0.545973
v 0.280515 0.460533 0.534861
v 0.289000 0.460533 0.545973
v 0.289000 0.490000 0.558000
vn -0.771447 -0.240451 0.589112
f 4049/1/1041 4050/2/1041 4051/3/1041 4052/4/1041
usemtl black
v 0.272029 0.490000 0.511723
v 0.273321 0.460533 0.503218
v 0.280515 0.460533 0.534861
v 0.279816 0.490000 0.545973
vn -0.969614 -0.106125 0.220425
f 4053/1/1042 4054/2/1042 4055/3/1042 4056/4/1042
usemtl black
v 0.266827 0.490000 0.460464
v 0.268515 0.460533 0.455861
v 0.273321 0.460533 0.503218
v 0.272029 0.490000 0.511723
vn -0.992266 -0.072567 0.100711
f 4057/1/1043 4058/2/1043 4059/3/1043 4060/4/1043
usemtl black
v 0.265000 0.490000 0.400000
v 0.266827 0.460533 0.400000
v 0.268515 0.460533 0.455861
v 0.266827 0.490000 0.460464
vn -0.997630 -0.061852 0.030143
f 4061/1/1044 4062/2/1044 4063/3/1044 4064/4/1044
usemtl black
v 0.266827 0.490000 0.339536
v 0.268515 0.460533 0.344139
v 0.266827 0.460533 0.400000
v 0.265000 0.490000 0.400000
vn -0.997630 -0.061852 -0.030143
f 4065/1/1045 4066/2/1045 4067/3/1045 4068/4/1045
usemtl black
v 0.272029 0.490000 0.288277
v 0.273321 0.460533 0.296782
v 0.268515 0.460533 0.344139
v 0.266827 0.490000 0.339536
vn -0.992266 -0.072567 -0.100711
f 4069/1/1046 4070/2/1046 4071/3/1046 4072/4/1046
usemtl black
v 0.279816 0.490000 0.254027
v 0.280515 0.460533 0.265139
v 0.273321 0.460533 0.296782
v 0.272029 0.490000 0.288277
vn -0.969614 -0.106125 -0.220425
f 4073/1/1047 4074/2/1047 4075/3/1047 4076/4/1047
usemtl black
v 0.289000 0.490000 0.242000
v 0.289000 0.460533 0.254027
v 0.280515 0.460533 0.265139
v 0.279816 0.490000 0.254027
vn -0.771447 -0.240451 -0.589112
f 4077/1/1048 4078/2/1048 4079/3/1048 4080/4/1048
usemtl black
v 0.298184 0.490000 0.254027
v 0.297485 0.460533 0.265139
v 0.289000 0.460533 0.254027
v 0.289000 0.490000 0.242000
vn 0.771447 -0.240451 -0.589112
f 4081/1/1049 4082/2/1049 4083/3/1049 4084/4/1049
usemtl black
v 0.305971 0.490000 0.288277
v 0.304679 0.460533 0.296782
v 0.297485 0.460533 0.265139
v 0.298184 0.490000 0.254027
vn 0.969614 -0.106125 -0.220425
f 4085/1/1050 4086/2/1050 4087/3/1050 4088/4/1050
usemtl black
v 0.311173 0.490000 0.339536
v 0.309485 0.460533 0.344139
v 0.304679 0.460533 0.296782
v 0.305971 0.490000 0.288277
vn 0.992266 -0.072567 -0.100711
f 4089/1/1051 4090/2/1051 4091/3/1051 4092/4/1051
usemtl black
v 0.313000 0.490000 0.400000
v 0.311173 0.460533 0.400000
v 0.309485 0.460533 0.344139
v 0.311173 0.490000 0.339536
vn 0.997630 -0.061852 -0.030143
f 4093/1/1052 4094/2/1052 4095/3/1052 4096/4/1052
usemtl black
v 0.309485 0.460533 0.455861
v 0.304679 0.435553 0.442754
v 0.305971 0.435553 0.400000
v 0.311173 0.460533 0.400000
vn 0.978566 -0.203800 0.029567
f 4097/1/1053 4098/2/1053 4099/3/1053 4100/4/1053
usemtl black
v 0.304679 0.460533 0.503218
v 0.301000 0.435553 0.479000
v 0.304679 0.435553 0.442754
v 0.309485 0.460533 0.455861
vn 0.966442 -0.237420 0.098090
f 4101/1/1054 4102/2/1054 4103/3/1054 4104/4/1054
usemtl black
v 0.297485 0.460533 0.534861
v 0.295494 0.435553 0.503218
v 0.301000 0.435553 0.479000
v 0.304679 0.460533 0.503218
vn 0.917912 -0.337481 0.208671
f 4105/1/1055 4106/2/1055 4107/3/1055 4108/4/1055
usemtl black
v 0.289000 0.460533 0.545973
v 0.289000 0.435553 0.511723
v 0.295494 0.435553 0.503218
v 0.297485 0.460533 0.534861
vn 0.610917 -0.639637 0.466525
f 4109/1/1056 4110/2/1056 4111/3/1056 4112/4/1056
usemtl black
v 0.280515 0.460533 0.534861
v 0.282506 0.435553 0.503218
v 0.289000 0.435553 0.511723
v 0.289000 0.460533 0.545973
vn -0.610917 -0.639637 0.466525
f 4113/1/1057 4114/2/1057 4115/3/1057 4116/4/1057
usemtl black
v 0.273321 0.460533 0.503218
v 0.277000 0.435553 0.479000
v 0.282506 0.435553 0.503218
v 0.280515 0.460533 0.534861
vn -0.917912 -0.337481 0.208671
f 4117/1/1058 4118/2/1058 4119/3/1058 4120/4/1058
usemtl black
v 0.268515 0.460533 0.455861
v 0.273321 0.435553 0.442754
v 0.277000 0.435553 0.479000
v 0.273321 0.460533 0.503218
vn -0.966442 -0.237420 0.098090
f 4121/1/1059 4122/2/1059 4123/3/1059 4124/4/1059
usemtl black
v 0.266827 0.460533 0.400000
v 0.272029 0.435553 0.400000
v 0.273321 0.435553 0.442754
v 0.268515 0.460533 0.455861
vn -0.978566 -0.203800 0.029567
f 4125/1/1060 4126/2/1060 4127/3/1060 4128/4/1060
usemtl black
v 0.268515 0.460533 0.344139
v 0.273321 0.435553 0.357246
v 0.272029 0.435553 0.400000
v 0.266827 0.460533 0.400000
vn -0.978566 -0.203800 -0.029567
f 4129/1/1061 4130/2/1061 4131/3/1061 4132/4/1061
usemtl black
v 0.273321 0.460533 0.296782
v 0.277000 0.435553 0.321000
v 0.273321 0.435553 0.357246
v 0.268515 0.460533 0.344139
vn -0.966442 -0.237420 -0.098090
f 4133/1/1062 4134/2/1062 4135/3/1062 4136/4/1062
usemtl black
v 0.280515 0.460533 0.265139
v 0.282506 0.435553 0.296782
v 0.277000 0.435553 0.321000
v 0.273321 0.460533 0.296782
vn -0.917912 -0.337481 -0.208671
f 4137/1/1063 4138/2/1063 4139/3/1063 4140/4/1063
usemtl black
v 0.289000 0.460533 0.254027
v 0.289000 0.435553 0.288277
v 0.282506 0.435553 0.296782
v 0.280515 0.460533 0.265139
vn -0.610917 -0.639637 -0.466525
f 4141/1/1064 4142/2/1064 4143/3/1064 4144/4/1064
usemtl black
v 0.297485 0.460533 0.265139
v 0.295494 0.435553 0.296782
v 0.289000 0.435553 0.288277
v 0.289000 0.460533 0.254027
vn 0.610917 -0.639637 -0.466525
f 4145/1/1065 4146/2/1065 4147/3/1065 4148/4/1065
usemtl black
v 0.304679 0.460533 0.296782
v 0.301000 0.435553 0.321000
v 0.295494 0.435553 0.296782
v 0.297485 0.460533 0.265139
vn 0.917912 -0.337481 -0.208671
f 4149/1/1066 4150/2/1066 4151/3/1066 4152/4/1066
usemtl black
v 0.309485 0.460533 0.344139
v 0.304679 0.435553 0.357246
v 0.301000 0.435553 0.321000
v 0.304679 0.460533 0.296782
vn 0.966442 -0.237420 -0.098090
f 4153/1/1067 4154/2/1067 4155/3/1067 4156/4/1067
usemtl black
v 0.311173 0.460533 0.400000
v 0.305971 0.435553 0.400000
v 0.304679 0.435553 0.357246
v 0.309485 0.460533 0.344139
vn 0.978566 -0.203800 -0.029567
f 4157/1/1068 4158/2/1068 4159/3/1068 4160/4/1068
usemtl black
v 0.304679 0.435553 0.442754
v 0.297485 0.418861 0.423139
v 0.298184 0.418861 0.400000
v 0.305971 0.435553 0.400000
vn 0.905910 -0.422584 0.027372
f 4161/1/1069 4162/2/1069 4163/3/1069 4164/4/1069
usemtl black
v 0.301000 0.435553 0.479000
v 0.295494 0.418861 0.442754
v 0.297485 0.418861 0.423139
v 0.304679 0.435553 0.442754
vn 0.872682 -0.480188 0.088573
f 4165/1/1070 4166/2/1070 4167/3/1070 4168/4/1070
usemtl black
v 0.295494 0.435553 0.503218
v 0.292515 0.418861 0.455861
v 0.295494 0.418861 0.442754
v 0.301000 0.435553 0.479000
vn 0.760323 -0.626125 0.172846
f 4169/1/1071 4170/2/1071 4171/3/1071 4172/4/1071
usemtl black
v 0.289000 0.435553 0.511723
v 0.289000 0.418861 0.460464
v 0.292515 0.418861 0.455861
v 0.295494 0.435553 0.503218
vn 0.375749 -0.881180 0.286940
f 4173/1/1072 4174/2/1072 4175/3/1072 4176/4/1072
usemtl black
v 0.282506 0.435553 0.503218
v 0.285485 0.418861 0.455861
v 0.289000 0.418861 0.460464
v 0.289000 0.435553 0.511723
vn -0.375749 -0.881180 0.286940
f 4177/1/1073 4178/2/1073 4179/3/1073 4180/4/1073
usemtl black
v 0.277000 0.435553 0.479000
v 0.282506 0.418861 0.442754
v 0.285485 0.418861 0.455861
v 0.282506 0.435553 0.503218
vn -0.760323 -0.626125 0.172846
f 4181/1/1074 4182/2/1074 4183/3/1074 4184/4/1074
usemtl black
v 0.273321 0.435553 0.442754
v 0.280515 0.418861 0.423139
v 0.282506 0.418861 0.442754
v 0.277000 0.435553 0.479000
vn -0.872682 -0.480188 0.088573
f 4185/1/1075 4186/2/1075 4187/3/1075 4188/4/1075
usemtl black
v 0.272029 0.435553 0.400000
v 0.279816 0.418861 0.400000
v 0.280515 0.418861 0.423139
v 0.273321 0.435553 0.442754
vn -0.905910 -0.422584 0.027372
f 4189/1/1076 4190/2/1076 4191/3/1076 4192/4/1076
usemtl black
v 0.273321 0.435553 0.357246
v 0.280515 0.418861 0.376861
v 0.279816 0.418861 0.400000
v 0.272029 0.435553 0.400000
vn -0.905910 -0.422584 -0.027372
f 4193/1/1077 4194/2/1077 4195/3/1077 4196/4/1077
usemtl black
v 0.277000 0.435553 0.321000
v 0.282506 0.418861 0.357246
v 0.280515 0.418861 0.376861
v 0.273321 0.435553 0.357246
vn -0.872682 -0.480188 -0.088573
f 4197/1/1078 4198/2/1078 4199/3/1078 4200/4/1078
usemtl black
v 0.282506 0.435553 0.296782
v 0.285485 0.418861 0.344139
v 0.282506 0.418861 0.357246
v 0.277000 0.435553 0.321000
vn -0.760323 -0.626125 -0.172846
f 4201/1/1079 4202/2/1079 4203/3/1079 4204/4/1079
usemtl black
v 0.289000 0.435553 0.288277
v 0.289000 0.418861 0.339536
v 0.285485 0.418861 0.344139
v 0.282506 0.435553 0.296782
vn -0.375749 -0.881180 -0.286940
f 4205/1/1080 4206/2/1080 4207/3/1080 4208/4/1080
usemtl black
v 0.295494 0.435553 0.296782
v 0.292515 0.418861 0.344139
v 0.289000 0.418861 0.339536
v 0.289000 0.435553 0.288277
vn 0.375749 -0.881180 -0.286940
f 4209/1/1081 4210/2/1081 4211/3/1081 4212/4/1081
usemtl black
v 0.301000 0.435553 0.321000
v 0.295494 0.418861 0.357246
v 0.292515 0.418861 0.344139
v 0.295494 0.435553 0.296782
vn 0.760323 -0.626125 -0.172846
f 4213/1/1082 4214/2/1082 4215/3/1082 4216/4/1082
usemtl black
v 0.304679 0.435553 0.357246
v 0.297485 0.418861 0.376861
v 0.295494 0.418861 0.357246
v 0.301000 0.435553 0.321000
vn 0.872682 -0.480188 -0.088573
f 4217/1/1083 4218/2/1083 4219/3/1083 4220/4/1083
usemtl black
v 0.305971 0.435553 0.400000
v 0.298184 0.418861 0.400000
v 0.297485 0.418861 0.376861
v 0.304679 0.435553 0.357246
vn 0.905910 -0.422584 -0.027372
f 4221/1/1084 4222/2/1084 4223/3/1084 4224/4/1084
usemtl black
v 0.297485 0.418861 0.423139
v 0.289000 0.413000 0.400000
v 0.298184 0.418861 0.400000
vn 0.537892 -0.842857 0.016252
f 4225/1/1085 4226/2/1085 4227/3/1085
usemtl black
v 0.295494 0.418861 0.442754
v 0.289000 0.413000 0.400000
v 0.297485 0.418861 0.423139
vn 0.475290 -0.878506 0.048240
f 4228/1/1086 4229/2/1086 4230/3/1086
usemtl black
v 0.292515 0.418861 0.455861
v 0.289000 0.413000 0.400000
v 0.295494 0.418861 0.442754
vn 0.338956 -0.937641 0.077056
f 4231/1/1087 4232/2/1087 4233/3/1087
usemtl black
v 0.289000 0.418861 0.460464
v 0.289000 0.413000 0.400000
v 0.292515 0.418861 0.455861
vn 0.125352 -0.987483 0.095725
f 4234/1/1088 4235/2/1088 4236/3/1088
usemtl black
v 0.285485 0.418861 0.455861
v 0.289000 0.413000 0.400000
v 0.289000 0.418861 0.460464
vn -0.125352 -0.987483 0.095725
f 4237/1/1089 4238/2/1089 4239/3/1089
usemtl black
v 0.282506 0.418861 0.442754
v 0.289000 0.413000 0.400000
v 0.285485 0.418861 0.455861
vn -0.338956 -0.937641 0.077056
f 4240/1/1090 4241/2/1090 4242/3/1090
usemtl black
v 0.280515 0.418861 0.423139
v 0.289000 0.413000 0.400000
v 0.282506 0.418861 0.442754
vn -0.475290 -0.878506 0.048240
f 4243/1/1091 4244/2/1091 4245/3/1091
usemtl black
v 0.279816 0.418861 0.400000
v 0.289000 0.413000 0.400000
v 0.280515 0.418861 0.423139
vn -0.537892 -0.842857 0.016252
f 4246/1/1092 4247/2/1092 4248/3/1092
usemtl black
v 0.280515 0.418861 0.376861
v 0.289000 0.413000 0.400000
v 0.279816 0.418861 0.400000
vn -0.537892 -0.842857 -0.016252
f 4249/1/1093 4250/2/1093 4251/3/1093
usemtl black
v 0.282506 0.418861 0.357246
v 0.289000 0.413000 0.400000
v 0.280515 0.418861 0.376861
vn -0.475290 -0.878506 -0.048240
f 4252/1/1094 4253/2/1094 4254/3/1094
usemtl black
v 0.285485 0.418861 0.344139
v 0.289000 0.413000 0.400000
v 0.282506 0.418861 0.357246
vn -0.338956 -0.937641 -0.077056
f 4255/1/1095 4256/2/1095 4257/3/1095
usemtl black
v 0.289000 0.418861 0.339536
v 0.289000 0.413000 0.400000
v 0.285485 0.418861 0.344139
vn -0.125352 -0.987483 -0.095725
f 4258/1/1096 4259/2/1096 4260/3/1096
usemtl black
v 0.292515 0.418861 0.344139
v 0.289000 0.413000 0.400000
v 0.289000 0.418861 0.339536
vn 0.125352 -0.987483 -0.095725
f 4261/1/1097 4262/2/1097 4263/3/1097
usemtl black
v 0.295494 0.418861 0.357246
v 0.289000 0.413000 0.400000
v 0.292515 0.418861 0.344139
vn 0.338956 -0.937641 -0.077056
f 4264/1/1098 4265/2/1098 4266/3/1098
usemtl black
v 0.297485 0.418861 0.376861
v 0.289000 0.413000 0.400000
v 0.295494 0.418861 0.357246
vn 0.475290 -0.878506 -0.048240
f 4267/1/1099 4268/2/1099 4269/3/1099
usemtl black
v 0.298184 0.418861 0.400000
v 0.289000 0.413000 0.400000
v 0.297485 0.418861 0.376861
vn 0.537892 -0.842857 -0.016252
f 4270/1/1100 4271/2/1100 4272/3/1100
usemtl white
v 0.363385 0.680260 0.417574
v 0.364900 0.680260 0.400000
v 0.345000 0.683000 0.400000
vn 0.136412 0.990582 0.011758
f 4273/1/1101 4274/2/1101 4275/3/1101
usemtl white
v 0.359071 0.680260 0.432472
v 0.363385 0.680260 0.417574
v 0.345000 0.683000 0.400000
vn 0.115891 0.992695 0.033556
f 4276/1/1102 4277/2/1102 4278/3/1102
usemtl white
v 0.352615 0.680260 0.442426
v 0.359071 0.680260 0.432472
v 0.345000 0.683000 0.400000
vn 0.077671 0.995706 0.050372
f 4279/1/1103 4280/2/1103 4281/3/1103
usemtl white
v 0.345000 0.680260 0.445922
v 0.352615 0.680260 0.442426
v 0.345000 0.683000 0.400000
vn 0.027333 0.997851 0.059545
f 4282/1/1104 4283/2/1104 4284/3/1104
usemtl white
v 0.337385 0.680260 0.442426
v 0.345000 0.680260 0.445922
v 0.345000 0.683000 0.400000
vn -0.027333 0.997851 0.059545
f 4285/1/1105 4286/2/1105 4287/3/1105
usemtl white
v 0.330929 0.680260 0.432472
v 0.337385 0.680260 0.442426
v 0.345000 0.683000 0.400000
vn -0.077671 0.995706 0.050372
f 4288/1/1106 4289/2/1106 4290/3/1106
usemtl white
v 0.326615 0.680260 0.417574
v 0.330929 0.680260 0.432472
v 0.345000 0.683000 0.400000
vn -0.115891 0.992695 0.033556
f 4291/1/1107 4292/2/1107 4293/3/1107
usemtl white
v 0.325100 0.680260 0.400000
v 0.326615 0.680260 0.417574
v 0.345000 0.683000 0.400000
vn -0.136412 0.990582 0.011758
f 4294/1/1108 4295/2/1108 4296/3/1108
usemtl white
v 0.326615 0.680260 0.382426
v 0.325100 0.680260 0.400000
v 0.345000 0.683000 0.400000
vn -0.136412 0.990582 -0.011758
f 4297/1/1109 4298/2/1109 4299/3/1109
usemtl white
v 0.330929 0.680260 0.367528
v 0.326615 0.680260 0.382426
v 0.345000 0.683000 0.400000
vn -0.115891 0.992695 -0.033556
f 4300/1/1110 4301/2/1110 4302/3/1110
usemtl white
v 0.337385 0.680260 0.357574
v 0.330929 0.680260 0.367528
v 0.345000 0.683000 0.400000
vn -0.077671 0.995706 -0.050372
f 4303/1/1111 4304/2/1111 4305/3/1111
usemtl white
v 0.345000 0.680260 0.354078
v 0.337385 0.680260 0.357574
v 0.345000 0.683000 0.400000
vn -0.027333 0.997851 -0.059545
f 4306/1/1112 4307/2/1112 4308/3/1112
usemtl white
v 0.352615 0.680260 0.357574
v 0.345000 0.680260 0.354078
v 0.345000 0.683000 0.400000
vn 0.027333 0.997851 -0.059545
f 4309/1/1113 4310/2/1113 4311/3/1113
usemtl white
v 0.359071 0.680260 0.367528
v 0.352615 0.680260 0.357574
v 0.345000 0.683000 0.400000
vn 0.077671 0.995706 -0.050372
f 4312/1/1114 4313/2/1114 4314/3/1114
usemtl white
v 0.363385 0.680260 0.382426
v 0.359071 0.680260 0.367528
v 0.345000 0.683000 0.400000
vn 0.115891 0.992695 -0.033556
f 4315/1/1115 4316/2/1115 4317/3/1115
usemtl white
v 0.364900 0.680260 0.400000
v 0.363385 0.680260 0.382426
v 0.345000 0.683000 0.400000
vn 0.136412 0.990582 -0.011758
f 4318/1/1116 4319/2/1116 4320/3/1116
usemtl white
v 0.363385 0.680260 0.417574
v 0.378971 0.672456 0.432472
v 0.381770 0.672456 0.400000
v 0.364900 0.680260 0.400000
vn 0.419567 0.907004 0.036165
f 4321/1/1117 4322/2/1117 4323/3/1117 4324/4/1117
usemtl white
v 0.359071 0.680260 0.432472
v 0.371000 0.672456 0.460000
v 0.378971 0.672456 0.432472
v 0.363385 0.680260 0.417574
vn 0.363068 0.925814 0.105124
f 4325/1/1118 4326/2/1118 4327/3/1118 4328/4/1118
usemtl white
v 0.352615 0.680260 0.442426
v 0.359071 0.672456 0.478394
v 0.371000 0.672456 0.460000
v 0.359071 0.680260 0.432472
vn 0.250119 0.954531 0.162209
f 4329/1/1119 4330/2/1119 4331/3/1119 4332/4/1119
usemtl white
v 0.345000 0.680260 0.445922
v 0.345000 0.672456 0.484853
v 0.359071 0.672456 0.478394
v 0.352615 0.680260 0.442426
vn 0.089854 0.976529 0.195749
f 4333/1/1120 4334/2/1120 4335/3/1120 4336/4/1120
usemtl white
v 0.337385 0.680260 0.442426
v 0.330929 0.672456 0.478394
v 0.345000 0.672456 0.484853
v 0.345000 0.680260 0.445922
vn -0.089854 0.976529 0.195749
f 4337/1/1121 4338/2/1121 4339/3/1121 4340/4/1121
usemtl white
v 0.330929 0.680260 0.432472
v 0.319000 0.672456 0.460000
v 0.330929 0.672456 0.478394
v 0.337385 0.680260 0.442426
vn -0.250119 0.954531 0.162209
f 4341/1/1122 4342/2/1122 4343/3/1122 4344/4/1122
usemtl white
v 0.326615 0.680260 0.417574
v 0.311029 0.672456 0.432472
v 0.319000 0.672456 0.460000
v 0.330929 0.680260 0.432472
vn -0.363068 0.925814 0.105124
f 4345/1/1123 4346/2/1123 4347/3/1123 4348/4/1123
usemtl white
v 0.325100 0.680260 0.400000
v 0.308230 0.672456 0.400000
v 0.311029 0.672456 0.432472
v 0.326615 0.680260 0.417574
vn -0.419567 0.907004 0.036165
f 4349/1/1124 4350/2/1124 4351/3/1124 4352/4/1124
usemtl white
v 0.326615 0.680260 0.382426
v 0.311029 0.672456 0.367528
v 0.308230 0.672456 0.400000
v 0.325100 0.680260 0.400000
vn -0.419567 0.907004 -0.036165
f 4353/1/1125 4354/2/1125 4355/3/1125 4356/4/1125
usemtl white
v 0.330929 0.680260 0.367528
v 0.319000 0.672456 0.340000
v 0.311029 0.672456 0.367528
v 0.326615 0.680260 0.382426
vn -0.363068 0.925814 -0.105124
f 4357/1/1126 4358/2/1126 4359/3/1126 4360/4/1126
usemtl white
v 0.337385 0.680260 0.357574
v 0.330929 0.672456 0.321606
v 0.319000 0.672456 0.340000
v 0.330929 0.680260 0.367528
vn -0.250119 0.954531 -0.162209
f 4361/1/1127 4362/2/1127 4363/3/1127 4364/4/1127
usemtl white
v 0.345000 0.680260 0.354078
v 0.345000 0.672456 0.315147
v 0.330929 0.672456 0.321606
v 0.337385 0.680260 0.357574
vn -0.089854 0.976529 -0.195749
f 4365/1/1128 4366/2/1128 4367/3/1128 4368/4/1128
usemtl white
v 0.352615 0.680260 0.357574
v 0.359071 0.672456 0.321606
v 0.345000 0.672456 0.315147
v 0.345000 0.680260 0.354078
vn 0.089854 0.976529 -0.195749
f 4369/1/1129 4370/2/1129 4371/3/1129 4372/4/1129
usemtl white
v 0.359071 0.680260 0.367528
v 0.371000 0.672456 0.340000
v 0.359071 0.672456 0.321606
v 0.352615 0.680260 0.357574
vn 0.250119 0.954531 -0.162209
f 4373/1/1130 4374/2/1130 4375/3/1130 4376/4/1130
usemtl white
v 0.363385 0.680260 0.382426
v 0.378971 0.672456 0.367528
v 0.371000 0.672456 0.340000
v 0.359071 0.680260 0.367528
vn 0.363068 0.925814 -0.105124
f 4377/1/1131 4378/2/1131 4379/3/1131 4380/4/1131
usemtl white
v 0.364900 0.680260 0.400000
v 0.381770 0.672456 0.400000
v 0.378971 0.672456 0.367528
v 0.363385 0.680260 0.382426
vn 0.419567 0.907004 -0.036165
f 4381/1/1132 4382/2/1132 4383/3/1132 4384/4/1132
usemtl white
v 0.378971 0.672456 0.432472
v 0.389385 0.660777 0.442426
v 0.393042 0.660777 0.400000
v 0.381770 0.672456 0.400000
vn 0.718155 0.693125 0.061902
f 4385/1/1133 4386/2/1133 4387/3/1133 4388/4/1133
usemtl white
v 0.371000 0.672456 0.460000
v 0.378971 0.660777 0.478394
v 0.389385 0.660777 0.442426
v 0.378971 0.672456 0.432472
vn 0.648211 0.737968 0.187686
f 4389/1/1134 4390/2/1134 4391/3/1134 4392/4/1134
usemtl white
v 0.359071 0.672456 0.478394
v 0.363385 0.660777 0.502426
v 0.378971 0.660777 0.478394
v 0.371000 0.672456 0.460000
vn 0.480922 0.819413 0.311892
f 4393/1/1135 4394/2/1135 4395/3/1135 4396/4/1135
usemtl white
v 0.345000 0.672456 0.484853
v 0.345000 0.660777 0.510866
v 0.363385 0.660777 0.502426
v 0.359071 0.672456 0.478394
vn 0.184777 0.896560 0.402539
f 4397/1/1136 4398/2/1136 4399/3/1136 4400/4/1136
usemtl white
v 0.330929 0.672456 0.478394
v 0.326615 0.660777 0.502426
v 0.345000 0.660777 0.510866
v 0.345000 0.672456 0.484853
vn -0.184777 0.896560 0.402539
f 4401/1/1137 4402/2/1137 4403/3/1137 4404/4/1137
usemtl white
v 0.319000 0.672456 0.460000
v 0.311029 0.660777 0.478394
v 0.326615 0.660777 0.502426
v 0.330929 0.672456 0.478394
vn -0.480922 0.819413 0.311892
f 4405/1/1138 4406/2/1138 4407/3/1138 4408/4/1138
usemtl white
v 0.311029 0.672456 0.432472
v 0.300615 0.660777 0.442426
v 0.311029 0.660777 0.478394
v 0.319000 0.672456 0.460000
vn -0.648211 0.737968 0.187686
f 4409/1/1139 4410/2/1139 4411/3/1139 4412/4/1139
usemtl white
v 0.308230 0.672456 0.400000
v 0.296958 0.660777 0.400000
v 0.300615 0.660777 0.442426
v 0.311029 0.672456 0.432472
vn -0.718155 0.693125 0.061902
f 4413/1/1140 4414/2/1140 4415/3/1140 4416/4/1140
usemtl white
v 0.311029 0.672456 0.367528
v 0.300615 0.660777 0.357574
v 0.296958 0.660777 0.400000
v 0.308230 0.672456 0.400000
vn -0.718155 0.693125 -0.061902
f 4417/1/1141 4418/2/1141 4419/3/1141 4420/4/1141
usemtl white
v 0.319000 0.672456 0.340000
v 0.311029 0.660777 0.321606
v 0.300615 0.660777 0.357574
v 0.311029 0.672456 0.367528
vn -0.648211 0.737968 -0.187686
f 4421/1/1142 4422/2/1142 4423/3/1142 4424/4/1142
usemtl white
v 0.330929 0.672456 0.321606
v 0.326615 0.660777 0.297574
v 0.311029 0.660777 0.321606
v 0.319000 0.672456 0.340000
vn -0.480922 0.819413 -0.311892
f 4425/1/1143 4426/2/1143 4427/3/1143 4428/4/1143
usemtl white
v 0.345000 0.672456 0.315147
v 0.345000 0.660777 0.289134
v 0.326615 0.660777 0.297574
v 0.330929 0.672456 0.321606
vn -0.184777 0.896560 -0.402539
f 4429/1/1144 4430/2/1144 4431/3/1144 4432/4/1144
usemtl white
v 0.359071 0.672456 0.321606
v 0.363385 0.660777 0.297574
v 0.345000 0.660777 0.289134
v 0.345000 0.672456 0.315147
vn 0.184777 0.896560 -0.402539
f 4433/1/1145 4434/2/1145 4435/3/1145 4436/4/1145
usemtl white
v 0.371000 0.672456 0.340000
v 0.378971 0.660777 0.321606
v 0.363385 0.660777 0.297574
v 0.359071 0.672456 0.321606
vn 0.480922 0.819413 -0.311892
f 4437/1/1146 4438/2/1146 4439/3/1146 4440/4/1146
usemtl white
v 0.378971 0.672456 0.367528
v 0.389385 0.660777 0.357574
v 0.378971 0.660777 0.321606
v 0.371000 0.672456 0.340000
vn 0.648211 0.737968 -0.187686
f 4441/1/1147 4442/2/1147 4443/3/1147 4444/4/1147
usemtl white
v 0.381770 0.672456 0.400000
v 0.393042 0.660777 0.400000
v 0.389385 0.660777 0.357574
v 0.378971 0.672456 0.367528
vn 0.718155 0.693125 -0.061902
f 4445/1/1148 4446/2/1148 4447/3/1148 4448/4/1148
usemtl white
v 0.389385 0.660777 0.442426
v 0.393042 0.647000 0.445922
v 0.397000 0.647000 0.400000
v 0.393042 0.660777 0.400000
vn 0.957835 0.275203 0.082561
f 4449/1/1149 4450/2/1149 4451/3/1149 4452/4/1149
usemtl white
v 0.378971 0.660777 0.478394
v 0.381770 0.647000 0.484853
v 0.393042 0.647000 0.445922
v 0.389385 0.660777 0.442426
vn 0.913366 0.309553 0.264460
f 4453/1/1150 4454/2/1150 4455/3/1150 4456/4/1150
usemtl white
v 0.363385 0.660777 0.502426
v 0.364900 0.647000 0.510866
v 0.381770 0.647000 0.484853
v 0.378971 0.660777 0.478394
vn 0.772008 0.391579 0.500670
f 4457/1/1151 4458/2/1151 4459/3/1151 4460/4/1151
usemtl white
v 0.345000 0.660777 0.510866
v 0.345000 0.647000 0.520000
v 0.364900 0.647000 0.510866
v 0.363385 0.660777 0.502426
vn 0.357317 0.516125 0.778421
f 4461/1/1152 4462/2/1152 4463/3/1152 4464/4/1152
usemtl white
v 0.326615 0.660777 0.502426
v 0.325100 0.647000 0.510866
v 0.345000 0.647000 0.520000
v 0.345000 0.660777 0.510866
vn -0.357317 0.516125 0.778421
f 4465/1/1153 4466/2/1153 4467/3/1153 4468/4/1153
usemtl white
v 0.311029 0.660777 0.478394
v 0.308230 0.647000 0.484853
v 0.325100 0.647000 0.510866
v 0.326615 0.660777 0.502426
vn -0.772008 0.391579 0.500670
f 4469/1/1154 4470/2/1154 4471/3/1154 4472/4/1154
usemtl white
v 0.300615 0.660777 0.442426
v 0.296958 0.647000 0.445922
v 0.308230 0.647000 0.484853
v 0.311029 0.660777 0.478394
vn -0.913366 0.309553 0.264460
f 4473/1/1155 4474/2/1155 4475/3/1155 4476/4/1155
usemtl white
v 0.296958 0.660777 0.400000
v 0.293000 0.647000 0.400000
v 0.296958 0.647000 0.445922
v 0.300615 0.660777 0.442426
vn -0.957835 0.275203 0.082561
f 4477/1/1156 4478/2/1156 4479/3/1156 4480/4/1156
usemtl white
v 0.300615 0.660777 0.357574
v 0.296958 0.647000 0.354078
v 0.293000 0.647000 0.400000
v 0.296958 0.660777 0.400000
vn -0.957835 0.275203 -0.082561
f 4481/1/1157 4482/2/1157 4483/3/1157 4484/4/1157
usemtl white
v 0.311029 0.660777 0.321606
v 0.308230 0.647000 0.315147
v 0.296958 0.647000 0.354078
v 0.300615 0.660777 0.357574
vn -0.913366 0.309553 -0.264460
f 4485/1/1158 4486/2/1158 4487/3/1158 4488/4/1158
usemtl white
v 0.326615 0.660777 0.297574
v 0.325100 0.647000 0.289134
v 0.308230 0.647000 0.315147
v 0.311029 0.660777 0.321606
vn -0.772008 0.391579 -0.500670
f 4489/1/1159 4490/2/1159 4491/3/1159 4492/4/1159
usemtl white
v 0.345000 0.660777 0.289134
v 0.345000 0.647000 0.280000
v 0.325100 0.647000 0.289134
v 0.326615 0.660777 0.297574
vn -0.357317 0.516125 -0.778421
f 4493/1/1160 4494/2/1160 4495/3/1160 4496/4/1160
usemtl white
v 0.363385 0.660777 0.297574
v 0.364900 0.647000 0.289134
v 0.345000 0.647000 0.280000
v 0.345000 0.660777 0.289134
vn 0.357317 0.516125 -0.778421
f 4497/1/1161 4498/2/1161 4499/3/1161 4500/4/1161
usemtl white
v 0.378971 0.660777 0.321606
v 0.381770 0.647000 0.315147
v 0.364900 0.647000 0.289134
v 0.363385 0.660777 0.297574
vn 0.772008 0.391579 -0.500670
f 4501/1/1162 4502/2/1162 4503/3/1162 4504/4/1162
usemtl white
v 0.389385 0.660777 0.357574
v 0.393042 0.647000 0.354078
v 0.381770 0.647000 0.315147
v 0.378971 0.660777 0.321606
vn 0.913366 0.309553 -0.264460
f 4505/1/1163 4506/2/1163 4507/3/1163 4508/4/1163
usemtl white
v 0.393042 0.660777 0.400000
v 0.397000 0.647000 0.400000
v 0.393042 0.647000 0.354078
v 0.389385 0.660777 0.357574
vn 0.957835 0.275203 -0.082561
f 4509/1/1164 4510/2/1164 4511/3/1164 4512/4/1164
usemtl white
v 0.393042 0.647000 0.445922
v 0.389385 0.633223 0.442426
v 0.393042 0.633223 0.400000
v 0.397000 0.647000 0.400000
vn 0.957835 -0.275203 0.082561
f 4513/1/1165 4514/2/1165 4515/3/1165 4516/4/1165
usemtl white
v 0.381770 0.647000 0.484853
v 0.378971 0.633223 0.478394
v 0.389385 0.633223 0.442426
v 0.393042 0.647000 0.445922
vn 0.913366 -0.309553 0.264460
f 4517/1/1166 4518/2/1166 4519/3/1166 4520/4/1166
usemtl white
v 0.364900 0.647000 0.510866
v 0.363385 0.633223 0.502426
v 0.378971 0.633223 0.478394
v 0.381770 0.647000 0.484853
vn 0.772008 -0.391579 0.500670
f 4521/1/1167 4522/2/1167 4523/3/1167 4524/4/1167
usemtl white
v 0.345000 0.647000 0.520000
v 0.345000 0.633223 0.510866
v 0.363385 0.633223 0.502426
v 0.364900 0.647000 0.510866
vn 0.357317 -0.516125 0.778421
f 4525/1/1168 4526/2/1168 4527/3/1168 4528/4/1168
usemtl white
v 0.325100 0.647000 0.510866
v 0.326615 0.633223 0.502426
v 0.345000 0.633223 0.510866
v 0.345000 0.647000 0.520000
vn -0.357317 -0.516125 0.778421
f 4529/1/1169 4530/2/1169 4531/3/1169 4532/4/1169
usemtl white
v 0.308230 0.647000 0.484853
v 0.311029 0.633223 0.478394
v 0.326615 0.633223 0.502426
v 0.325100 0.647000 0.510866
vn -0.772008 -0.391579 0.500670
f 4533/1/1170 4534/2/1170 4535/3/1170 4536/4/1170
usemtl white
v 0.296958 0.647000 0.445922
v 0.300615 0.633223 0.442426
v 0.311029 0.633223 0.478394
v 0.308230 0.647000 0.484853
vn -0.913366 -0.309553 0.264460
f 4537/1/1171 4538/2/1171 4539/3/1171 4540/4/1171
usemtl white
v 0.293000 0.647000 0.400000
v 0.296958 0.633223 0.400000
v 0.300615 0.633223 0.442426
v 0.296958 0.647000 0.445922
vn -0.957835 -0.275203 0.082561
f 4541/1/1172 4542/2/1172 4543/3/1172 4544/4/1172
usemtl white
v 0.296958 0.647000 0.354078
v 0.300615 0.633223 0.357574
v 0.296958 0.633223 0.400000
v 0.293000 0.647000 0.400000
vn -0.957835 -0.275203 -0.082561
f 4545/1/1173 4546/2/1173 4547/3/1173 4548/4/1173
usemtl white
v 0.308230 0.647000 0.315147
v 0.311029 0.633223 0.321606
v 0.300615 0.633223 0.357574
v 0.296958 0.647000 0.354078
vn -0.913366 -0.309553 -0.264460
f 4549/1/1174 4550/2/1174 4551/3/1174 4552/4/1174
usemtl white
v 0.325100 0.647000 0.289134
v 0.326615 0.633223 0.297574
v 0.311029 0.633223 0.321606
v 0.308230 0.647000 0.315147
vn -0.772008 -0.391579 -0.500670
f 4553/1/1175 4554/2/1175 4555/3/1175 4556/4/1175
usemtl white
v 0.345000 0.647000 0.280000
v 0.345000 0.633223 0.289134
v 0.326615 0.633223 0.297574
v 0.325100 0.647000 0.289134
vn -0.357317 -0.516125 -0.778421
f 4557/1/1176 4558/2/1176 4559/3/1176 4560/4/1176
usemtl white
v 0.364900 0.647000 0.289134
v 0.363385 0.633223 0.297574
v 0.345000 0.633223 0.289134
v 0.345000 0.647000 0.280000
vn 0.357317 -0.516125 -0.778421
f 4561/1/1177 4562/2/1177 4563/3/1177 4564/4/1177
usemtl white
v 0.381770 0.647000 0.315147
v 0.378971 0.633223 0.321606
v 0.363385 0.633223 0.297574
v 0.364900 0.647000 0.289134
vn 0.772008 -0.391579 -0.500670
f 4565/1/1178 4566/2/1178 4567/3/1178 4568/4/1178
usemtl white
v 0.393042 0.647000 0.354078
v 0.389385 0.633223 0.357574
v 0.378971 0.633223 0.321606
v 0.381770 0.647000 0.315147
vn 0.913366 -0.309553 -0.264460
f 4569/1/1179 4570/2/1179 4571/3/1179 4572/4/1179
usemtl white
v 0.397000 0.647000 0.400000
v 0.393042 0.633223 0.400000
v 0.389385 0.633223 0.357574
v 0.393042 0.647000 0.354078
vn 0.957835 -0.275203 -0.082561
f 4573/1/1180 4574/2/1180 4575/3/1180 4576/4/1180
usemtl white
v 0.389385 0.633223 0.442426
v 0.378971 0.621544 0.432472
v 0.381770 0.621544 0.400000
v 0.393042 0.633223 0.400000
vn 0.718155 -0.693125 0.061902
f 4577/1/1181 4578/2/1181 4579/3/1181 4580/4/1181
usemtl white
v 0.378971 0.633223 0.478394
v 0.371000 0.621544 0.460000
v 0.378971 0.621544 0.432472
v 0.389385 0.633223 0.442426
vn 0.648211 -0.737968 0.187686
f 4581/1/1182 4582/2/1182 4583/3/1182 4584/4/1182
usemtl white
v 0.363385 0.633223 0.502426
v 0.359071 0.621544 0.478394
v 0.371000 0.621544 0.460000
v 0.378971 0.633223 0.478394
vn 0.480922 -0.819413 0.311892
f 4585/1/1183 4586/2/1183 4587/3/1183 4588/4/1183
usemtl white
v 0.345000 0.633223 0.510866
v 0.345000 0.621544 0.484853
v 0.359071 0.621544 0.478394
v 0.363385 0.633223 0.502426
vn 0.184777 -0.896560 0.402539
f 4589/1/1184 4590/2/1184 4591/3/1184 4592/4/1184
usemtl white
v 0.326615 0.633223 0.502426
v 0.330929 0.621544 0.478394
v 0.345000 0.621544 0.484853
v 0.345000 0.633223 0.510866
vn -0.184777 -0.896560 0.402539
f 4593/1/1185 4594/2/1185 4595/3/1185 4596/4/1185
usemtl white
v 0.311029 0.633223 0.478394
v 0.319000 0.621544 0.460000
v 0.330929 0.621544 0.478394
v 0.326615 0.633223 0.502426
vn -0.480922 -0.819413 0.311892
f 4597/1/1186 4598/2/1186 4599/3/1186 4600/4/1186
usemtl white
v 0.300615 0.633223 0.442426
v 0.311029 0.621544 0.432472
v 0.319000 0.621544 0.460000
v 0.311029 0.633223 0.478394
vn -0.648211 -0.737968 0.187686
f 4601/1/1187 4602/2/1187 4603/3/1187 4604/4/1187
usemtl white
v 0.296958 0.633223 0.400000
v 0.308230 0.621544 0.400000
v 0.311029 0.621544 0.432472
v 0.300615 0.633223 0.442426
vn -0.718155 -0.693125 0.061902
f 4605/1/1188 4606/2/1188 4607/3/1188 4608/4/1188
usemtl white
v 0.300615 0.633223 0.357574
v 0.311029 0.621544 0.367528
v 0.308230 0.621544 0.400000
v 0.296958 0.633223 0.400000
vn -0.718155 -0.693125 -0.061902
f 4609/1/1189 4610/2/1189 4611/3/1189 4612/4/1189
usemtl white
v 0.311029 0.633223 0.321606
v 0.319000 0.621544 0.340000
v 0.311029 0.621544 0.367528
v 0.300615 0.633223 0.357574
vn -0.648211 -0.737968 -0.187686
f 4613/1/1190 4614/2/1190 4615/3/1190 4616/4/1190
usemtl white
v 0.326615 0.633223 0.297574
v 0.330929 0.621544 0.321606
v 0.319000 0.621544 0.340000
v 0.311029 0.633223 0.321606
vn -0.480922 -0.819413 -0.311892
f 4617/1/1191 4618/2/1191 4619/3/1191 4620/4/1191
usemtl white
v 0.345000 0.633223 0.289134
v 0.345000 0.621544 0.315147
v 0.330929 0.621544 0.321606
v 0.326615 0.633223 0.297574
vn -0.184777 -0.896560 -0.402539
f 4621/1/1192 4622/2/1192 4623/3/1192 4624/4/1192
usemtl white
v 0.363385 0.633223 0.297574
v 0.359071 0.621544 0.321606
v 0.345000 0.621544 0.315147
v 0.345000 0.633223 0.289134
vn 0.184777 -0.896560 -0.402539
f 4625/1/1193 4626/2/1193 4627/3/1193 4628/4/1193
usemtl white
v 0.378971 0.633223 0.321606
v 0.371000 0.621544 0.340000
v 0.359071 0.621544 0.321606
v 0.363385 0.633223 0.297574
vn 0.480922 -0.819413 -0.311892
f 4629/1/1194 4630/2/1194 4631/3/1194 4632/4/1194
usemtl white
v 0.389385 0.633223 0.357574
v 0.378971 0.621544 0.367528
v 0.371000 0.621544 0.340000
v 0.378971 0.633223 0.321606
vn 0.648211 -0.737968 -0.187686
f 4633/1/1195 4634/2/1195 4635/3/1195 4636/4/1195
usemtl white
v 0.393042 0.633223 0.400000
v 0.381770 0.621544 0.400000
v 0.378971 0.621544 0.367528
v 0.389385 0.633223 0.357574
vn 0.718155 -0.693125 -0.061902
f 4637/1/1196 4638/2/1196 4639/3/1196 4640/4/1196
usemtl white
v 0.378971 0.621544 0.432472
v 0.363385 0.613740 0.417574
v 0.364900 0.613740 0.400000
v 0.381770 0.621544 0.400000
vn 0.419567 -0.907004 0.036165
f 4641/1/1197 4642/2/1197 4643/3/1197 4644/4/1197
usemtl white
v 0.371000 0.621544 0.460000
v 0.359071 0.613740 0.432472
v 0.363385 0.613740 0.417574
v 0.378971 0.621544 0.432472
vn 0.363068 -0.925814 0.105124
f 4645/1/1198 4646/2/1198 4647/3/1198 4648/4/1198
usemtl white
v 0.359071 0.621544 0.478394
v 0.352615 0.613740 0.442426
v 0.359071 0.613740 0.432472
v 0.371000 0.621544 0.460000
vn 0.250119 -0.954531 0.162209
f 4649/1/1199 4650/2/1199 4651/3/1199 4652/4/1199
usemtl white
v 0.345000 0.621544 0.484853
v 0.345000 0.613740 0.445922
v 0.352615 0.613740 0.442426
v 0.359071 0.621544 0.478394
vn 0.089854 -0.976529 0.195749
f 4653/1/1200 4654/2/1200 4655/3/1200 4656/4/1200
usemtl white
v 0.330929 0.621544 0.478394
v 0.337385 0.613740 0.442426
v 0.345000 0.613740 0.445922
v 0.345000 0.621544 0.484853
vn -0.089854 -0.976529 0.195749
f 4657/1/1201 4658/2/1201 4659/3/1201 4660/4/1201
usemtl white
v 0.319000 0.621544 0.460000
v 0.330929 0.613740 0.432472
v 0.337385 0.613740 0.442426
v 0.330929 0.621544 0.478394
vn -0.250119 -0.954531 0.162209
f 4661/1/1202 4662/2/1202 4663/3/1202 4664/4/1202
usemtl white
v 0.311029 0.621544 0.432472
v 0.326615 0.613740 0.417574
v 0.330929 0.613740 0.432472
v 0.319000 0.621544 0.460000
vn -0.363068 -0.925814 0.105124
f 4665/1/1203 4666/2/1203 4667/3/1203 4668/4/1203
usemtl white
v 0.308230 0.621544 0.400000
v 0.325100 0.613740 0.400000
v 0.326615 0.613740 0.417574
v 0.311029 0.621544 0.432472
vn -0.419567 -0.907004 0.036165
f 4669/1/1204 4670/2/1204 4671/3/1204 4672/4/1204
usemtl white
v 0.311029 0.621544 0.367528
v 0.326615 0.613740 0.382426
v 0.325100 0.613740 0.400000
v 0.308230 0.621544 0.400000
vn -0.419567 -0.907004 -0.036165
f 4673/1/1205 4674/2/1205 4675/3/1205 4676/4/1205
usemtl white
v 0.319000 0.621544 0.340000
v 0.330929 0.613740 0.367528
v 0.326615 0.613740 0.382426
v 0.311029 0.621544 0.367528
vn -0.363068 -0.925814 -0.105124
f 4677/1/1206 4678/2/1206 4679/3/1206 4680/4/1206
usemtl white
v 0.330929 0.621544 0.321606
v 0.337385 0.613740 0.357574
v 0.330929 0.613740 0.367528
v 0.319000 0.621544 0.340000
vn -0.250119 -0.954531 -0.162209
f 4681/1/1207 4682/2/1207 4683/3/1207 4684/4/1207
usemtl white
v 0.345000 0.621544 0.315147
v 0.345000 0.613740 0.354078
v 0.337385 0.613740 0.357574
v 0.330929 0.621544 0.321606
vn -0.089854 -0.976529 -0.195749
f 4685/1/1208 4686/2/1208 4687/3/1208 4688/4/1208
usemtl white
v 0.359071 0.621544 0.321606
v 0.352615 0.613740 0.357574
v 0.345000 0.613740 0.354078
v 0.345000 0.621544 0.315147
vn 0.089854 -0.976529 -0.195749
f 4689/1/1209 4690/2/1209 4691/3/1209 4692/4/1209
usemtl white
v 0.371000 0.621544 0.340000
v 0.359071 0.613740 0.367528
v 0.352615 0.613740 0.357574
v 0.359071 0.621544 0.321606
vn 0.250119 -0.954531 -0.162209
f 4693/1/1210 4694/2/1210 4695/3/1210 4696/4/1210
usemtl white
v 0.378971 0.621544 0.367528
v 0.363385 0.613740 0.382426
v 0.359071 0.613740 0.367528
v 0.371000 0.621544 0.340000
vn 0.363068 -0.925814 -0.105124
f 4697/1/1211 4698/2/1211 4699/3/1211 4700/4/1211
usemtl white
v 0.381770 0.621544 0.400000
v 0.364900 0.613740 0.400000
v 0.363385 0.613740 0.382426
v 0.378971 0.621544 0.367528
vn 0.419567 -0.907004 -0.036165
f 4701/1/1212 4702/2/1212 4703/3/1212 4704/4/1212
usemtl white
v 0.363385 0.613740 0.417574
v 0.345000 0.611000 0.400000
v 0.364900 0.613740 0.400000
vn 0.136412 -0.990582 0.011758
f 4705/1/1213 4706/2/1213 4707/3/1213
usemtl white
v 0.359071 0.613740 0.432472
v 0.345000 0.611000 0.400000
v 0.363385 0.613740 0.417574
vn 0.115891 -0.992695 0.033556
f 4708/1/1214 4709/2/1214 4710/3/1214
usemtl white
v 0.352615 0.613740 0.442426
v 0.345000 0.611000 0.400000
v 0.359071 0.613740 0.432472
vn 0.077671 -0.995706 0.050372
f 4711/1/1215 4712/2/1215 4713/3/1215
usemtl white
v 0.345000 0.613740 0.445922
v 0.345000 0.611000 0.400000
v 0.352615 0.613740 0.442426
vn 0.027333 -0.997851 0.059545
f 4714/1/1216 4715/2/1216 4716/3/1216
usemtl white
v 0.337385 0.613740 0.442426
v 0.345000 0.611000 0.400000
v 0.345000 0.613740 0.445922
vn -0.027333 -0.997851 0.059545
f 4717/1/1217 4718/2/1217 4719/3/1217
usemtl white
v 0.330929 0.613740 0.432472
v 0.345000 0.611000 0.400000
v 0.337385 0.613740 0.442426
vn -0.077671 -0.995706 0.050372
f 4720/1/1218 4721/2/1218 4722/3/1218
usemtl white
v 0.326615 0.613740 0.417574
v 0.345000 0.611000 0.400000
v 0.330929 0.613740 0.432472
vn -0.115891 -0.992695 0.033556
f 4723/1/1219 4724/2/1219 4725/3/1219
usemtl white
v 0.325100 0.613740 0.400000
v 0.345000 0.611000 0.400000
v 0.326615 0.613740 0.417574
vn -0.136412 -0.990582 0.011758
f 4726/1/1220 4727/2/1220 4728/3/1220
usemtl white
v 0.326615 0.613740 0.382426
v 0.345000 0.611000 0.400000
v 0.325100 0.613740 0.400000
vn -0.136412 -0.990582 -0.011758
f 4729/1/1221 4730/2/1221 4731/3/1221
usemtl white
v 0.330929 0.613740 0.367528
v 0.345000 0.611000 0.400000
v 0.326615 0.613740 0.382426
vn -0.115891 -0.992695 -0.033556
f 4732/1/1222 4733/2/1222 4734/3/1222
usemtl white
v 0.337385 0.613740 0.357574
v 0.345000 0.611000 0.400000
v 0.330929 0.613740 0.367528
vn -0.077671 -0.995706 -0.050372
f 4735/1/1223 4736/2/1223 4737/3/1223
usemtl white
v 0.345000 0.613740 0.354078
v 0.345000 0.611000 0.400000
v 0.337385 0.613740 0.357574
vn -0.027333 -0.997851 -0.059545
f 4738/1/1224 4739/2/1224 4740/3/1224
usemtl white
v 0.352615 0.613740 0.357574
v 0.345000 0.611000 0.400000
v 0.345000 0.613740 0.354078
vn 0.027333 -0.997851 -0.059545
f 4741/1/1225 4742/2/1225 4743/3/1225
usemtl white
v 0.359071 0.613740 0.367528
v 0.345000 0.611000 0.400000
v 0.352615 0.613740 0.357574
vn 0.077671 -0.995706 -0.050372
f 4744/1/1226 4745/2/1226 4746/3/1226
usemtl white
v 0.363385 0.613740 0.382426
v 0.345000 0.611000 0.400000
v 0.359071 0.613740 0.367528
vn 0.115891 -0.992695 -0.033556
f 4747/1/1227 4748/2/1227 4749/3/1227
usemtl white
v 0.364900 0.613740 0.400000
v 0.345000 0.611000 0.400000
v 0.363385 0.613740 0.382426
vn 0.136412 -0.990582 -0.011758
f 4750/1/1228 4751/2/1228 4752/3/1228
usemtl silver
v 0.260000 0.465000 0.329000
v 0.260000 0.510000 0.329000
v 0.260000 0.510000 0.320000
v 0.260000 0.465000 0.320000
vn -1.000000 -0.000000 -0.000000
f 4753/1/1229 4754/2/1229 4755/3/1229 4756/4/1229
usemtl silver
v 0.270000 0.465000 0.320000
v 0.270000 0.510000 0.320000
v 0.270000 0.510000 0.329000
v 0.270000 0.465000 0.329000
vn 1.000000 0.000000 0.000000
f 4757/1/1230 4758/2/1230 4759/3/1230 4760/4/1230
usemtl silver
v 0.260000 0.465000 0.320000
v 0.270000 0.465000 0.320000
v 0.270000 0.465000 0.329000
v 0.260000 0.465000 0.329000
vn 0.000000 -1.000000 0.000000
f 4761/1/1231 4762/2/1231 4763/3/1231 4764/4/1231
usemtl silver
v 0.260000 0.510000 0.329000
v 0.270000 0.510000 0.329000
v 0.270000 0.510000 0.320000
v 0.260000 0.510000 0.320000
vn -0.000000 1.000000 -0.000000
f 4765/1/1232 4766/2/1232 4767/3/1232 4768/4/1232
usemtl silver
v 0.260000 0.510000 0.320000
v 0.270000 0.510000 0.320000
v 0.270000 0.465000 0.320000
v 0.260000 0.465000 0.320000
vn -0.000000 -0.000000 -1.000000
f 4769/1/1233 4770/2/1233 4771/3/1233 4772/4/1233
usemtl silver
v 0.260000 0.465000 0.329000
v 0.270000 0.465000 0.329000
v 0.270000 0.510000 0.329000
v 0.260000 0.510000 0.329000
vn 0.000000 0.000000 1.000000
f 4773/1/1234 4774/2/1234 4775/3/1234 4776/4/1234
usemtl silver
v 0.260000 0.465000 0.366000
v 0.260000 0.510000 0.366000
v 0.260000 0.510000 0.357000
v 0.260000 0.465000 0.357000
vn -1.000000 -0.000000 -0.000000
f 4777/1/1235 4778/2/1235 4779/3/1235 4780/4/1235
usemtl silver
v 0.270000 0.465000 0.357000
v 0.270000 0.510000 0.357000
v 0.270000 0.510000 0.366000
v 0.270000 0.465000 0.366000
vn 1.000000 0.000000 0.000000
f 4781/1/1236 4782/2/1236 4783/3/1236 4784/4/1236
usemtl silver
v 0.260000 0.465000 0.357000
v 0.270000 0.465000 0.357000
v 0.270000 0.465000 0.366000
v 0.260000 0.465000 0.366000
vn 0.000000 -1.000000 0.000000
f 4785/1/1237 4786/2/1237 4787/3/1237 4788/4/1237
usemtl silver
v 0.260000 0.510000 0.366000
v 0.270000 0.510000 0.366000
v 0.270000 0.510000 0.357000
v 0.260000 0.510000 0.357000
vn -0.000000 1.000000 -0.000000
f 4789/1/1238 4790/2/1238 4791/3/1238 4792/4/1238
usemtl silver
v 0.260000 0.510000 0.357000
v 0.270000 0.510000 0.357000
v 0.270000 0.465000 0.357000
v 0.260000 0.465000 0.357000
vn -0.000000 -0.000000 -1.000000
f 4793/1/1239 4794/2/1239 4795/3/1239 4796/4/1239
usemtl silver
v 0.260000 0.465000 0.366000
v 0.270000 0.465000 0.366000
v 0.270000 0.510000 0.366000
v 0.260000 0.510000 0.366000
vn 0.000000 0.000000 1.000000
f 4797/1/1240 4798/2/1240 4799/3/1240 4800/4/1240
usemtl silver
v 0.260000 0.465000 0.403000
v 0.260000 0.510000 0.403000
v 0.260000 0.510000 0.394000
v 0.260000 0.465000 0.394000
vn -1.000000 -0.000000 -0.000000
f 4801/1/1241 4802/2/1241 4803/3/1241 4804/4/1241
usemtl silver
v 0.270000 0.465000 0.394000
v 0.270000 0.510000 0.394000
v 0.270000 0.510000 0.403000
v 0.270000 0.465000 0.403000
vn 1.000000 0.000000 0.000000
f 4805/1/1242 4806/2/1242 4807/3/1242 4808/4/1242
usemtl silver
v 0.260000 0.465000 0.394000
v 0.270000 0.465000 0.394000
v 0.270000 0.465000 0.403000
v 0.260000 0.465000 0.403000
vn 0.000000 -1.000000 0.000000
f 4809/1/1243 4810/2/1243 4811/3/1243 4812/4/1243
usemtl silver
v 0.260000 0.510000 0.403000
v 0.270000 0.510000 0.403000
v 0.270000 0.510000 0.394000
v 0.260000 0.510000 0.394000
vn -0.000000 1.000000 -0.000000
f 4813/1/1244 4814/2/1244 4815/3/1244 4816/4/1244
usemtl silver
v 0.260000 0.510000 0.394000
v 0.270000 0.510000 0.394000
v 0.270000 0.465000 0.394000
v 0.260000 0.465000 0.394000
vn -0.000000 -0.000000 -1.000000
f 4817/1/1245 4818/2/1245 4819/3/1245 4820/4/1245
usemtl silver
v 0.260000 0.465000 0.403000
v 0.270000 0.465000 0.403000
v 0.270000 0.510000 0.403000
v 0.260000 0.510000 0.403000
vn 0.000000 0.000000 1.000000
f 4821/1/1246 4822/2/1246 4823/3/1246 4824/4/1246
usemtl silver
v 0.260000 0.465000 0.440000
v 0.260000 0.510000 0.440000
v 0.260000 0.510000 0.431000
v 0.260000 0.465000 0.431000
vn -1.000000 -0.000000 -0.000000
f 4825/1/1247 4826/2/1247 4827/3/1247 4828/4/1247
usemtl silver
v 0.270000 0.465000 0.431000
v 0.270000 0.510000 0.431000
v 0.270000 0.510000 0.440000
v 0.270000 0.465000 0.440000
vn 1.000000 0.000000 0.000000
f 4829/1/1248 4830/2/1248 4831/3/1248 4832/4/1248
usemtl silver
v 0.260000 0.465000 0.431000
v 0.270000 0.465000 0.431000
v 0.270000 0.465000 0.440000
v 0.260000 0.465000 0.440000
vn 0.000000 -1.000000 0.000000
f 4833/1/1249 4834/2/1249 4835/3/1249 4836/4/1249
usemtl silver
v 0.260000 0.510000 0.440000
v 0.270000 0.510000 0.440000
v 0.270000 0.510000 0.431000
v 0.260000 0.510000 0.431000
vn -0.000000 1.000000 -0.000000
f 4837/1/1250 4838/2/1250 4839/3/1250 4840/4/1250
usemtl silver
v 0.260000 0.510000 0.431000
v 0.270000 0.510000 0.431000
v 0.270000 0.465000 0.431000
v 0.260000 0.465000 0.431000
vn -0.000000 -0.000000 -1.000000
f 4841/1/1251 4842/2/1251 4843/3/1251 4844/4/1251
usemtl silver
v 0.260000 0.465000 0.440000
v 0.270000 0.465000 0.440000
v 0.270000 0.510000 0.440000
v 0.260000 0.510000 0.440000
vn 0.000000 0.000000 1.000000
f 4845/1/1252 4846/2/1252 4847/3/1252 4848/4/1252
usemtl white
v 0.264000 0.482000 0.526000
v 0.264000 0.499000 0.526000
v 0.264000 0.499000 0.490000
v 0.264000 0.482000 0.490000
vn -1.000000 -0.000000 -0.000000
f 4849/1/1253 4850/2/1253 4851/3/1253 4852/4/1253
usemtl white
v 0.276000 0.482000 0.490000
v 0.276000 0.499000 0.490000
v 0.276000 0.499000 0.526000
v 0.276000 0.482000 0.526000
vn 1.000000 0.000000 0.000000
f 4853/1/1254 4854/2/1254 4855/3/1254 4856/4/1254
usemtl white
v 0.264000 0.482000 0.490000
v 0.276000 0.482000 0.490000
v 0.276000 0.482000 0.526000
v 0.264000 0.482000 0.526000
vn 0.000000 -1.000000 0.000000
f 4857/1/1255 4858/2/1255 4859/3/1255 4860/4/1255
usemtl white
v 0.264000 0.499000 0.526000
v 0.276000 0.499000 0.526000
v 0.276000 0.499000 0.490000
v 0.264000 0.499000 0.490000
vn -0.000000 1.000000 -0.000000
f 4861/1/1256 4862/2/1256 4863/3/1256 4864/4/1256
usemtl white
v 0.264000 0.499000 0.490000
v 0.276000 0.499000 0.490000
v 0.276000 0.482000 0.490000
v 0.264000 0.482000 0.490000
vn -0.000000 -0.000000 -1.000000
f 4865/1/1257 4866/2/1257 4867/3/1257 4868/4/1257
usemtl white
v 0.264000 0.482000 0.526000
v 0.276000 0.482000 0.526000
v 0.276000 0.499000 0.526000
v 0.264000 0.499000 0.526000
vn 0.000000 0.000000 1.000000
f 4869/1/1258 4870/2/1258 4871/3/1258 4872/4/1258
usemtl black
v 0.719485 0.561139 0.423139
v 0.720184 0.561139 0.400000
v 0.711000 0.567000 0.400000
vn 0.537892 0.842857 0.016252
f 4873/1/1259 4874/2/1259 4875/3/1259
usemtl black
v 0.717494 0.561139 0.442754
v 0.719485 0.561139 0.423139
v 0.711000 0.567000 0.400000
vn 0.475290 0.878506 0.048240
f 4876/1/1260 4877/2/1260 4878/3/1260
usemtl black
v 0.714515 0.561139 0.455861
v 0.717494 0.561139 0.442754
v 0.711000 0.567000 0.400000
vn 0.338956 0.937641 0.077056
f 4879/1/1261 4880/2/1261 4881/3/1261
usemtl black
v 0.711000 0.561139 0.460464
v 0.714515 0.561139 0.455861
v 0.711000 0.567000 0.400000
vn 0.125352 0.987483 0.095725
f 4882/1/1262 4883/2/1262 4884/3/1262
usemtl black
v 0.707485 0.561139 0.455861
v 0.711000 0.561139 0.460464
v 0.711000 0.567000 0.400000
vn -0.125352 0.987483 0.095725
f 4885/1/1263 4886/2/1263 4887/3/1263
usemtl black
v 0.704506 0.561139 0.442754
v 0.707485 0.561139 0.455861
v 0.711000 0.567000 0.400000
vn -0.338956 0.937641 0.077056
f 4888/1/1264 4889/2/1264 4890/3/1264
usemtl black
v 0.702515 0.561139 0.423139
v 0.704506 0.561139 0.442754
v 0.711000 0.567000 0.400000
vn -0.475290 0.878506 0.048240
f 4891/1/1265 4892/2/1265 4893/3/1265
usemtl black
v 0.701816 0.561139 0.400000
v 0.702515 0.561139 0.423139
v 0.711000 0.567000 0.400000
vn -0.537892 0.842857 0.016252
f 4894/1/1266 4895/2/1266 4896/3/1266
usemtl black
v 0.702515 0.561139 0.376861
v 0.701816 0.561139 0.400000
v 0.711000 0.567000 0.400000
vn -0.537892 0.842857 -0.016252
f 4897/1/1267 4898/2/1267 4899/3/1267
usemtl black
v 0.704506 0.561139 0.357246
v 0.702515 0.561139 0.376861
v 0.711000 0.567000 0.400000
vn -0.475290 0.878506 -0.048240
f 4900/1/1268 4901/2/1268 4902/3/1268
usemtl black
v 0.707485 0.561139 0.344139
v 0.704506 0.561139 0.357246
v 0.711000 0.567000 0.400000
vn -0.338956 0.937641 -0.077056
f 4903/1/1269 4904/2/1269 4905/3/1269
usemtl black
v 0.711000 0.561139 0.339536
v 0.707485 0.561139 0.344139
v 0.711000 0.567000 0.400000
vn -0.125352 0.987483 -0.095725
f 4906/1/1270 4907/2/1270 4908/3/1270
usemtl black
v 0.714515 0.561139 0.344139
v 0.711000 0.561139 0.339536
v 0.711000 0.567000 0.400000
vn 0.125352 0.987483 -0.095725
f 4909/1/1271 4910/2/1271 4911/3/1271
usemtl black
v 0.717494 0.561139 0.357246
v 0.714515 0.561139 0.344139
v 0.711000 0.567000 0.400000
vn 0.338956 0.937641 -0.077056
f 4912/1/1272 4913/2/1272 4914/3/1272
usemtl black
v 0.719485 0.561139 0.376861
v 0.717494 0.561139 0.357246
v 0.711000 0.567000 0.400000
vn 0.475290 0.878506 -0.048240
f 4915/1/1273 4916/2/1273 4917/3/1273
usemtl black
v 0.720184 0.561139 0.400000
v 0.719485 0.561139 0.376861
v 0.711000 0.567000 0.400000
vn 0.537892 0.842857 -0.016252
f 4918/1/1274 4919/2/1274 4920/3/1274
usemtl black
v 0.719485 0.561139 0.423139
v 0.726679 0.544447 0.442754
v 0.727971 0.544447 0.400000
v 0.720184 0.561139 0.400000
vn 0.905910 0.422584 0.027372
f 4921/1/1275 4922/2/1275 4923/3/1275 4924/4/1275
usemtl black
v 0.717494 0.561139 0.442754
v 0.723000 0.544447 0.479000
v 0.726679 0.544447 0.442754
v 0.719485 0.561139 0.423139
vn 0.872682 0.480188 0.088573
f 4925/1/1276 4926/2/1276 4927/3/1276 4928/4/1276
usemtl black
v 0.714515 0.561139 0.455861
v 0.717494 0.544447 0.503218
v 0.723000 0.544447 0.479000
v 0.717494 0.561139 0.442754
vn 0.760323 0.626125 0.172846
f 4929/1/1277 4930/2/1277 4931/3/1277 4932/4/1277
usemtl black
v 0.711000 0.561139 0.460464
v 0.711000 0.544447 0.511723
v 0.717494 0.544447 0.503218
v 0.714515 0.561139 0.455861
vn 0.375749 0.881180 0.286940
f 4933/1/1278 4934/2/1278 4935/3/1278 4936/4/1278
usemtl black
v 0.707485 0.561139 0.455861
v 0.704506 0.544447 0.503218
v 0.711000 0.544447 0.511723
v 0.711000 0.561139 0.460464
vn -0.375749 0.881180 0.286940
f 4937/1/1279 4938/2/1279 4939/3/1279 4940/4/1279
usemtl black
v 0.704506 0.561139 0.442754
v 0.699000 0.544447 0.479000
v 0.704506 0.544447 0.503218
v 0.707485 0.561139 0.455861
vn -0.760323 0.626125 0.172846
f 4941/1/1280 4942/2/1280 4943/3/1280 4944/4/1280
usemtl black
v 0.702515 0.561139 0.423139
v 0.695321 0.544447 0.442754
v 0.699000 0.544447 0.479000
v 0.704506 0.561139 0.442754
vn -0.872682 0.480188 0.088573
f 4945/1/1281 4946/2/1281 4947/3/1281 4948/4/1281
usemtl black
v 0.701816 0.561139 0.400000
v 0.694029 0.544447 0.400000
v 0.695321 0.544447 0.442754
v 0.702515 0.561139 0.423139
vn -0.905910 0.422584 0.027372
f 4949/1/1282 4950/2/1282 4951/3/1282 4952/4/1282
usemtl black
v 0.702515 0.561139 0.376861
v 0.695321 0.544447 0.357246
v 0.694029 0.544447 0.400000
v 0.701816 0.561139 0.400000
vn -0.905910 0.422584 -0.027372
f 4953/1/1283 4954/2/1283 4955/3/1283 4956/4/1283
usemtl black
v 0.704506 0.561139 0.357246
v 0.699000 0.544447 0.321000
v 0.695321 0.544447 0.357246
v 0.702515 0.561139 0.376861
vn -0.872682 0.480188 -0.088573
f 4957/1/1284 4958/2/1284 4959/3/1284 4960/4/1284
usemtl black
v 0.707485 0.561139 0.344139
v 0.704506 0.544447 0.296782
v 0.699000 0.544447 0.321000
v 0.704506 0.561139 0.357246
vn -0.760323 0.626125 -0.172846
f 4961/1/1285 4962/2/1285 4963/3/1285 4964/4/1285
usemtl black
v 0.711000 0.561139 0.339536
v 0.711000 0.544447 0.288277
v 0.704506 0.544447 0.296782
v 0.707485 0.561139 0.344139
vn -0.375749 0.881180 -0.286940
f 4965/1/1286 4966/2/1286 4967/3/1286 4968/4/1286
usemtl black
v 0.714515 0.561139 0.344139
v 0.717494 0.544447 0.296782
v 0.711000 0.544447 0.288277
v 0.711000 0.561139 0.339536
vn 0.375749 0.881180 -0.286940
f 4969/1/1287 4970/2/1287 4971/3/1287 4972/4/1287
usemtl black
v 0.717494 0.561139 0.357246
v 0.723000 0.544447 0.321000
v 0.717494 0.544447 0.296782
v 0.714515 0.561139 0.344139
vn 0.760323 0.626125 -0.172846
f 4973/1/1288 4974/2/1288 4975/3/1288 4976/4/1288
usemtl black
v 0.719485 0.561139 0.376861
v 0.726679 0.544447 0.357246
v 0.723000 0.544447 0.321000
v 0.717494 0.561139 0.357246
vn 0.872682 0.480188 -0.088573
f 4977/1/1289 4978/2/1289 4979/3/1289 4980/4/1289
usemtl black
v 0.720184 0.561139 0.400000
v 0.727971 0.544447 0.400000
v 0.726679 0.544447 0.357246
v 0.719485 0.561139 0.376861
vn 0.905910 0.422584 -0.027372
f 4981/1/1290 4982/2/1290 4983/3/1290 4984/4/1290
usemtl black
v 0.726679 0.544447 0.442754
v 0.731485 0.519467 0.455861
v 0.733173 0.519467 0.400000
v 0.727971 0.544447 0.400000
vn 0.978566 0.203800 0.029567
f 4985/1/1291 4986/2/1291 4987/3/1291 4988/4/1291
usemtl black
v 0.723000 0.544447 0.479000
v 0.726679 0.519467 0.503218
v 0.731485 0.519467 0.455861
v 0.726679 0.544447 0.442754
vn 0.966442 0.237420 0.098090
f 4989/1/1292 4990/2/1292 4991/3/1292 4992/4/1292
usemtl black
v 0.717494 0.544447 0.503218
v 0.719485 0.519467 0.534861
v 0.726679 0.519467 0.503218
v 0.723000 0.544447 0.479000
vn 0.917912 0.337481 0.208671
f 4993/1/1293 4994/2/1293 4995/3/1293 4996/4/1293
usemtl black
v 0.711000 0.544447 0.511723
v 0.711000 0.519467 0.545973
v 0.719485 0.519467 0.534861
v 0.717494 0.544447 0.503218
vn 0.610917 0.639637 0.466525
f 4997/1/1294 4998/2/1294 4999/3/1294 5000/4/1294
usemtl black
v 0.704506 0.544447 0.503218
v 0.702515 0.519467 0.534861
v 0.711000 0.519467 0.545973
v 0.711000 0.544447 0.511723
vn -0.610917 0.639637 0.466525
f 5001/1/1295 5002/2/1295 5003/3/1295 5004/4/1295
usemtl black
v 0.699000 0.544447 0.479000
v 0.695321 0.519467 0.503218
v 0.702515 0.519467 0.534861
v 0.704506 0.544447 0.503218
vn -0.917912 0.337481 0.208671
f 5005/1/1296 5006/2/1296 5007/3/1296 5008/4/1296
usemtl black
v 0.695321 0.544447 0.442754
v 0.690515 0.519467 0.455861
v 0.695321 0.519467 0.503218
v 0.699000 0.544447 0.479000
vn -0.966442 0.237420 0.098090
f 5009/1/1297 5010/2/1297 5011/3/1297 5012/4/1297
usemtl black
v 0.694029 0.544447 0.400000
v 0.688827 0.519467 0.400000
v 0.690515 0.519467 0.455861
v 0.695321 0.544447 0.442754
vn -0.978566 0.203800 0.029567
f 5013/1/1298 5014/2/1298 5015/3/1298 5016/4/1298
usemtl black
v 0.695321 0.544447 0.357246
v 0.690515 0.519467 0.344139
v 0.688827 0.519467 0.400000
v 0.694029 0.544447 0.400000
vn -0.978566 0.203800 -0.029567
f 5017/1/1299 5018/2/1299 5019/3/1299 5020/4/1299
usemtl black
v 0.699000 0.544447 0.321000
v 0.695321 0.519467 0.296782
v 0.690515 0.519467 0.344139
v 0.695321 0.544447 0.357246
vn -0.966442 0.237420 -0.098090
f 5021/1/1300 5022/2/1300 5023/3/1300 5024/4/1300
usemtl black
v 0.704506 0.544447 0.296782
v 0.702515 0.519467 0.265139
v 0.695321 0.519467 0.296782
v 0.699000 0.544447 0.321000
vn -0.917912 0.337481 -0.208671
f 5025/1/1301 5026/2/1301 5027/3/1301 5028/4/1301
usemtl black
v 0.711000 0.544447 0.288277
v 0.711000 0.519467 0.254027
v 0.702515 0.519467 0.265139
v 0.704506 0.544447 0.296782
vn -0.610917 0.639637 -0.466525
f 5029/1/1302 5030/2/1302 5031/3/1302 5032/4/1302
usemtl black
v 0.717494 0.544447 0.296782
v 0.719485 0.519467 0.265139
v 0.711000 0.519467 0.254027
v 0.711000 0.544447 0.288277
vn 0.610917 0.639637 -0.466525
f 5033/1/1303 5034/2/1303 5035/3/1303 5036/4/1303
usemtl black
v 0.723000 0.544447 0.321000
v 0.726679 0.519467 0.296782
v 0.719485 0.519467 0.265139
v 0.717494 0.544447 0.296782
vn 0.917912 0.337481 -0.208671
f 5037/1/1304 5038/2/1304 5039/3/1304 5040/4/1304
usemtl black
v 0.726679 0.544447 0.357246
v 0.731485 0.519467 0.344139
v 0.726679 0.519467 0.296782
v 0.723000 0.544447 0.321000
vn 0.966442 0.237420 -0.098090
f 5041/1/1305 5042/2/1305 5043/3/1305 5044/4/1305
usemtl black
v 0.727971 0.544447 0.400000
v 0.733173 0.519467 0.400000
v 0.731485 0.519467 0.344139
v 0.726679 0.544447 0.357246
vn 0.978566 0.203800 -0.029567
f 5045/1/1306 5046/2/1306 5047/3/1306 5048/4/1306
usemtl black
v 0.731485 0.519467 0.455861
v 0.733173 0.490000 0.460464
v 0.735000 0.490000 0.400000
v 0.733173 0.519467 0.400000
vn 0.997630 0.061852 0.030143
f 5049/1/1307 5050/2/1307 5051/3/1307 5052/4/1307
usemtl black
v 0.726679 0.519467 0.503218
v 0.727971 0.490000 0.511723
v 0.733173 0.490000 0.460464
v 0.731485 0.519467 0.455861
vn 0.992266 0.072567 0.100711
f 5053/1/1308 5054/2/1308 5055/3/1308 5056/4/1308
usemtl black
v 0.719485 0.519467 0.534861
v 0.720184 0.490000 0.545973
v 0.727971 0.490000 0.511723
v 0.726679 0.519467 0.503218
vn 0.969614 0.106125 0.220425
f 5057/1/1309 5058/2/1309 5059/3/1309 5060/4/1309
usemtl black
v 0.711000 0.519467 0.545973
v 0.711000 0.490000 0.558000
v 0.720184 0.490000 0.545973
v 0.719485 0.519467 0.534861
vn 0.771447 0.240451 0.589112
f 5061/1/1310 5062/2/1310 5063/3/1310 5064/4/1310
usemtl black
v 0.702515 0.519467 0.534861
v 0.701816 0.490000 0.545973
v 0.711000 0.490000 0.558000
v 0.711000 0.519467 0.545973
vn -0.771447 0.240451 0.589112
f 5065/1/1311 5066/2/1311 5067/3/1311 5068/4/1311
usemtl black
v 0.695321 0.519467 0.503218
v 0.694029 0.490000 0.511723
v 0.701816 0.490000 0.545973
v 0.702515 0.519467 0.534861
vn -0.969614 0.106125 0.220425
f 5069/1/1312 5070/2/1312 5071/3/1312 5072/4/1312
usemtl black
v 0.690515 0.519467 0.455861
v 0.688827 0.490000 0.460464
v 0.694029 0.490000 0.511723
v 0.695321 0.519467 0.503218
vn -0.992266 0.072567 0.100711
f 5073/1/1313 5074/2/1313 5075/3/1313 5076/4/1313
usemtl black
v 0.688827 0.519467 0.400000
v 0.687000 0.490000 0.400000
v 0.688827 0.490000 0.460464
v 0.690515 0.519467 0.455861
vn -0.997630 0.061852 0.030143
f 5077/1/1314 5078/2/1314 5079/3/1314 5080/4/1314
usemtl black
v 0.690515 0.519467 0.344139
v 0.688827 0.490000 0.339536
v 0.687000 0.490000 0.400000
v 0.688827 0.519467 0.400000
vn -0.997630 0.061852 -0.030143
f 5081/1/1315 5082/2/1315 5083/3/1315 5084/4/1315
usemtl black
v 0.695321 0.519467 0.296782
v 0.694029 0.490000 0.288277
v 0.688827 0.490000 0.339536
v 0.690515 0.519467 0.344139
vn -0.992266 0.072567 -0.100711
f 5085/1/1316 5086/2/1316 5087/3/1316 5088/4/1316
usemtl black
v 0.702515 0.519467 0.265139
v 0.701816 0.490000 0.254027
v 0.694029 0.490000 0.288277
v 0.695321 0.519467 0.296782
vn -0.969614 0.106125 -0.220425
f 5089/1/1317 5090/2/1317 5091/3/1317 5092/4/1317
usemtl black
v 0.711000 0.519467 0.254027
v 0.711000 0.490000 0.242000
v 0.701816 0.490000 0.254027
v 0.702515 0.519467 0.265139
vn -0.771447 0.240451 -0.589112
f 5093/1/1318 5094/2/1318 5095/3/1318 5096/4/1318
usemtl black
v 0.719485 0.519467 0.265139
v 0.720184 0.490000 0.254027
v 0.711000 0.490000 0.242000
v 0.711000 0.519467 0.254027
vn 0.771447 0.240451 -0.589112
f 5097/1/1319 5098/2/1319 5099/3/1319 5100/4/1319
usemtl black
v 0.726679 0.519467 0.296782
v 0.727971 0.490000 0.288277
v 0.720184 0.490000 0.254027
v 0.719485 0.519467 0.265139
vn 0.969614 0.106125 -0.220425
f 5101/1/1320 5102/2/1320 5103/3/1320 5104/4/1320
usemtl black
v 0.731485 0.519467 0.344139
v 0.733173 0.490000 0.339536
v 0.727971 0.490000 0.288277
v 0.726679 0.519467 0.296782
vn 0.992266 0.072567 -0.100711
f 5105/1/1321 5106/2/1321 5107/3/1321 5108/4/1321
usemtl black
v 0.733173 0.519467 0.400000
v 0.735000 0.490000 0.400000
v 0.733173 0.490000 0.339536
v 0.731485 0.519467 0.344139
vn 0.997630 0.061852 -0.030143
f 5109/1/1322 5110/2/1322 5111/3/1322 5112/4/1322
usemtl black
v 0.733173 0.490000 0.460464
v 0.731485 0.460533 0.455861
v 0.733173 0.460533 0.400000
v 0.735000 0.490000 0.400000
vn 0.997630 -0.061852 0.030143
f 5113/1/1323 5114/2/1323 5115/3/1323 5116/4/1323
usemtl black
v 0.727971 0.490000 0.511723
v 0.726679 0.460533 0.503218
v 0.731485 0.460533 0.455861
v 0.733173 0.490000 0.460464
vn 0.992266 -0.072567 0.100711
f 5117/1/1324 5118/2/1324 5119/3/1324 5120/4/1324
usemtl black
v 0.720184 0.490000 0.545973
v 0.719485 0.460533 0.534861
v 0.726679 0.460533 0.503218
v 0.727971 0.490000 0.511723
vn 0.969614 -0.106125 0.220425
f 5121/1/1325 5122/2/1325 5123/3/1325 5124/4/1325
usemtl black
v 0.711000 0.490000 0.558000
v 0.711000 0.460533 0.545973
v 0.719485 0.460533 0.534861
v 0.720184 0.490000 0.545973
vn 0.771447 -0.240451 0.589112
f 5125/1/1326 5126/2/1326 5127/3/1326 5128/4/1326
usemtl black
v 0.701816 0.490000 0.545973
v 0.702515 0.460533 0.534861
v 0.711000 0.460533 0.545973
v 0.711000 0.490000 0.558000
vn -0.771447 -0.240451 0.589112
f 5129/1/1327 5130/2/1327 5131/3/1327 5132/4/1327
usemtl black
v 0.694029 0.490000 0.511723
v 0.695321 0.460533 0.503218
v 0.702515 0.460533 0.534861
v 0.701816 0.490000 0.545973
vn -0.969614 -0.106125 0.220425
f 5133/1/1328 5134/2/1328 5135/3/1328 5136/4/1328
usemtl black
v 0.688827 0.490000 0.460464
v 0.690515 0.460533 0.455861
v 0.695321 0.460533 0.503218
v 0.694029 0.490000 0.511723
vn -0.992266 -0.072567 0.100711
f 5137/1/1329 5138/2/1329 5139/3/1329 5140/4/1329
usemtl black
v 0.687000 0.490000 0.400000
v 0.688827 0.460533 0.400000
v 0.690515 0.460533 0.455861
v 0.688827 0.490000 0.460464
vn -0.997630 -0.061852 0.030143
f 5141/1/1330 5142/2/1330 5143/3/1330 5144/4/1330
usemtl black
v 0.688827 0.490000 0.339536
v 0.690515 0.460533 0.344139
v 0.688827 0.460533 0.400000
v 0.687000 0.490000 0.400000
vn -0.997630 -0.061852 -0.030143
f 5145/1/1331 5146/2/1331 5147/3/1331 5148/4/1331
usemtl black
v 0.694029 0.490000 0.288277
v 0.695321 0.460533 0.296782
v 0.690515 0.460533 0.344139
v 0.688827 0.490000 0.339536
vn -0.992266 -0.072567 -0.100711
f 5149/1/1332 5150/2/1332 5151/3/1332 5152/4/1332
usemtl black
v 0.701816 0.490000 0.254027
v 0.702515 0.460533 0.265139
v 0.695321 0.460533 0.296782
v 0.694029 0.490000 0.288277
vn -0.969614 -0.106125 -0.220425
f 5153/1/1333 5154/2/1333 5155/3/1333 5156/4/1333
usemtl black
v 0.711000 0.490000 0.242000
v 0.711000 0.460533 0.254027
v 0.702515 0.460533 0.265139
v 0.701816 0.490000 0.254027
vn -0.771447 -0.240451 -0.589112
f 5157/1/1334 5158/2/1334 5159/3/1334 5160/4/1334
usemtl black
v 0.720184 0.490000 0.254027
v 0.719485 0.460533 0.265139
v 0.711000 0.460533 0.254027
v 0.711000 0.490000 0.242000
vn 0.771447 -0.240451 -0.589112
f 5161/1/1335 5162/2/1335 5163/3/1335 5164/4/1335
usemtl black
v 0.727971 0.490000 0.288277
v 0.726679 0.460533 0.296782
v 0.719485 0.460533 0.265139
v 0.720184 0.490000 0.254027
vn 0.969614 -0.106125 -0.220425
f 5165/1/1336 5166/2/1336 5167/3/1336 5168/4/1336
usemtl black
v 0.733173 0.490000 0.339536
v 0.731485 0.460533 0.344139
v 0.726679 0.460533 0.296782
v 0.727971 0.490000 0.288277
vn 0.992266 -0.072567 -0.100711
f 5169/1/1337 5170/2/1337 5171/3/1337 5172/4/1337
usemtl black
v 0.735000 0.490000 0.400000
v 0.733173 0.460533 0.400000
v 0.731485 0.460533 0.344139
v 0.733173 0.490000 0.339536
vn 0.997630 -0.061852 -0.030143
f 5173/1/1338 5174/2/1338 5175/3/1338 5176/4/1338
usemtl black
v 0.731485 0.460533 0.455861
v 0.726679 0.435553 0.442754
v 0.727971 0.435553 0.400000
v 0.733173 0.460533 0.400000
vn 0.978566 -0.203800 0.029567
f 5177/1/1339 5178/2/1339 5179/3/1339 5180/4/1339
usemtl black
v 0.726679 0.460533 0.503218
v 0.723000 0.435553 0.479000
v 0.726679 0.435553 0.442754
v 0.731485 0.460533 0.455861
vn 0.966442 -0.237420 0.098090
f 5181/1/1340 5182/2/1340 5183/3/1340 5184/4/1340
usemtl black
v 0.719485 0.460533 0.534861
v 0.717494 0.435553 0.503218
v 0.723000 0.435553 0.479000
v 0.726679 0.460533 0.503218
vn 0.917912 -0.337481 0.208671
f 5185/1/1341 5186/2/1341 5187/3/1341 5188/4/1341
usemtl black
v 0.711000 0.460533 0.545973
v 0.711000 0.435553 0.511723
v 0.717494 0.435553 0.503218
v 0.719485 0.460533 0.534861
vn 0.610917 -0.639637 0.466525
f 5189/1/1342 5190/2/1342 5191/3/1342 5192/4/1342
usemtl black
v 0.702515 0.460533 0.534861
v 0.704506 0.435553 0.503218
v 0.711000 0.435553 0.511723
v 0.711000 0.460533 0.545973
vn -0.610917 -0.639637 0.466525
f 5193/1/1343 5194/2/1343 5195/3/1343 5196/4/1343
usemtl black
v 0.695321 0.460533 0.503218
v 0.699000 0.435553 0.479000
v 0.704506 0.435553 0.503218
v 0.702515 0.460533 0.534861
vn -0.917912 -0.337481 0.208671
f 5197/1/1344 5198/2/1344 5199/3/1344 5200/4/1344
usemtl black
v 0.690515 0.460533 0.455861
v 0.695321 0.435553 0.442754
v 0.699000 0.435553 0.479000
v 0.695321 0.460533 0.503218
vn -0.966442 -0.237420 0.098090
f 5201/1/1345 5202/2/1345 5203/3/1345 5204/4/1345
usemtl black
v 0.688827 0.460533 0.400000
v 0.694029 0.435553 0.400000
v 0.695321 0.435553 0.442754
v 0.690515 0.460533 0.455861
vn -0.978566 -0.203800 0.029567
f 5205/1/1346 5206/2/1346 5207/3/1346 5208/4/1346
usemtl black
v 0.690515 0.460533 0.344139
v 0.695321 0.435553 0.357246
v 0.694029 0.435553 0.400000
v 0.688827 0.460533 0.400000
vn -0.978566 -0.203800 -0.029567
f 5209/1/1347 5210/2/1347 5211/3/1347 5212/4/1347
usemtl black
v 0.695321 0.460533 0.296782
v 0.699000 0.435553 0.321000
v 0.695321 0.435553 0.357246
v 0.690515 0.460533 0.344139
vn -0.966442 -0.237420 -0.098090
f 5213/1/1348 5214/2/1348 5215/3/1348 5216/4/1348
usemtl black
v 0.702515 0.460533 0.265139
v 0.704506 0.435553 0.296782
v 0.699000 0.435553 0.321000
v 0.695321 0.460533 0.296782
vn -0.917912 -0.337481 -0.208671
f 5217/1/1349 5218/2/1349 5219/3/1349 5220/4/1349
usemtl black
v 0.711000 0.460533 0.254027
v 0.711000 0.435553 0.288277
v 0.704506 0.435553 0.296782
v 0.702515 0.460533 0.265139
vn -0.610917 -0.639637 -0.466525
f 5221/1/1350 5222/2/1350 5223/3/1350 5224/4/1350
usemtl black
v 0.719485 0.460533 0.265139
v 0.717494 0.435553 0.296782
v 0.711000 0.435553 0.288277
v 0.711000 0.460533 0.254027
vn 0.610917 -0.639637 -0.466525
f 5225/1/1351 5226/2/1351 5227/3/1351 5228/4/1351
usemtl black
v 0.726679 0.460533 0.296782
v 0.723000 0.435553 0.321000
v 0.717494 0.435553 0.296782
v 0.719485 0.460533 0.265139
vn 0.917912 -0.337481 -0.208671
f 5229/1/1352 5230/2/1352 5231/3/1352 5232/4/1352
usemtl black
v 0.731485 0.460533 0.344139
v 0.726679 0.435553 0.357246
v 0.723000 0.435553 0.321000
v 0.726679 0.460533 0.296782
vn 0.966442 -0.237420 -0.098090
f 5233/1/1353 5234/2/1353 5235/3/1353 5236/4/1353
usemtl black
v 0.733173 0.460533 0.400000
v 0.727971 0.435553 0.400000
v 0.726679 0.435553 0.357246
v 0.731485 0.460533 0.344139
vn 0.978566 -0.203800 -0.029567
f 5237/1/1354 5238/2/1354 5239/3/1354 5240/4/1354
usemtl black
v 0.726679 0.435553 0.442754
v 0.719485 0.418861 0.423139
v 0.720184 0.418861 0.400000
v 0.727971 0.435553 0.400000
vn 0.905910 -0.422584 0.027372
f 5241/1/1355 5242/2/1355 5243/3/1355 5244/4/1355
usemtl black
v 0.723000 0.435553 0.479000
v 0.717494 0.418861 0.442754
v 0.719485 0.418861 0.423139
v 0.726679 0.435553 0.442754
vn 0.872682 -0.480188 0.088573
f 5245/1/1356 5246/2/1356 5247/3/1356 5248/4/1356
usemtl black
v 0.717494 0.435553 0.503218
v 0.714515 0.418861 0.455861
v 0.717494 0.418861 0.442754
v 0.723000 0.435553 0.479000
vn 0.760323 -0.626125 0.172846
f 5249/1/1357 5250/2/1357 5251/3/1357 5252/4/1357
usemtl black
v 0.711000 0.435553 0.511723
v 0.711000 0.418861 0.460464
v 0.714515 0.418861 0.455861
v 0.717494 0.435553 0.503218
vn 0.375749 -0.881180 0.286940
f 5253/1/1358 5254/2/1358 5255/3/1358 5256/4/1358
usemtl black
v 0.704506 0.435553 0.503218
v 0.707485 0.418861 0.455861
v 0.711000 0.418861 0.460464
v 0.711000 0.435553 0.511723
vn -0.375749 -0.881180 0.286940
f 5257/1/1359 5258/2/1359 5259/3/1359 5260/4/1359
usemtl black
v 0.699000 0.435553 0.479000
v 0.704506 0.418861 0.442754
v 0.707485 0.418861 0.455861
v 0.704506 0.435553 0.503218
vn -0.760323 -0.626125 0.172846
f 5261/1/1360 5262/2/1360 5263/3/1360 5264/4/1360
usemtl black
v 0.695321 0.435553 0.442754
v 0.702515 0.418861 0.423139
v 0.704506 0.418861 0.442754
v 0.699000 0.435553 0.479000
vn -0.872682 -0.480188 0.088573
f 5265/1/1361 5266/2/1361 5267/3/1361 5268/4/1361
usemtl black
v 0.694029 0.435553 0.400000
v 0.701816 0.418861 0.400000
v 0.702515 0.418861 0.423139
v 0.695321 0.435553 0.442754
vn -0.905910 -0.422584 0.027372
f 5269/1/1362 5270/2/1362 5271/3/1362 5272/4/1362
usemtl black
v 0.695321 0.435553 0.357246
v 0.702515 0.418861 0.376861
v 0.701816 0.418861 0.400000
v 0.694029 0.435553 0.400000
vn -0.905910 -0.422584 -0.027372
f 5273/1/1363 5274/2/1363 5275/3/1363 5276/4/1363
usemtl black
v 0.699000 0.435553 0.321000
v 0.704506 0.418861 0.357246
v 0.702515 0.418861 0.376861
v 0.695321 0.435553 0.357246
vn -0.872682 -0.480188 -0.088573
f 5277/1/1364 5278/2/1364 5279/3/1364 5280/4/1364
usemtl black
v 0.704506 0.435553 0.296782
v 0.707485 0.418861 0.344139
v 0.704506 0.418861 0.357246
v 0.699000 0.435553 0.321000
vn -0.760323 -0.626125 -0.172846
f 5281/1/1365 5282/2/1365 5283/3/1365 5284/4/1365
usemtl black
v 0.711000 0.435553 0.288277
v 0.711000 0.418861 0.339536
v 0.707485 0.418861 0.344139
v 0.704506 0.435553 0.296782
vn -0.375749 -0.881180 -0.286940
f 5285/1/1366 5286/2/1366 5287/3/1366 5288/4/1366
usemtl black
v 0.717494 0.435553 0.296782
v 0.714515 0.418861 0.344139
v 0.711000 0.418861 0.339536
v 0.711000 0.435553 0.288277
vn 0.375749 -0.881180 -0.286940
f 5289/1/1367 5290/2/1367 5291/3/1367 5292/4/1367
usemtl black
v 0.723000 0.435553 0.321000
v 0.717494 0.418861 0.357246
v 0.714515 0.418861 0.344139
v 0.717494 0.435553 0.296782
vn 0.760323 -0.626125 -0.172846
f 5293/1/1368 5294/2/1368 5295/3/1368 5296/4/1368
usemtl black
v 0.726679 0.435553 0.357246
v 0.719485 0.418861 0.376861
v 0.717494 0.418861 0.357246
v 0.723000 0.435553 0.321000
vn 0.872682 -0.480188 -0.088573
f 5297/1/1369 5298/2/1369 5299/3/1369 5300/4/1369
usemtl black
v 0.727971 0.435553 0.400000
v 0.720184 0.418861 0.400000
v 0.719485 0.418861 0.376861
v 0.726679 0.435553 0.357246
vn 0.905910 -0.422584 -0.027372
f 5301/1/1370 5302/2/1370 5303/3/1370 5304/4/1370
usemtl black
v 0.719485 0.418861 0.423139
v 0.711000 0.413000 0.400000
v 0.720184 0.418861 0.400000
vn 0.537892 -0.842857 0.016252
f 5305/1/1371 5306/2/1371 5307/3/1371
usemtl black
v 0.717494 0.418861 0.442754
v 0.711000 0.413000 0.400000
v 0.719485 0.418861 0.423139
vn 0.475290 -0.878506 0.048240
f 5308/1/1372 5309/2/1372 5310/3/1372
usemtl black
v 0.714515 0.418861 0.455861
v 0.711000 0.413000 0.400000
v 0.717494 0.418861 0.442754
vn 0.338956 -0.937641 0.077056
f 5311/1/1373 5312/2/1373 5313/3/1373
usemtl black
v 0.711000 0.418861 0.460464
v 0.711000 0.413000 0.400000
v 0.714515 0.418861 0.455861
vn 0.125352 -0.987483 0.095725
f 5314/1/1374 5315/2/1374 5316/3/1374
usemtl black
v 0.707485 0.418861 0.455861
v 0.711000 0.413000 0.400000
v 0.711000 0.418861 0.460464
vn -0.125352 -0.987483 0.095725
f 5317/1/1375 5318/2/1375 5319/3/1375
usemtl black
v 0.704506 0.418861 0.442754
v 0.711000 0.413000 0.400000
v 0.707485 0.418861 0.455861
vn -0.338956 -0.937641 0.077056
f 5320/1/1376 5321/2/1376 5322/3/1376
usemtl black
v 0.702515 0.418861 0.423139
v 0.711000 0.413000 0.400000
v 0.704506 0.418861 0.442754
vn -0.475290 -0.878506 0.048240
f 5323/1/1377 5324/2/1377 5325/3/1377
usemtl black
v 0.701816 0.418861 0.400000
v 0.711000 0.413000 0.400000
v 0.702515 0.418861 0.423139
vn -0.537892 -0.842857 0.016252
f 5326/1/1378 5327/2/1378 5328/3/1378
usemtl black
v 0.702515 0.418861 0.376861
v 0.711000 0.413000 0.400000
v 0.701816 0.418861 0.400000
vn -0.537892 -0.842857 -0.016252
f 5329/1/1379 5330/2/1379 5331/3/1379
usemtl black
v 0.704506 0.418861 0.357246
v 0.711000 0.413000 0.400000
v 0.702515 0.418861 0.376861
vn -0.475290 -0.878506 -0.048240
f 5332/1/1380 5333/2/1380 5334/3/1380
usemtl black
v 0.707485 0.418861 0.344139
v 0.711000 0.413000 0.400000
v 0.704506 0.418861 0.357246
vn -0.338956 -0.937641 -0.077056
f 5335/1/1381 5336/2/1381 5337/3/1381
usemtl black
v 0.711000 0.418861 0.339536
v 0.711000 0.413000 0.400000
v 0.707485 0.418861 0.344139
vn -0.125352 -0.987483 -0.095725
f 5338/1/1382 5339/2/1382 5340/3/1382
usemtl black
v 0.714515 0.418861 0.344139
v 0.711000 0.413000 0.400000
v 0.711000 0.418861 0.339536
vn 0.125352 -0.987483 -0.095725
f 5341/1/1383 5342/2/1383 5343/3/1383
usemtl black
v 0.717494 0.418861 0.357246
v 0.711000 0.413000 0.400000
v 0.714515 0.418861 0.344139
vn 0.338956 -0.937641 -0.077056
f 5344/1/1384 5345/2/1384 5346/3/1384
usemtl black
v 0.719485 0.418861 0.376861
v 0.711000 0.413000 0.400000
v 0.717494 0.418861 0.357246
vn 0.475290 -0.878506 -0.048240
f 5347/1/1385 5348/2/1385 5349/3/1385
usemtl black
v 0.720184 0.418861 0.400000
v 0.711000 0.413000 0.400000
v 0.719485 0.418861 0.376861
vn 0.537892 -0.842857 -0.016252
f 5350/1/1386 5351/2/1386 5352/3/1386
usemtl white
v 0.673385 0.680260 0.417574
v 0.674900 0.680260 0.400000
v 0.655000 0.683000 0.400000
vn 0.136412 0.990582 0.011758
f 5353/1/1387 5354/2/1387 5355/3/1387
usemtl white
v 0.669071 0.680260 0.432472
v 0.673385 0.680260 0.417574
v 0.655000 0.683000 0.400000
vn 0.115891 0.992695 0.033556
f 5356/1/1388 5357/2/1388 5358/3/1388
usemtl white
v 0.662615 0.680260 0.442426
v 0.669071 0.680260 0.432472
v 0.655000 0.683000 0.400000
vn 0.077671 0.995706 0.050372
f 5359/1/1389 5360/2/1389 5361/3/1389
usemtl white
v 0.655000 0.680260 0.445922
v 0.662615 0.680260 0.442426
v 0.655000 0.683000 0.400000
vn 0.027333 0.997851 0.059545
f 5362/1/1390 5363/2/1390 5364/3/1390
usemtl white
v 0.647385 0.680260 0.442426
v 0.655000 0.680260 0.445922
v 0.655000 0.683000 0.400000
vn -0.027333 0.997851 0.059545
f 5365/1/1391 5366/2/1391 5367/3/1391
usemtl white
v 0.640929 0.680260 0.432472
v 0.647385 0.680260 0.442426
v 0.655000 0.683000 0.400000
vn -0.077671 0.995706 0.050372
f 5368/1/1392 5369/2/1392 5370/3/1392
usemtl white
v 0.636615 0.680260 0.417574
v 0.640929 0.680260 0.432472
v 0.655000 0.683000 0.400000
vn -0.115891 0.992695 0.033556
f 5371/1/1393 5372/2/1393 5373/3/1393
usemtl white
v 0.635100 0.680260 0.400000
v 0.636615 0.680260 0.417574
v 0.655000 0.683000 0.400000
vn -0.136412 0.990582 0.011758
f 5374/1/1394 5375/2/1394 5376/3/1394
usemtl white
v 0.636615 0.680260 0.382426
v 0.635100 0.680260 0.400000
v 0.655000 0.683000 0.400000
vn -0.136412 0.990582 -0.011758
f 5377/1/1395 5378/2/1395 5379/3/1395
usemtl white
v 0.640929 0.680260 0.367528
v 0.636615 0.680260 0.382426
v 0.655000 0.683000 0.400000
vn -0.115891 0.992695 -0.033556
f 5380/1/1396 5381/2/1396 5382/3/1396
usemtl white
v 0.647385 0.680260 0.357574
v 0.640929 0.680260 0.367528
v 0.655000 0.683000 0.400000
vn -0.077671 0.995706 -0.050372
f 5383/1/1397 5384/2/1397 5385/3/1397
usemtl white
v 0.655000 0.680260 0.354078
v 0.647385 0.680260 0.357574
v 0.655000 0.683000 0.400000
vn -0.027333 0.997851 -0.059545
f 5386/1/1398 5387/2/1398 5388/3/1398
usemtl white
v 0.662615 0.680260 0.357574
v 0.655000 0.680260 0.354078
v 0.655000 0.683000 0.400000
vn 0.027333 0.997851 -0.059545
f 5389/1/1399 5390/2/1399 5391/3/1399
usemtl white
v 0.669071 0.680260 0.367528
v 0.662615 0.680260 0.357574
v 0.655000 0.683000 0.400000
vn 0.077671 0.995706 -0.050372
f 5392/1/1400 5393/2/1400 5394/3/1400
usemtl white
v 0.673385 0.680260 0.382426
v 0.669071 0.680260 0.367528
v 0.655000 0.683000 0.400000
vn 0.115891 0.992695 -0.033556
f 5395/1/1401 5396/2/1401 5397/3/1401
usemtl white
v 0.674900 0.680260 0.400000
v 0.673385 0.680260 0.382426
v 0.655000 0.683000 0.400000
vn 0.136412 0.990582 -0.011758
f 5398/1/1402 5399/2/1402 5400/3/1402
usemtl white
v 0.673385 0.680260 0.417574
v 0.688971 0.672456 0.432472
v 0.691770 0.672456 0.400000
v 0.674900 0.680260 0.400000
vn 0.419567 0.907004 0.036165
f 5401/1/1403 5402/2/1403 5403/3/1403 5404/4/1403
usemtl white
v 0.669071 0.680260 0.432472
v 0.681000 0.672456 0.460000
v 0.688971 0.672456 0.432472
v 0.673385 0.680260 0.417574
vn 0.363068 0.925814 0.105124
f 5405/1/1404 5406/2/1404 5407/3/1404 5408/4/1404
usemtl white
v 0.662615 0.680260 0.442426
v 0.669071 0.672456 0.478394
v 0.681000 0.672456 0.460000
v 0.669071 0.680260 0.432472
vn 0.250119 0.954531 0.162209
f 5409/1/1405 5410/2/1405 5411/3/1405 5412/4/1405
usemtl white
v 0.655000 0.680260 0.445922
v 0.655000 0.672456 0.484853
v 0.669071 0.672456 0.478394
v 0.662615 0.680260 0.442426
vn 0.089854 0.976529 0.195749
f 5413/1/1406 5414/2/1406 5415/3/1406 5416/4/1406
usemtl white
v 0.647385 0.680260 0.442426
v 0.640929 0.672456 0.478394
v 0.655000 0.672456 0.484853
v 0.655000 0.680260 0.445922
vn -0.089854 0.976529 0.195749
f 5417/1/1407 5418/2/1407 5419/3/1407 5420/4/1407
usemtl white
v 0.640929 0.680260 0.432472
v 0.629000 0.672456 0.460000
v 0.640929 0.672456 0.478394
v 0.647385 0.680260 0.442426
vn -0.250119 0.954531 0.162209
f 5421/1/1408 5422/2/1408 5423/3/1408 5424/4/1408
usemtl white
v 0.636615 0.680260 0.417574
v 0.621029 0.672456 0.432472
v 0.629000 0.672456 0.460000
v 0.640929 0.680260 0.432472
vn -0.363068 0.925814 0.105124
f 5425/1/1409 5426/2/1409 5427/3/1409 5428/4/1409
usemtl white
v 0.635100 0.680260 0.400000
v 0.618230 0.672456 0.400000
v 0.621029 0.672456 0.432472
v 0.636615 0.680260 0.417574
vn -0.419567 0.907004 0.036165
f 5429/1/1410 5430/2/1410 5431/3/1410 5432/4/1410
usemtl white
v 0.636615 0.680260 0.382426
v 0.621029 0.672456 0.367528
v 0.618230 0.672456 0.400000
v 0.635100 0.680260 0.400000
vn -0.419567 0.907004 -0.036165
f 5433/1/1411 5434/2/1411 5435/3/1411 5436/4/1411
usemtl white
v 0.640929 0.680260 0.367528
v 0.629000 0.672456 0.340000
v 0.621029 0.672456 0.367528
v 0.636615 0.680260 0.382426
vn -0.363068 0.925814 -0.105124
f 5437/1/1412 5438/2/1412 5439/3/1412 5440/4/1412
usemtl white
v 0.647385 0.680260 0.357574
v 0.640929 0.672456 0.321606
v 0.629000 0.672456 0.340000
v 0.640929 0.680260 0.367528
vn -0.250119 0.954531 -0.162209
f 5441/1/1413 5442/2/1413 5443/3/1413 5444/4/1413
usemtl white
v 0.655000 0.680260 0.354078
v 0.655000 0.672456 0.315147
v 0.640929 0.672456 0.321606
v 0.647385 0.680260 0.357574
vn -0.089854 0.976529 -0.195749
f 5445/1/1414 5446/2/1414 5447/3/1414 5448/4/1414
usemtl white
v 0.662615 0.680260 0.357574
v 0.669071 0.672456 0.321606
v 0.655000 0.672456 0.315147
v 0.655000 0.680260 0.354078
vn 0.089854 0.976529 -0.195749
f 5449/1/1415 5450/2/1415 5451/3/1415 5452/4/1415
usemtl white
v 0.669071 0.680260 0.367528
v 0.681000 0.672456 0.340000
v 0.669071 0.672456 0.321606
v 0.662615 0.680260 0.357574
vn 0.250119 0.954531 -0.162209
f 5453/1/1416 5454/2/1416 5455/3/1416 5456/4/1416
usemtl white
v 0.673385 0.680260 0.382426
v 0.688971 0.672456 0.367528
v 0.681000 0.672456 0.340000
v 0.669071 0.680260 0.367528
vn 0.363068 0.925814 -0.105124
f 5457/1/1417 5458/2/1417 5459/3/1417 5460/4/1417
usemtl white
v 0.674900 0.680260 0.400000
v 0.691770 0.672456 0.400000
v 0.688971 0.672456 0.367528
v 0.673385 0.680260 0.382426
vn 0.419567 0.907004 -0.036165
f 5461/1/1418 5462/2/1418 5463/3/1418 5464/4/1418
usemtl white
v 0.688971 0.672456 0.432472
v 0.699385 0.660777 0.442426
v 0.703042 0.660777 0.400000
v 0.691770 0.672456 0.400000
vn 0.718155 0.693125 0.061902
f 5465/1/1419 5466/2/1419 5467/3/1419 5468/4/1419
usemtl white
v 0.681000 0.672456 0.460000
v 0.688971 0.660777 0.478394
v 0.699385 0.660777 0.442426
v 0.688971 0.672456 0.432472
vn 0.648211 0.737968 0.187686
f 5469/1/1420 5470/2/1420 5471/3/1420 5472/4/1420
usemtl white
v 0.669071 0.672456 0.478394
v 0.673385 0.660777 0.502426
v 0.688971 0.660777 0.478394
v 0.681000 0.672456 0.460000
vn 0.480922 0.819413 0.311892
f 5473/1/1421 5474/2/1421 5475/3/1421 5476/4/1421
usemtl white
v 0.655000 0.672456 0.484853
v 0.655000 0.660777 0.510866
v 0.673385 0.660777 0.502426
v 0.669071 0.672456 0.478394
vn 0.184777 0.896560 0.402539
f 5477/1/1422 5478/2/1422 5479/3/1422 5480/4/1422
usemtl white
v 0.640929 0.672456 0.478394
v 0.636615 0.660777 0.502426
v 0.655000 0.660777 0.510866
v 0.655000 0.672456 0.484853
vn -0.184777 0.896560 0.402539
f 5481/1/1423 5482/2/1423 5483/3/1423 5484/4/1423
usemtl white
v 0.629000 0.672456 0.460000
v 0.621029 0.660777 0.478394
v 0.636615 0.660777 0.502426
v 0.640929 0.672456 0.478394
vn -0.480922 0.819413 0.311892
f 5485/1/1424 5486/2/1424 5487/3/1424 5488/4/1424
usemtl white
v 0.621029 0.672456 0.432472
v 0.610615 0.660777 0.442426
v 0.621029 0.660777 0.478394
v 0.629000 0.672456 0.460000
vn -0.648211 0.737968 0.187686
f 5489/1/1425 5490/2/1425 5491/3/1425 5492/4/1425
usemtl white
v 0.618230 0.672456 0.400000
v 0.606958 0.660777 0.400000
v 0.610615 0.660777 0.442426
v 0.621029 0.672456 0.432472
vn -0.718155 0.693125 0.061902
f 5493/1/1426 5494/2/1426 5495/3/1426 5496/4/1426
usemtl white
v 0.621029 0.672456 0.367528
v 0.610615 0.660777 0.357574
v 0.606958 0.660777 0.400000
v 0.618230 0.672456 0.400000
vn -0.718155 0.693125 -0.061902
f 5497/1/1427 5498/2/1427 5499/3/1427 5500/4/1427
usemtl white
v 0.629000 0.672456 0.340000
v 0.621029 0.660777 0.321606
v 0.610615 0.660777 0.357574
v 0.621029 0.672456 0.367528
vn -0.648211 0.737968 -0.187686
f 5501/1/1428 5502/2/1428 5503/3/1428 5504/4/1428
usemtl white
v 0.640929 0.672456 0.321606
v 0.636615 0.660777 0.297574
v 0.621029 0.660777 0.321606
v 0.629000 0.672456 0.340000
vn -0.480922 0.819413 -0.311892
f 5505/1/1429 5506/2/1429 5507/3/1429 5508/4/1429
usemtl white
v 0.655000 0.672456 0.315147
v 0.655000 0.660777 0.289134
v 0.636615 0.660777 0.297574
v 0.640929 0.672456 0.321606
vn -0.184777 0.896560 -0.402539
f 5509/1/1430 5510/2/1430 5511/3/1430 5512/4/1430
usemtl white
v 0.669071 0.672456 0.321606
v 0.673385 0.660777 0.297574
v 0.655000 0.660777 0.289134
v 0.655000 0.672456 0.315147
vn 0.184777 0.896560 -0.402539
f 5513/1/1431 5514/2/1431 5515/3/1431 5516/4/1431
usemtl white
v 0.681000 0.672456 0.340000
v 0.688971 0.660777 0.321606
v 0.673385 0.660777 0.297574
v 0.669071 0.672456 0.321606
vn 0.480922 0.819413 -0.311892
f 5517/1/1432 5518/2/1432 5519/3/1432 5520/4/1432
usemtl white
v 0.688971 0.672456 0.367528
v 0.699385 0.660777 0.357574
v 0.688971 0.660777 0.321606
v 0.681000 0.672456 0.340000
vn 0.648211 0.737968 -0.187686
f 5521/1/1433 5522/2/1433 5523/3/1433 5524/4/1433
usemtl white
v 0.691770 0.672456 0.400000
v 0.703042 0.660777 0.400000
v 0.699385 0.660777 0.357574
v 0.688971 0.672456 0.367528
vn 0.718155 0.693125 -0.061902
f 5525/1/1434 5526/2/1434 5527/3/1434 5528/4/1434
usemtl white
v 0.699385 0.660777 0.442426
v 0.703042 0.647000 0.445922
v 0.707000 0.647000 0.400000
v 0.703042 0.660777 0.400000
vn 0.957835 0.275203 0.082561
f 5529/1/1435 5530/2/1435 5531/3/1435 5532/4/1435
usemtl white
v 0.688971 0.660777 0.478394
v 0.691770 0.647000 0.484853
v 0.703042 0.647000 0.445922
v 0.699385 0.660777 0.442426
vn 0.913366 0.309553 0.264460
f 5533/1/1436 5534/2/1436 5535/3/1436 5536/4/1436
usemtl white
v 0.673385 0.660777 0.502426
v 0.674900 0.647000 0.510866
v 0.691770 0.647000 0.484853
v 0.688971 0.660777 0.478394
vn 0.772008 0.391579 0.500670
f 5537/1/1437 5538/2/1437 5539/3/1437 5540/4/1437
usemtl white
v 0.655000 0.660777 0.510866
v 0.655000 0.647000 0.520000
v 0.674900 0.647000 0.510866
v 0.673385 0.660777 0.502426
vn 0.357317 0.516125 0.778421
f 5541/1/1438 5542/2/1438 5543/3/1438 5544/4/1438
usemtl white
v 0.636615 0.660777 0.502426
v 0.635100 0.647000 0.510866
v 0.655000 0.647000 0.520000
v 0.655000 0.660777 0.510866
vn -0.357317 0.516125 0.778421
f 5545/1/1439 5546/2/1439 5547/3/1439 5548/4/1439
usemtl white
v 0.621029 0.660777 0.478394
v 0.618230 0.647000 0.484853
v 0.635100 0.647000 0.510866
v 0.636615 0.660777 0.502426
vn -0.772008 0.391579 0.500670
f 5549/1/1440 5550/2/1440 5551/3/1440 5552/4/1440
usemtl white
v 0.610615 0.660777 0.442426
v 0.606958 0.647000 0.445922
v 0.618230 0.647000 0.484853
v 0.621029 0.660777 0.478394
vn -0.913366 0.309553 0.264460
f 5553/1/1441 5554/2/1441 5555/3/1441 5556/4/1441
usemtl white
v 0.606958 0.660777 0.400000
v 0.603000 0.647000 0.400000
v 0.606958 0.647000 0.445922
v 0.610615 0.660777 0.442426
vn -0.957835 0.275203 0.082561
f 5557/1/1442 5558/2/1442 5559/3/1442 5560/4/1442
usemtl white
v 0.610615 0.660777 0.357574
v 0.606958 0.647000 0.354078
v 0.603000 0.647000 0.400000
v 0.606958 0.660777 0.400000
vn -0.957835 0.275203 -0.082561
f 5561/1/1443 5562/2/1443 5563/3/1443 5564/4/1443
usemtl white
v 0.621029 0.660777 0.321606
v 0.618230 0.647000 0.315147
v 0.606958 0.647000 0.354078
v 0.610615 0.660777 0.357574
vn -0.913366 0.309553 -0.264460
f 5565/1/1444 5566/2/1444 5567/3/1444 5568/4/1444
usemtl white
v 0.636615 0.660777 0.297574
v 0.635100 0.647000 0.289134
v 0.618230 0.647000 0.315147
v 0.621029 0.660777 0.321606
vn -0.772008 0.391579 -0.500670
f 5569/1/1445 5570/2/1445 5571/3/1445 5572/4/1445
usemtl white
v 0.655000 0.660777 0.289134
v 0.655000 0.647000 0.280000
v 0.635100 0.647000 0.289134
v 0.636615 0.660777 0.297574
vn -0.357317 0.516125 -0.778421
f 5573/1/1446 5574/2/1446 5575/3/1446 5576/4/1446
usemtl white
v 0.673385 0.660777 0.297574
v 0.674900 0.647000 0.289134
v 0.655000 0.647000 0.280000
v 0.655000 0.660777 0.289134
vn 0.357317 0.516125 -0.778421
f 5577/1/1447 5578/2/1447 5579/3/1447 5580/4/1447
usemtl white
v 0.688971 0.660777 0.321606
v 0.691770 0.647000 0.315147
v 0.674900 0.647000 0.289134
v 0.673385 0.660777 0.297574
vn 0.772008 0.391579 -0.500670
f 5581/1/1448 5582/2/1448 5583/3/1448 5584/4/1448
usemtl white
v 0.699385 0.660777 0.357574
v 0.703042 0.647000 0.354078
v 0.691770 0.647000 0.315147
v 0.688971 0.660777 0.321606
vn 0.913366 0.309553 -0.264460
f 5585/1/1449 5586/2/1449 5587/3/1449 5588/4/1449
usemtl white
v 0.703042 0.660777 0.400000
v 0.707000 0.647000 0.400000
v 0.703042 0.647000 0.354078
v 0.699385 0.660777 0.357574
vn 0.957835 0.275203 -0.082561
f 5589/1/1450 5590/2/1450 5591/3/1450 5592/4/1450
usemtl white
v 0.703042 0.647000 0.445922
v 0.699385 0.633223 0.442426
v 0.703042 0.633223 0.400000
v 0.707000 0.647000 0.400000
vn 0.957835 -0.275203 0.082561
f 5593/1/1451 5594/2/1451 5595/3/1451 5596/4/1451
usemtl white
v 0.691770 0.647000 0.484853
v 0.688971 0.633223 0.478394
v 0.699385 0.633223 0.442426
v 0.703042 0.647000 0.445922
vn 0.913366 -0.309553 0.264460
f 5597/1/1452 5598/2/1452 5599/3/1452 5600/4/1452
usemtl white
v 0.674900 0.647000 0.510866
v 0.673385 0.633223 0.502426
v 0.688971 0.633223 0.478394
v 0.691770 0.647000 0.484853
vn 0.772008 -0.391579 0.500670
f 5601/1/1453 5602/2/1453 5603/3/1453 5604/4/1453
usemtl white
v 0.655000 0.647000 0.520000
v 0.655000 0.633223 0.510866
v 0.673385 0.633223 0.502426
v 0.674900 0.647000 0.510866
vn 0.357317 -0.516125 0.778421
f 5605/1/1454 5606/2/1454 5607/3/1454 5608/4/1454
usemtl white
v 0.635100 0.647000 0.510866
v 0.636615 0.633223 0.502426
v 0.655000 0.633223 0.510866
v 0.655000 0.647000 0.520000
vn -0.357317 -0.516125 0.778421
f 5609/1/1455 5610/2/1455 5611/3/1455 5612/4/1455
usemtl white
v 0.618230 0.647000 0.484853
v 0.621029 0.633223 0.478394
v 0.636615 0.633223 0.502426
v 0.635100 0.647000 0.510866
vn -0.772008 -0.391579 0.500670
f 5613/1/1456 5614/2/1456 5615/3/1456 5616/4/1456
usemtl white
v 0.606958 0.647000 0.445922
v 0.610615 0.633223 0.442426
v 0.621029 0.633223 0.478394
v 0.618230 0.647000 0.484853
vn -0.913366 -0.309553 0.264460
f 5617/1/1457 5618/2/1457 5619/3/1457 5620/4/1457
usemtl white
v 0.603000 0.647000 0.400000
v 0.606958 0.633223 0.400000
v 0.610615 0.633223 0.442426
v 0.606958 0.647000 0.445922
vn -0.957835 -0.275203 0.082561
f 5621/1/1458 5622/2/1458 5623/3/1458 5624/4/1458
usemtl white
v 0.606958 0.647000 0.354078
v 0.610615 0.633223 0.357574
v 0.606958 0.633223 0.400000
v 0.603000 0.647000 0.400000
vn -0.957835 -0.275203 -0.082561
f 5625/1/1459 5626/2/1459 5627/3/1459 5628/4/1459
usemtl white
v 0.618230 0.647000 0.315147
v 0.621029 0.633223 0.321606
v 0.610615 0.633223 0.357574
v 0.606958 0.647000 0.354078
vn -0.913366 -0.309553 -0.264460
f 5629/1/1460 5630/2/1460 5631/3/1460 5632/4/1460
usemtl white
v 0.635100 0.647000 0.289134
v 0.636615 0.633223 0.297574
v 0.621029 0.633223 0.321606
v 0.618230 0.647000 0.315147
vn -0.772008 -0.391579 -0.500670
f 5633/1/1461 5634/2/1461 5635/3/1461 5636/4/1461
usemtl white
v 0.655000 0.647000 0.280000
v 0.655000 0.633223 0.289134
v 0.636615 0.633223 0.297574
v 0.635100 0.647000 0.289134
vn -0.357317 -0.516125 -0.778421
f 5637/1/1462 5638/2/1462 5639/3/1462 5640/4/1462
usemtl white
v 0.674900 0.647000 0.289134
v 0.673385 0.633223 0.297574
v 0.655000 0.633223 0.289134
v 0.655000 0.647000 0.280000
vn 0.357317 -0.516125 -0.778421
f 5641/1/1463 5642/2/1463 5643/3/1463 5644/4/1463
usemtl white
v 0.691770 0.647000 0.315147
v 0.688971 0.633223 0.321606
v 0.673385 0.633223 0.297574
v 0.674900 0.647000 0.289134
vn 0.772008 -0.391579 -0.500670
f 5645/1/1464 5646/2/1464 5647/3/1464 5648/4/1464
usemtl white
v 0.703042 0.647000 0.354078
v 0.699385 0.633223 0.357574
v 0.688971 0.633223 0.321606
v 0.691770 0.647000 0.315147
vn 0.913366 -0.309553 -0.264460
f 5649/1/1465 5650/2/1465 5651/3/1465 5652/4/1465
usemtl white
v 0.707000 0.647000 0.400000
v 0.703042 0.633223 0.400000
v 0.699385 0.633223 0.357574
v 0.703042 0.647000 0.354078
vn 0.957835 -0.275203 -0.082561
f 5653/1/1466 5654/2/1466 5655/3/1466 5656/4/1466
usemtl white
v 0.699385 0.633223 0.442426
v 0.688971 0.621544 0.432472
v 0.691770 0.621544 0.400000
v 0.703042 0.633223 0.400000
vn 0.718155 -0.693125 0.061902
f 5657/1/1467 5658/2/1467 5659/3/1467 5660/4/1467
usemtl white
v 0.688971 0.633223 0.478394
v 0.681000 0.621544 0.460000
v 0.688971 0.621544 0.432472
v 0.699385 0.633223 0.442426
vn 0.648211 -0.737968 0.187686
f 5661/1/1468 5662/2/1468 5663/3/1468 5664/4/1468
usemtl white
v 0.673385 0.633223 0.502426
v 0.669071 0.621544 0.478394
v 0.681000 0.621544 0.460000
v 0.688971 0.633223 0.478394
vn 0.480922 -0.819413 0.311892
f 5665/1/1469 5666/2/1469 5667/3/1469 5668/4/1469
usemtl white
v 0.655000 0.633223 0.510866
v 0.655000 0.621544 0.484853
v 0.669071 0.621544 0.478394
v 0.673385 0.633223 0.502426
vn 0.184777 -0.896560 0.402539
f 5669/1/1470 5670/2/1470 5671/3/1470 5672/4/1470
usemtl white
v 0.636615 0.633223 0.502426
v 0.640929 0.621544 0.478394
v 0.655000 0.621544 0.484853
v 0.655000 0.633223 0.510866
vn -0.184777 -0.896560 0.402539
f 5673/1/1471 5674/2/1471 5675/3/1471 5676/4/1471
usemtl white
v 0.621029 0.633223 0.478394
v 0.629000 0.621544 0.460000
v 0.640929 0.621544 0.478394
v 0.636615 0.633223 0.502426
vn -0.480922 -0.819413 0.311892
f 5677/1/1472 5678/2/1472 5679/3/1472 5680/4/1472
usemtl white
v 0.610615 0.633223 0.442426
v 0.621029 0.621544 0.432472
v 0.629000 0.621544 0.460000
v 0.621029 0.633223 0.478394
vn -0.648211 -0.737968 0.187686
f 5681/1/1473 5682/2/1473 5683/3/1473 5684/4/1473
usemtl white
v 0.606958 0.633223 0.400000
v 0.618230 0.621544 0.400000
v 0.621029 0.621544 0.432472
v 0.610615 0.633223 0.442426
vn -0.718155 -0.693125 0.061902
f 5685/1/1474 5686/2/1474 5687/3/1474 5688/4/1474
usemtl white
v 0.610615 0.633223 0.357574
v 0.621029 0.621544 0.367528
v 0.618230 0.621544 0.400000
v 0.606958 0.633223 0.400000
vn -0.718155 -0.693125 -0.061902
f 5689/1/1475 5690/2/1475 5691/3/1475 5692/4/1475
usemtl white
v 0.621029 0.633223 0.321606
v 0.629000 0.621544 0.340000
v 0.621029 0.621544 0.367528
v 0.610615 0.633223 0.357574
vn -0.648211 -0.737968 -0.187686
f 5693/1/1476 5694/2/1476 5695/3/1476 5696/4/1476
usemtl white
v 0.636615 0.633223 0.297574
v 0.640929 0.621544 0.321606
v 0.629000 0.621544 0.340000
v 0.621029 0.633223 0.321606
vn -0.480922 -0.819413 -0.311892
f 5697/1/1477 5698/2/1477 5699/3/1477 5700/4/1477
usemtl white
v 0.655000 0.633223 0.289134
v 0.655000 0.621544 0.315147
v 0.640929 0.621544 0.321606
v 0.636615 0.633223 0.297574
vn -0.184777 -0.896560 -0.402539
f 5701/1/1478 5702/2/1478 5703/3/1478 5704/4/1478
usemtl white
v 0.673385 0.633223 0.297574
v 0.669071 0.621544 0.321606
v 0.655000 0.621544 0.315147
v 0.655000 0.633223 0.289134
vn 0.184777 -0.896560 -0.402539
f 5705/1/1479 5706/2/1479 5707/3/1479 5708/4/1479
usemtl white
v 0.688971 0.633223 0.321606
v 0.681000 0.621544 0.340000
v 0.669071 0.621544 0.321606
v 0.673385 0.633223 0.297574
vn 0.480922 -0.819413 -0.311892
f 5709/1/1480 5710/2/1480 5711/3/1480 5712/4/1480
usemtl white
v 0.699385 0.633223 0.357574
v 0.688971 0.621544 0.367528
v 0.681000 0.621544 0.340000
v 0.688971 0.633223 0.321606
vn 0.648211 -0.737968 -0.187686
f 5713/1/1481 5714/2/1481 5715/3/1481 5716/4/1481
usemtl white
v 0.703042 0.633223 0.400000
v 0.691770 0.621544 0.400000
v 0.688971 0.621544 0.367528
v 0.699385 0.633223 0.357574
vn 0.718155 -0.693125 -0.061902
f 5717/1/1482 5718/2/1482 5719/3/1482 5720/4/1482
usemtl white
v 0.688971 0.621544 0.432472
v 0.673385 0.613740 0.417574
v 0.674900 0.613740 0.400000
v 0.691770 0.621544 0.400000
vn 0.419567 -0.907004 0.036165
f 5721/1/1483 5722/2/1483 5723/3/1483 5724/4/1483
usemtl white
v 0.681000 0.621544 0.460000
v 0.669071 0.613740 0.432472
v 0.673385 0.613740 0.417574
v 0.688971 0.621544 0.432472
vn 0.363068 -0.925814 0.105124
f 5725/1/1484 5726/2/1484 5727/3/1484 5728/4/1484
usemtl white
v 0.669071 0.621544 0.478394
v 0.662615 0.613740 0.442426
v 0.669071 0.613740 0.432472
v 0.681000 0.621544 0.460000
vn 0.250119 -0.954531 0.162209
f 5729/1/1485 5730/2/1485 5731/3/1485 5732/4/1485
usemtl white
v 0.655000 0.621544 0.484853
v 0.655000 0.613740 0.445922
v 0.662615 0.613740 0.442426
v 0.669071 0.621544 0.478394
vn 0.089854 -0.976529 0.195749
f 5733/1/1486 5734/2/1486 5735/3/1486 5736/4/1486
usemtl white
v 0.640929 0.621544 0.478394
v 0.647385 0.613740 0.442426
v 0.655000 0.613740 0.445922
v 0.655000 0.621544 0.484853
vn -0.089854 -0.976529 0.195749
f 5737/1/1487 5738/2/1487 5739/3/1487 5740/4/1487
usemtl white
v 0.629000 0.621544 0.460000
v 0.640929 0.613740 0.432472
v 0.647385 0.613740 0.442426
v 0.640929 0.621544 0.478394
vn -0.250119 -0.954531 0.162209
f 5741/1/1488 5742/2/1488 5743/3/1488 5744/4/1488
usemtl white
v 0.621029 0.621544 0.432472
v 0.636615 0.613740 0.417574
v 0.640929 0.613740 0.432472
v 0.629000 0.621544 0.460000
vn -0.363068 -0.925814 0.105124
f 5745/1/1489 5746/2/1489 5747/3/1489 5748/4/1489
usemtl white
v 0.618230 0.621544 0.400000
v 0.635100 0.613740 0.400000
v 0.636615 0.613740 0.417574
v 0.621029 0.621544 0.432472
vn -0.419567 -0.907004 0.036165
f 5749/1/1490 5750/2/1490 5751/3/1490 5752/4/1490
usemtl white
v 0.621029 0.621544 0.367528
v 0.636615 0.613740 0.382426
v 0.635100 0.613740 0.400000
v 0.618230 0.621544 0.400000
vn -0.419567 -0.907004 -0.036165
f 5753/1/1491 5754/2/1491 5755/3/1491 5756/4/1491
usemtl white
v 0.629000 0.621544 0.340000
v 0.640929 0.613740 0.367528
v 0.636615 0.613740 0.382426
v 0.621029 0.621544 0.367528
vn -0.363068 -0.925814 -0.105124
f 5757/1/1492 5758/2/1492 5759/3/1492 5760/4/1492
usemtl white
v 0.640929 0.621544 0.321606
v 0.647385 0.613740 0.357574
v 0.640929 0.613740 0.367528
v 0.629000 0.621544 0.340000
vn -0.250119 -0.954531 -0.162209
f 5761/1/1493 5762/2/1493 5763/3/1493 5764/4/1493
usemtl white
v 0.655000 0.621544 0.315147
v 0.655000 0.613740 0.354078
v 0.647385 0.613740 0.357574
v 0.640929 0.621544 0.321606
vn -0.089854 -0.976529 -0.195749
f 5765/1/1494 5766/2/1494 5767/3/1494 5768/4/1494
usemtl white
v 0.669071 0.621544 0.321606
v 0.662615 0.613740 0.357574
v 0.655000 0.613740 0.354078
v 0.655000 0.621544 0.315147
vn 0.089854 -0.976529 -0.195749
f 5769/1/1495 5770/2/1495 5771/3/1495 5772/4/1495
usemtl white
v 0.681000 0.621544 0.340000
v 0.669071 0.613740 0.367528
v 0.662615 0.613740 0.357574
v 0.669071 0.621544 0.321606
vn 0.250119 -0.954531 -0.162209
f 5773/1/1496 5774/2/1496 5775/3/1496 5776/4/1496
usemtl white
v 0.688971 0.621544 0.367528
v 0.673385 0.613740 0.382426
v 0.669071 0.613740 0.367528
v 0.681000 0.621544 0.340000
vn 0.363068 -0.925814 -0.105124
f 5777/1/1497 5778/2/1497 5779/3/1497 5780/4/1497
usemtl white
v 0.691770 0.621544 0.400000
v 0.674900 0.613740 0.400000
v 0.673385 0.613740 0.382426
v 0.688971 0.621544 0.367528
vn 0.419567 -0.907004 -0.036165
f 5781/1/1498 5782/2/1498 5783/3/1498 5784/4/1498
usemtl white
v 0.673385 0.613740 0.417574
v 0.655000 0.611000 0.400000
v 0.674900 0.613740 0.400000
vn 0.136412 -0.990582 0.011758
f 5785/1/1499 5786/2/1499 5787/3/1499
usemtl white
v 0.669071 0.613740 0.432472
v 0.655000 0.611000 0.400000
v 0.673385 0.613740 0.417574
vn 0.115891 -0.992695 0.033556
f 5788/1/1500 5789/2/1500 5790/3/1500
usemtl white
v 0.662615 0.613740 0.442426
v 0.655000 0.611000 0.400000
v 0.669071 0.613740 0.432472
vn 0.077671 -0.995706 0.050372
f 5791/1/1501 5792/2/1501 5793/3/1501
usemtl white
v 0.655000 0.613740 0.445922
v 0.655000 0.611000 0.400000
v 0.662615 0.613740 0.442426
vn 0.027333 -0.997851 0.059545
f 5794/1/1502 5795/2/1502 5796/3/1502
usemtl white
v 0.647385 0.613740 0.442426
v 0.655000 0.611000 0.400000
v 0.655000 0.613740 0.445922
vn -0.027333 -0.997851 0.059545
f 5797/1/1503 5798/2/1503 5799/3/1503
usemtl white
v 0.640929 0.613740 0.432472
v 0.655000 0.611000 0.400000
v 0.647385 0.613740 0.442426
vn -0.077671 -0.995706 0.050372
f 5800/1/1504 5801/2/1504 5802/3/1504
usemtl white
v 0.636615 0.613740 0.417574
v 0.655000 0.611000 0.400000
v 0.640929 0.613740 0.432472
vn -0.115891 -0.992695 0.033556
f 5803/1/1505 5804/2/1505 5805/3/1505
usemtl white
v 0.635100 0.613740 0.400000
v 0.655000 0.611000 0.400000
v 0.636615 0.613740 0.417574
vn -0.136412 -0.990582 0.011758
f 5806/1/1506 5807/2/1506 5808/3/1506
usemtl white
v 0.636615 0.613740 0.382426
v 0.655000 0.611000 0.400000
v 0.635100 0.613740 0.400000
vn -0.136412 -0.990582 -0.011758
f 5809/1/1507 5810/2/1507 5811/3/1507
usemtl white
v 0.640929 0.613740 0.367528
v 0.655000 0.611000 0.400000
v 0.636615 0.613740 0.382426
vn -0.115891 -0.992695 -0.033556
f 5812/1/1508 5813/2/1508 5814/3/1508
usemtl white
v 0.647385 0.613740 0.357574
v 0.655000 0.611000 0.400000
v 0.640929 0.613740 0.367528
vn -0.077671 -0.995706 -0.050372
f 5815/1/1509 5816/2/1509 5817/3/1509
usemtl white
v 0.655000 0.613740 0.354078
v 0.655000 0.611000 0.400000
v 0.647385 0.613740 0.357574
vn -0.027333 -0.997851 -0.059545
f 5818/1/1510 5819/2/1510 5820/3/1510
usemtl white
v 0.662615 0.613740 0.357574
v 0.655000 0.611000 0.400000
v 0.655000 0.613740 0.354078
vn 0.027333 -0.997851 -0.059545
f 5821/1/1511 5822/2/1511 5823/3/1511
usemtl white
v 0.669071 0.613740 0.367528
v 0.655000 0.611000 0.400000
v 0.662615 0.613740 0.357574
vn 0.077671 -0.995706 -0.050372
f 5824/1/1512 5825/2/1512 5826/3/1512
usemtl white
v 0.673385 0.613740 0.382426
v 0.655000 0.611000 0.400000
v 0.669071 0.613740 0.367528
vn 0.115891 -0.992695 -0.033556
f 5827/1/1513 5828/2/1513 5829/3/1513
usemtl white
v 0.674900 0.613740 0.400000
v 0.655000 0.611000 0.400000
v 0.673385 0.613740 0.382426
vn 0.136412 -0.990582 -0.011758
f 5830/1/1514 5831/2/1514 5832/3/1514
usemtl silver
v 0.730000 0.465000 0.329000
v 0.730000 0.510000 0.329000
v 0.730000 0.510000 0.320000
v 0.730000 0.465000 0.320000
vn -1.000000 -0.000000 -0.000000
f 5833/1/1515 5834/2/1515 5835/3/1515 5836/4/1515
usemtl silver
v 0.740000 0.465000 0.320000
v 0.740000 0.510000 0.320000
v 0.740000 0.510000 0.329000
v 0.740000 0.465000 0.329000
vn 1.000000 0.000000 0.000000
f 5837/1/1516 5838/2/1516 5839/3/1516 5840/4/1516
usemtl silver
v 0.730000 0.465000 0.320000
v 0.740000 0.465000 0.320000
v 0.740000 0.465000 0.329000
v 0.730000 0.465000 0.329000
vn 0.000000 -1.000000 0.000000
f 5841/1/1517 5842/2/1517 5843/3/1517 5844/4/1517
usemtl silver
v 0.730000 0.510000 0.329000
v 0.740000 0.510000 0.329000
v 0.740000 0.510000 0.320000
v 0.730000 0.510000 0.320000
vn -0.000000 1.000000 -0.000000
f 5845/1/1518 5846/2/1518 5847/3/1518 5848/4/1518
usemtl silver
v 0.730000 0.510000 0.320000
v 0.740000 0.510000 0.320000
v 0.740000 0.465000 0.320000
v 0.730000 0.465000 0.320000
vn -0.000000 -0.000000 -1.000000
f 5849/1/1519 5850/2/1519 5851/3/1519 5852/4/1519
usemtl silver
v 0.730000 0.465000 0.329000
v 0.740000 0.465000 0.329000
v 0.740000 0.510000 0.329000
v 0.730000 0.510000 0.329000
vn 0.000000 0.000000 1.000000
f 5853/1/1520 5854/2/1520 5855/3/1520 5856/4/1520
usemtl silver
v 0.730000 0.465000 0.366000
v 0.730000 0.510000 0.366000
v 0.730000 0.510000 0.357000
v 0.730000 0.465000 0.357000
vn -1.000000 -0.000000 -0.000000
f 5857/1/1521 5858/2/1521 5859/3/1521 5860/4/1521
usemtl silver
v 0.740000 0.465000 0.357000
v 0.740000 0.510000 0.357000
v 0.740000 0.510000 0.366000
v 0.740000 0.465000 0.366000
vn 1.000000 0.000000 0.000000
f 5861/1/1522 5862/2/1522 5863/3/1522 5864/4/1522
usemtl silver
v 0.730000 0.465000 0.357000
v 0.740000 0.465000 0.357000
v 0.740000 0.465000 0.366000
v 0.730000 0.465000 0.366000
vn 0.000000 -1.000000 0.000000
f 5865/1/1523 5866/2/1523 5867/3/1523 5868/4/1523
usemtl silver
v 0.730000 0.510000 0.366000
v 0.740000 0.510000 0.366000
v 0.740000 0.510000 0.357000
v 0.730000 0.510000 0.357000
vn -0.000000 1.000000 -0.000000
f 5869/1/1524 5870/2/1524 5871/3/1524 5872/4/1524
usemtl silver
v 0.730000 0.510000 0.357000
v 0.740000 0.510000 0.357000
v 0.740000 0.465000 0.357000
v 0.730000 0.465000 0.357000
vn -0.000000 -0.000000 -1.000000
f 5873/1/1525 5874/2/1525 5875/3/1525 5876/4/1525
usemtl silver
v 0.730000 0.465000 0.366000
v 0.740000 0.465000 0.366000
v 0.740000 0.510000 0.366000
v 0.730000 0.510000 0.366000
vn 0.000000 0.000000 1.000000
f 5877/1/1526 5878/2/1526 5879/3/1526 5880/4/1526
usemtl silver
v 0.730000 0.465000 0.403000
v 0.730000 0.510000 0.403000
v 0.730000 0.510000 0.394000
v 0.730000 0.465000 0.394000
vn -1.000000 -0.000000 -0.000000
f 5881/1/1527 5882/2/1527 5883/3/1527 5884/4/1527
usemtl silver
v 0.740000 0.465000 0.394000
v 0.740000 0.510000 0.394000
v 0.740000 0.510000 0.403000
v 0.740000 0.465000 0.403000
vn 1.000000 0.000000 0.000000
f 5885/1/1528 5886/2/1528 5887/3/1528 5888/4/1528
usemtl silver
v 0.730000 0.465000 0.394000
v 0.740000 0.465000 0.394000
v 0.740000 0.465000 0.403000
v 0.730000 0.465000 0.403000
vn 0.000000 -1.000000 0.000000
f 5889/1/1529 5890/2/1529 5891/3/1529 5892/4/1529
usemtl silver
v 0.730000 0.510000 0.403000
v 0.740000 0.510000 0.403000
v 0.740000 0.510000 0.394000
v 0.730000 0.510000 0.394000
vn -0.000000 1.000000 -0.000000
f 5893/1/1530 5894/2/1530 5895/3/1530 5896/4/1530
usemtl silver
v 0.730000 0.510000 0.394000
v 0.740000 0.510000 0.394000
v 0.740000 0.465000 0.394000
v 0.730000 0.465000 0.394000
vn -0.000000 -0.000000 -1.000000
f 5897/1/1531 5898/2/1531 5899/3/1531 5900/4/1531
usemtl silver
v 0.730000 0.465000 0.403000
v 0.740000 0.465000 0.403000
v 0.740000 0.510000 0.403000
v 0.730000 0.510000 0.403000
vn 0.000000 0.000000 1.000000
f 5901/1/1532 5902/2/1532 5903/3/1532 5904/4/1532
usemtl silver
v 0.730000 0.465000 0.440000
v 0.730000 0.510000 0.440000
v 0.730000 0.510000 0.431000
v 0.730000 0.465000 0.431000
vn -1.000000 -0.000000 -0.000000
f 5905/1/1533 5906/2/1533 5907/3/1533 5908/4/1533
usemtl silver
v 0.740000 0.465000 0.431000
v 0.740000 0.510000 0.431000
v 0.740000 0.510000 0.440000
v 0.740000 0.465000 0.440000
vn 1.000000 0.000000 0.000000
f 5909/1/1534 5910/2/1534 5911/3/1534 5912/4/1534
usemtl silver
v 0.730000 0.465000 0.431000
v 0.740000 0.465000 0.431000
v 0.740000 0.465000 0.440000
v 0.730000 0.465000 0.440000
vn 0.000000 -1.000000 0.000000
f 5913/1/1535 5914/2/1535 5915/3/1535 5916/4/1535
usemtl silver
v 0.730000 0.510000 0.440000
v 0.740000 0.510000 0.440000
v 0.740000 0.510000 0.431000
v 0.730000 0.510000 0.431000
vn -0.000000 1.000000 -0.000000
f 5917/1/1536 5918/2/1536 5919/3/1536 5920/4/1536
usemtl silver
v 0.730000 0.510000 0.431000
v 0.740000 0.510000 0.431000
v 0.740000 0.465000 0.431000
v 0.730000 0.465000 0.431000
vn -0.000000 -0.000000 -1.000000
f 5921/1/1537 5922/2/1537 5923/3/1537 5924/4/1537
usemtl silver
v 0.730000 0.465000 0.440000
v 0.740000 0.465000 0.440000
v 0.740000 0.510000 0.440000
v 0.730000 0.510000 0.440000
vn 0.000000 0.000000 1.000000
f 5925/1/1538 5926/2/1538 5927/3/1538 5928/4/1538
usemtl white
v 0.724000 0.482000 0.526000
v 0.724000 0.499000 0.526000
v 0.724000 0.499000 0.490000
v 0.724000 0.482000 0.490000
vn -1.000000 -0.000000 -0.000000
f 5929/1/1539 5930/2/1539 5931/3/1539 5932/4/1539
usemtl white
v 0.736000 0.482000 0.490000
v 0.736000 0.499000 0.490000
v 0.736000 0.499000 0.526000
v 0.736000 0.482000 0.526000
vn 1.000000 0.000000 0.000000
f 5933/1/1540 5934/2/1540 5935/3/1540 5936/4/1540
usemtl white
v 0.724000 0.482000 0.490000
v 0.736000 0.482000 0.490000
v 0.736000 0.482000 0.526000
v 0.724000 0.482000 0.526000
vn 0.000000 -1.000000 0.000000
f 5937/1/1541 5938/2/1541 5939/3/1541 5940/4/1541
usemtl white
v 0.724000 0.499000 0.526000
v 0.736000 0.499000 0.526000
v 0.736000 0.499000 0.490000
v 0.724000 0.499000 0.490000
vn -0.000000 1.000000 -0.000000
f 5941/1/1542 5942/2/1542 5943/3/1542 5944/4/1542
usemtl white
v 0.724000 0.499000 0.490000
v 0.736000 0.499000 0.490000
v 0.736000 0.482000 0.490000
v 0.724000 0.482000 0.490000
vn -0.000000 -0.000000 -1.000000
f 5945/1/1543 5946/2/1543 5947/3/1543 5948/4/1543
usemtl white
v 0.724000 0.482000 0.526000
v 0.736000 0.482000 0.526000
v 0.736000 0.499000 0.526000
v 0.724000 0.499000 0.526000
vn 0.000000 0.000000 1.000000
f 5949/1/1544 5950/2/1544 5951/3/1544 5952/4/1544
usemtl black
v 0.405000 0.240000 0.490000
v 0.405000 0.305000 0.490000
v 0.405000 0.305000 0.320000
v 0.405000 0.240000 0.320000
vn -1.000000 -0.000000 -0.000000
f 5953/1/1545 5954/2/1545 5955/3/1545 5956/4/1545
usemtl black
v 0.595000 0.240000 0.320000
v 0.595000 0.305000 0.320000
v 0.595000 0.305000 0.490000
v 0.595000 0.240000 0.490000
vn 1.000000 0.000000 0.000000
f 5957/1/1546 5958/2/1546 5959/3/1546 5960/4/1546
usemtl black
v 0.405000 0.240000 0.320000
v 0.595000 0.240000 0.320000
v 0.595000 0.240000 0.490000
v 0.405000 0.240000 0.490000
vn 0.000000 -1.000000 0.000000
f 5961/1/1547 5962/2/1547 5963/3/1547 5964/4/1547
usemtl black
v 0.405000 0.305000 0.490000
v 0.595000 0.305000 0.490000
v 0.595000 0.305000 0.320000
v 0.405000 0.305000 0.320000
vn -0.000000 1.000000 -0.000000
f 5965/1/1548 5966/2/1548 5967/3/1548 5968/4/1548
usemtl black
v 0.405000 0.305000 0.320000
v 0.595000 0.305000 0.320000
v 0.595000 0.240000 0.320000
v 0.405000 0.240000 0.320000
vn -0.000000 -0.000000 -1.000000
f 5969/1/1549 5970/2/1549 5971/3/1549 5972/4/1549
usemtl black
v 0.405000 0.240000 0.490000
v 0.595000 0.240000 0.490000
v 0.595000 0.305000 0.490000
v 0.405000 0.305000 0.490000
vn 0.000000 0.000000 1.000000
f 5973/1/1550 5974/2/1550 5975/3/1550 5976/4/1550
usemtl white
v 0.430000 0.140000 0.465000
v 0.430000 0.240000 0.465000
v 0.430000 0.240000 0.345000
v 0.430000 0.140000 0.345000
vn -1.000000 -0.000000 -0.000000
f 5977/1/1551 5978/2/1551 5979/3/1551 5980/4/1551
usemtl white
v 0.570000 0.140000 0.345000
v 0.570000 0.240000 0.345000
v 0.570000 0.240000 0.465000
v 0.570000 0.140000 0.465000
vn 1.000000 0.000000 0.000000
f 5981/1/1552 5982/2/1552 5983/3/1552 5984/4/1552
usemtl white
v 0.430000 0.140000 0.345000
v 0.570000 0.140000 0.345000
v 0.570000 0.140000 0.465000
v 0.430000 0.140000 0.465000
vn 0.000000 -1.000000 0.000000
f 5985/1/1553 5986/2/1553 5987/3/1553 5988/4/1553
usemtl white
v 0.430000 0.240000 0.465000
v 0.570000 0.240000 0.465000
v 0.570000 0.240000 0.345000
v 0.430000 0.240000 0.345000
vn -0.000000 1.000000 -0.000000
f 5989/1/1554 5990/2/1554 5991/3/1554 5992/4/1554
usemtl white
v 0.430000 0.240000 0.345000
v 0.570000 0.240000 0.345000
v 0.570000 0.140000 0.345000
v 0.430000 0.140000 0.345000
vn -0.000000 -0.000000 -1.000000
f 5993/1/1555 5994/2/1555 5995/3/1555 5996/4/1555
usemtl white
v 0.430000 0.140000 0.465000
v 0.570000 0.140000 0.465000
v 0.570000 0.240000 0.465000
v 0.430000 0.240000 0.465000
vn 0.000000 0.000000 1.000000
f 5997/1/1556 5998/2/1556 5999/3/1556 6000/4/1556
usemtl black
v 0.390000 0.125000 0.495000
v 0.390000 0.150000 0.495000
v 0.390000 0.150000 0.315000
v 0.390000 0.125000 0.315000
vn -1.000000 -0.000000 -0.000000
f 6001/1/1557 6002/2/1557 6003/3/1557 6004/4/1557
usemtl black
v 0.610000 0.125000 0.315000
v 0.610000 0.150000 0.315000
v 0.610000 0.150000 0.495000
v 0.610000 0.125000 0.495000
vn 1.000000 0.000000 0.000000
f 6005/1/1558 6006/2/1558 6007/3/1558 6008/4/1558
usemtl black
v 0.390000 0.125000 0.315000
v 0.610000 0.125000 0.315000
v 0.610000 0.125000 0.495000
v 0.390000 0.125000 0.495000
vn 0.000000 -1.000000 0.000000
f 6009/1/1559 6010/2/1559 6011/3/1559 6012/4/1559
usemtl black
v 0.390000 0.150000 0.495000
v 0.610000 0.150000 0.495000
v 0.610000 0.150000 0.315000
v 0.390000 0.150000 0.315000
vn -0.000000 1.000000 -0.000000
f 6013/1/1560 6014/2/1560 6015/3/1560 6016/4/1560
usemtl black
v 0.390000 0.150000 0.315000
v 0.610000 0.150000 0.315000
v 0.610000 0.125000 0.315000
v 0.390000 0.125000 0.315000
vn -0.000000 -0.000000 -1.000000
f 6017/1/1561 6018/2/1561 6019/3/1561 6020/4/1561
usemtl black
v 0.390000 0.125000 0.495000
v 0.610000 0.125000 0.495000
v 0.610000 0.150000 0.495000
v 0.390000 0.150000 0.495000
vn 0.000000 0.000000 1.000000
f 6021/1/1562 6022/2/1562 6023/3/1562 6024/4/1562
